-- phpMyAdmin SQL Dump
-- version 4.7.3
-- https://www.phpmyadmin.net/
--
-- Host: ironmanauedata.mysql.db
-- Generation Time: Aug 08, 2018 at 05:13 PM
-- Server version: 5.6.39-log
-- PHP Version: 7.0.30

SET SQL_MODE = "NO_AUTO_VALUE_ON_ZERO";
SET AUTOCOMMIT = 0;
START TRANSACTION;
SET time_zone = "+00:00";


/*!40101 SET @OLD_CHARACTER_SET_CLIENT=@@CHARACTER_SET_CLIENT */;
/*!40101 SET @OLD_CHARACTER_SET_RESULTS=@@CHARACTER_SET_RESULTS */;
/*!40101 SET @OLD_COLLATION_CONNECTION=@@COLLATION_CONNECTION */;
/*!40101 SET NAMES utf8mb4 */;

--
-- Database: `ironmanauedata`
--

-- --------------------------------------------------------

--
-- Table structure for table `account`
--

CREATE TABLE `account` (
  `id` int(11) NOT NULL,
  `player_id` int(11) NOT NULL,
  `password` varchar(150) NOT NULL,
  `last_visit` int(16) NOT NULL
) ENGINE=InnoDB DEFAULT CHARSET=latin1;

--
-- Dumping data for table `account`
--

INSERT INTO `account` (`id`, `player_id`, `password`, `last_visit`) VALUES
(1, 27, '$2y$11$ngure1GG/Jpdmbd/0kbx8.4iD5TAL9F9zmHpdFhrDr3YOpe6nMzSe', 1533736199),
(2, 14, '$2y$11$7vxIFXAgxnborvoD9obGe.PyCGzQuX/s3IRRkJneK7wU6de/9hTaK', 0),
(3, 42, '$2y$11$rIOIg6qkS.Qj6C4USLCfwOroiE9bzKZLnMs7BvOGG5FLy.ZNaJbjS', 1533640753);

-- --------------------------------------------------------

--
-- Table structure for table `arena`
--

CREATE TABLE `arena` (
  `id` int(2) NOT NULL,
  `arena_id` int(2) NOT NULL,
  `name` varchar(35) NOT NULL,
  `arena` varchar(35) NOT NULL,
  `trophy_limit` int(5) NOT NULL
) ENGINE=InnoDB DEFAULT CHARSET=utf8;

--
-- Dumping data for table `arena`
--

INSERT INTO `arena` (`id`, `arena_id`, `name`, `arena`, `trophy_limit`) VALUES
(1, 0, 'Training Camp', 'Training Camp', 0),
(2, 1, 'Goblin Stadium', 'Arena 1', 0),
(3, 2, 'Bone Pit', 'Arena 2', 400),
(4, 3, 'Barbarian Bowl', 'Arena 3', 800),
(5, 4, 'P.E.K.K.A\'s Playhouse', 'Arena 4', 1100),
(6, 5, 'Spell Valley', 'Arena 5', 1400),
(7, 6, 'Builder\'s Workshop', 'Arena 6', 1700),
(8, 7, 'Royal Arena', 'Arena 7', 2000),
(9, 8, 'Frozen Peak', 'Arena 8', 2300),
(10, 9, 'Jungle Arena', 'Arena 9', 2600),
(11, 10, 'Hog Mountain', 'Arena 10', 3000),
(12, 11, 'Electro Valley', 'Arena 11', 3400),
(13, 12, 'Legendary Arena', 'Arena 12', 3800),
(14, 13, 'Challenger I', 'League 1', 4000),
(15, 14, 'Challenger II', 'League 2', 4300),
(16, 15, 'Challenger III', 'League 3', 4600),
(17, 16, 'Master I', 'League 4', 4900),
(18, 17, 'Master II', 'League 5', 5200),
(19, 18, 'Master III', 'League 6', 5500),
(20, 19, 'Champion', 'League 7', 5800),
(21, 20, 'Grand Champion', 'League 8', 6100),
(22, 21, 'Ultimate Champion', 'League 9', 6400);

-- --------------------------------------------------------

--
-- Table structure for table `cards`
--

CREATE TABLE `cards` (
  `id` int(6) NOT NULL,
  `card_key` varchar(25) NOT NULL,
  `name` varchar(25) NOT NULL,
  `elixir` int(2) NOT NULL,
  `type` varchar(15) NOT NULL,
  `rarity` varchar(15) NOT NULL,
  `cr_id` int(12) NOT NULL,
  `arena` int(3) NOT NULL
) ENGINE=InnoDB DEFAULT CHARSET=latin1;

--
-- Dumping data for table `cards`
--

INSERT INTO `cards` (`id`, `card_key`, `name`, `elixir`, `type`, `rarity`, `cr_id`, `arena`) VALUES
(1, 'knight', 'Knight', 3, 'Troop', 'Common', 26000000, 0),
(2, 'archers', 'Archers', 3, 'Troop', 'Common', 26000001, 0),
(3, 'goblins', 'Goblins', 2, 'Troop', 'Common', 26000002, 1),
(4, 'giant', 'Giant', 5, 'Troop', 'Rare', 26000003, 0),
(5, 'pekka', 'P.E.K.K.A', 7, 'Troop', 'Epic', 26000004, 4),
(6, 'minions', 'Minions', 3, 'Troop', 'Common', 26000005, 0),
(7, 'balloon', 'Balloon', 5, 'Troop', 'Epic', 26000006, 2),
(8, 'witch', 'Witch', 5, 'Troop', 'Epic', 26000007, 0),
(9, 'barbarians', 'Barbarians', 5, 'Troop', 'Common', 26000008, 3),
(10, 'golem', 'Golem', 8, 'Troop', 'Epic', 26000009, 3),
(11, 'skeletons', 'Skeletons', 1, 'Troop', 'Common', 26000010, 2),
(12, 'valkyrie', 'Valkyrie', 4, 'Troop', 'Rare', 26000011, 2),
(13, 'skeleton-army', 'Skeleton Army', 3, 'Troop', 'Epic', 26000012, 0),
(14, 'bomber', 'Bomber', 3, 'Troop', 'Common', 26000013, 2),
(15, 'musketeer', 'Musketeer', 4, 'Troop', 'Rare', 26000014, 0),
(16, 'baby-dragon', 'Baby Dragon', 4, 'Troop', 'Epic', 26000015, 0),
(17, 'prince', 'Prince', 5, 'Troop', 'Epic', 26000016, 0),
(18, 'wizard', 'Wizard', 5, 'Troop', 'Rare', 26000017, 5),
(19, 'mini-pekka', 'Mini P.E.K.K.A', 4, 'Troop', 'Rare', 26000018, 0),
(20, 'spear-goblins', 'Spear Goblins', 2, 'Troop', 'Common', 26000019, 1),
(21, 'giant-skeleton', 'Giant Skeleton', 6, 'Troop', 'Epic', 26000020, 2),
(22, 'hog-rider', 'Hog Rider', 4, 'Troop', 'Rare', 26000021, 1),
(23, 'minion-horde', 'Minion Horde', 5, 'Troop', 'Common', 26000022, 4),
(24, 'ice-wizard', 'Ice Wizard', 3, 'Troop', 'Legendary', 26000023, 8),
(25, 'royal-giant', 'Royal Giant', 6, 'Troop', 'Common', 26000024, 7),
(26, 'guards', 'Guards', 3, 'Troop', 'Epic', 26000025, 7),
(27, 'princess', 'Princess', 3, 'Troop', 'Legendary', 26000026, 7),
(28, 'dark-prince', 'Dark Prince', 4, 'Troop', 'Epic', 26000027, 7),
(29, 'three-musketeers', 'Three Musketeers', 9, 'Troop', 'Rare', 26000028, 7),
(30, 'lava-hound', 'Lava Hound', 7, 'Troop', 'Legendary', 26000029, 4),
(31, 'ice-spirit', 'Ice Spirit', 1, 'Troop', 'Common', 26000030, 8),
(32, 'fire-spirits', 'Fire Spirits', 2, 'Troop', 'Common', 26000031, 5),
(33, 'miner', 'Miner', 3, 'Troop', 'Legendary', 26000032, 4),
(34, 'sparky', 'Sparky', 6, 'Troop', 'Legendary', 26000033, 11),
(35, 'bowler', 'Bowler', 5, 'Troop', 'Epic', 26000034, 8),
(36, 'lumberjack', 'Lumberjack', 4, 'Troop', 'Legendary', 26000035, 8),
(37, 'battle-ram', 'Battle Ram', 4, 'Troop', 'Rare', 26000036, 3),
(38, 'inferno-dragon', 'Inferno Dragon', 4, 'Troop', 'Legendary', 26000037, 6),
(39, 'ice-golem', 'Ice Golem', 2, 'Troop', 'Rare', 26000038, 8),
(40, 'mega-minion', 'Mega Minion', 3, 'Troop', 'Rare', 26000039, 4),
(41, 'dart-goblin', 'Dart Goblin', 3, 'Troop', 'Rare', 26000040, 9),
(42, 'goblin-gang', 'Goblin Gang', 3, 'Troop', 'Common', 26000041, 9),
(43, 'electro-wizard', 'Electro Wizard', 4, 'Troop', 'Legendary', 26000042, 11),
(44, 'elite-barbarians', 'Elite Barbarians', 6, 'Troop', 'Common', 26000043, 10),
(45, 'hunter', 'Hunter', 4, 'Troop', 'Epic', 26000044, 1),
(46, 'executioner', 'Executioner', 5, 'Troop', 'Epic', 26000045, 9),
(47, 'bandit', 'Bandit', 3, 'Troop', 'Legendary', 26000046, 9),
(48, 'night-witch', 'Night Witch', 4, 'Troop', 'Legendary', 26000048, 5),
(49, 'bats', 'Bats', 2, 'Troop', 'Common', 26000049, 5),
(50, 'royal-ghost', 'Royal Ghost', 3, 'Troop', 'Legendary', 26000050, 7),
(51, 'zappies', 'Zappies', 4, 'Troop', 'Rare', 26000052, 11),
(52, 'rascals', 'Rascals', 5, 'Troop', 'Common', 26000053, 9),
(53, 'cannon-cart', 'Cannon Cart', 5, 'Troop', 'Epic', 26000054, 6),
(54, 'mega-knight', 'Mega Knight', 7, 'Troop', 'Legendary', 26000055, 10),
(55, 'skeleton-barrel', 'Skeleton Barrel', 3, 'Troop', 'Common', 26000056, 6),
(56, 'flying-machine', 'Flying Machine', 4, 'Troop', 'Rare', 26000057, 6),
(57, 'royal-hogs', 'Royal Hogs', 5, 'Troop', 'Rare', 26000059, 10),
(58, 'magic-archer', 'Magic Archer', 4, 'Troop', 'Legendary', 26000062, 10),
(59, 'cannon', 'Cannon', 3, 'Building', 'Common', 27000000, 3),
(60, 'goblin-hut', 'Goblin Hut', 5, 'Building', 'Rare', 27000001, 1),
(61, 'mortar', 'Mortar', 4, 'Building', 'Common', 27000002, 6),
(62, 'inferno-tower', 'Inferno Tower', 5, 'Building', 'Rare', 27000003, 4),
(63, 'bomb-tower', 'Bomb Tower', 5, 'Building', 'Rare', 27000004, 10),
(64, 'barbarian-hut', 'Barbarian Hut', 7, 'Building', 'Rare', 27000005, 3),
(65, 'tesla', 'Tesla', 4, 'Building', 'Common', 27000006, 11),
(66, 'elixir-collector', 'Elixir Collector', 6, 'Building', 'Rare', 27000007, 8),
(67, 'x-bow', 'X-Bow', 6, 'Building', 'Epic', 27000008, 6),
(68, 'tombstone', 'Tombstone', 3, 'Building', 'Rare', 27000009, 2),
(69, 'furnace', 'Furnace', 4, 'Building', 'Rare', 27000010, 5),
(70, 'fireball', 'Fireball', 4, 'Spell', 'Rare', 28000000, 0),
(71, 'arrows', 'Arrows', 3, 'Spell', 'Common', 28000001, 0),
(72, 'rage', 'Rage', 2, 'Spell', 'Epic', 28000002, 10),
(73, 'rocket', 'Rocket', 6, 'Spell', 'Rare', 28000003, 6),
(74, 'goblin-barrel', 'Goblin Barrel', 3, 'Spell', 'Epic', 28000004, 1),
(75, 'freeze', 'Freeze', 4, 'Spell', 'Epic', 28000005, 5),
(76, 'mirror', 'Mirror', 1, 'Spell', 'Epic', 28000006, 11),
(77, 'lightning', 'Lightning', 6, 'Spell', 'Epic', 28000007, 4),
(78, 'zap', 'Zap', 2, 'Spell', 'Common', 28000008, 4),
(79, 'poison', 'Poison', 4, 'Spell', 'Epic', 28000009, 5),
(80, 'graveyard', 'Graveyard', 5, 'Spell', 'Legendary', 28000010, 5),
(81, 'the-log', 'The Log', 2, 'Spell', 'Legendary', 28000011, 6),
(82, 'tornado', 'Tornado', 3, 'Spell', 'Epic', 28000012, 8),
(83, 'clone', 'Clone', 3, 'Spell', 'Epic', 28000013, 11),
(84, 'barbarian-barrel', 'Barbarian Barrel', 3, 'Spell', 'Epic', 28000015, 3),
(85, 'heal', 'Heal', 3, 'Spell', 'Rare', 28000016, 7),
(86, 'giant-snowball', 'Giant Snowball', 2, 'Spell', 'Common', 28000017, 8),
(87, 'royal-recruits', 'Royal Recruits', 8, 'Troop', 'Common', 26000047, 7);

-- --------------------------------------------------------

--
-- Table structure for table `card_deck`
--

CREATE TABLE `card_deck` (
  `id` int(11) NOT NULL,
  `deck_id` int(11) NOT NULL,
  `card_id` int(11) NOT NULL
) ENGINE=InnoDB DEFAULT CHARSET=latin1 COMMENT='Table de jointure - quelles cartes dans quels decks';

--
-- Dumping data for table `card_deck`
--

INSERT INTO `card_deck` (`id`, `deck_id`, `card_id`) VALUES
(1, 1, 42),
(2, 1, 6),
(3, 1, 18),
(4, 1, 70),
(5, 1, 81),
(6, 1, 10),
(7, 1, 68),
(8, 1, 48),
(9, 2, 27),
(10, 2, 78),
(11, 2, 3),
(12, 2, 33),
(13, 2, 32),
(14, 2, 22),
(15, 2, 19),
(16, 2, 6),
(17, 3, 32),
(18, 3, 42),
(19, 3, 23),
(20, 3, 18),
(21, 3, 17),
(22, 3, 74),
(23, 3, 27),
(24, 3, 81),
(25, 4, 65),
(26, 4, 1),
(27, 4, 42),
(28, 4, 74),
(29, 4, 12),
(30, 4, 73),
(31, 4, 31),
(32, 4, 81),
(33, 5, 19),
(34, 5, 16),
(35, 5, 4),
(36, 5, 71),
(37, 5, 15),
(38, 5, 13),
(39, 5, 14),
(40, 5, 8),
(41, 6, 24),
(42, 6, 32),
(43, 6, 47),
(44, 6, 34),
(45, 6, 16),
(46, 6, 70),
(47, 6, 1),
(48, 6, 61),
(49, 7, 15),
(50, 7, 33),
(51, 7, 12),
(52, 7, 13),
(53, 7, 70),
(54, 7, 22),
(55, 7, 18),
(56, 7, 75),
(57, 8, 71),
(58, 8, 68),
(59, 8, 40),
(60, 8, 15),
(61, 8, 4),
(62, 8, 35),
(63, 8, 77),
(64, 8, 81),
(65, 9, 44),
(66, 9, 23),
(67, 9, 78),
(68, 9, 74),
(69, 9, 81),
(70, 9, 33),
(71, 9, 27),
(72, 9, 8),
(73, 10, 82),
(74, 10, 28),
(75, 10, 69),
(76, 10, 12),
(77, 10, 18),
(78, 10, 57),
(79, 10, 81),
(80, 10, 41),
(81, 11, 81),
(82, 11, 4),
(83, 11, 38),
(84, 11, 70),
(85, 11, 68),
(86, 11, 43),
(87, 11, 46),
(88, 11, 44),
(89, 12, 36),
(90, 12, 54),
(91, 12, 7),
(92, 12, 43),
(93, 12, 13),
(94, 12, 16),
(95, 12, 81),
(96, 12, 78),
(97, 13, 72),
(98, 13, 78),
(99, 13, 81),
(100, 13, 6),
(101, 13, 4),
(102, 13, 8),
(103, 13, 18),
(104, 13, 33),
(105, 14, 65),
(106, 14, 12),
(107, 14, 70),
(108, 14, 38),
(109, 14, 78),
(110, 14, 22),
(111, 14, 46),
(112, 14, 36),
(113, 15, 42),
(114, 15, 29),
(115, 15, 66),
(116, 15, 28),
(117, 15, 37),
(118, 15, 78),
(119, 15, 23),
(120, 15, 50),
(121, 16, 72),
(122, 16, 43),
(123, 16, 12),
(124, 16, 1),
(125, 16, 70),
(126, 16, 27),
(127, 16, 22),
(128, 16, 16),
(129, 17, 70),
(130, 17, 38),
(131, 17, 13),
(132, 17, 22),
(133, 17, 27),
(134, 17, 42),
(135, 17, 81),
(136, 17, 44),
(137, 18, 58),
(138, 18, 24),
(139, 18, 43),
(140, 18, 38),
(141, 18, 77),
(142, 18, 10),
(143, 18, 23),
(144, 18, 1),
(145, 19, 20),
(146, 19, 78),
(147, 19, 18),
(148, 19, 22),
(149, 19, 79),
(150, 19, 75),
(151, 19, 17),
(152, 19, 28),
(153, 20, 44),
(154, 20, 22),
(155, 20, 63),
(156, 20, 32),
(157, 20, 75),
(158, 20, 6),
(159, 20, 40),
(160, 20, 12),
(161, 21, 9),
(162, 21, 75),
(163, 21, 22),
(164, 21, 13),
(165, 21, 70),
(166, 21, 32),
(167, 21, 6),
(168, 21, 19),
(169, 22, 17),
(170, 22, 16),
(171, 22, 22),
(172, 22, 15),
(173, 22, 36),
(174, 22, 2),
(175, 22, 71),
(176, 22, 14),
(177, 23, 11),
(178, 23, 82),
(179, 23, 40),
(180, 23, 46),
(181, 23, 1),
(182, 23, 73),
(183, 23, 81),
(184, 23, 33),
(185, 24, 19),
(186, 24, 54),
(187, 24, 78),
(188, 24, 49),
(189, 24, 28),
(190, 24, 41),
(191, 24, 18),
(192, 24, 42),
(193, 25, 22),
(194, 25, 81),
(195, 25, 18),
(196, 25, 5),
(197, 25, 43),
(198, 25, 27),
(199, 25, 49),
(200, 25, 70),
(201, 26, 13),
(202, 26, 19),
(203, 26, 18),
(204, 26, 6),
(205, 26, 37),
(206, 26, 71),
(207, 26, 36),
(208, 26, 43),
(209, 27, 7),
(210, 27, 71),
(211, 27, 32),
(212, 27, 12),
(213, 27, 75),
(214, 27, 38),
(215, 27, 6),
(216, 27, 10),
(217, 28, 34),
(218, 28, 1),
(219, 28, 23),
(220, 28, 42),
(221, 28, 2),
(222, 28, 20),
(223, 28, 6),
(224, 28, 48),
(225, 29, 13),
(226, 29, 15),
(227, 29, 72),
(228, 29, 43),
(229, 29, 74),
(230, 29, 12),
(231, 29, 71),
(232, 29, 7),
(233, 30, 70),
(234, 30, 47),
(235, 30, 76),
(236, 30, 78),
(237, 30, 5),
(238, 30, 71),
(239, 30, 23),
(240, 30, 8),
(241, 31, 54),
(242, 31, 58),
(243, 31, 86),
(244, 31, 50),
(245, 31, 52),
(246, 31, 72),
(247, 31, 5),
(248, 31, 85),
(249, 32, 18),
(250, 32, 8),
(251, 32, 7),
(252, 32, 13),
(253, 32, 72),
(254, 32, 38),
(255, 32, 53),
(256, 32, 46),
(257, 33, 23),
(258, 33, 62),
(259, 33, 16),
(260, 33, 72),
(261, 33, 12),
(262, 33, 22),
(263, 33, 44),
(264, 33, 18),
(265, 34, 50),
(266, 34, 72),
(267, 34, 6),
(268, 34, 42),
(269, 34, 71),
(270, 34, 21),
(271, 34, 19),
(272, 34, 33),
(273, 35, 5),
(274, 35, 72),
(275, 35, 12),
(276, 35, 81),
(277, 35, 18),
(278, 35, 62),
(279, 35, 82),
(280, 35, 75),
(281, 36, 78),
(282, 36, 22),
(283, 36, 60),
(284, 36, 42),
(285, 36, 18),
(286, 36, 12),
(287, 36, 69),
(288, 36, 75),
(289, 37, 42),
(290, 37, 40),
(291, 37, 10),
(292, 37, 16),
(293, 37, 36),
(294, 37, 56),
(295, 37, 78),
(296, 37, 77),
(297, 38, 42),
(298, 38, 78),
(299, 38, 83),
(300, 38, 27),
(301, 38, 26),
(302, 38, 21),
(303, 38, 55),
(304, 38, 6),
(305, 39, 15),
(306, 39, 13),
(307, 39, 74),
(308, 39, 33),
(309, 39, 27),
(310, 39, 69),
(311, 39, 23),
(312, 39, 81),
(313, 40, 24),
(314, 40, 33),
(315, 40, 43),
(316, 40, 30),
(317, 40, 38),
(318, 40, 27),
(319, 40, 47),
(320, 40, 81),
(321, 41, 13),
(322, 41, 71),
(323, 41, 38),
(324, 41, 16),
(325, 41, 7),
(326, 41, 31),
(327, 41, 30),
(328, 41, 23),
(329, 42, 79),
(330, 42, 22),
(331, 42, 12),
(332, 42, 69),
(333, 42, 23),
(334, 42, 78),
(335, 42, 11),
(336, 42, 42),
(337, 43, 27),
(338, 43, 22),
(339, 43, 3),
(340, 43, 33),
(341, 43, 32),
(342, 43, 40),
(343, 43, 19),
(344, 43, 6),
(345, 44, 7),
(346, 44, 16),
(347, 44, 2),
(348, 44, 71),
(349, 44, 27),
(350, 44, 13),
(351, 44, 54),
(352, 44, 43),
(353, 45, 78),
(354, 45, 16),
(355, 45, 19),
(356, 45, 71),
(357, 45, 14),
(358, 45, 72),
(359, 45, 18),
(360, 45, 10),
(361, 46, 50),
(362, 46, 70),
(363, 46, 22),
(364, 46, 32),
(365, 46, 12),
(366, 46, 19),
(367, 46, 43),
(368, 46, 46),
(369, 47, 23),
(370, 47, 72),
(371, 47, 16),
(372, 47, 36),
(373, 47, 69),
(374, 47, 7),
(375, 47, 74),
(376, 47, 71),
(377, 48, 10),
(378, 48, 66),
(379, 48, 3),
(380, 48, 78),
(381, 48, 6),
(382, 48, 18),
(383, 48, 12),
(384, 48, 80),
(385, 49, 1),
(386, 49, 18),
(387, 49, 40),
(388, 49, 15),
(389, 49, 8),
(390, 49, 82),
(391, 49, 29),
(392, 49, 44),
(393, 50, 16),
(394, 50, 70),
(395, 50, 32),
(396, 50, 38),
(397, 50, 57),
(398, 50, 20),
(399, 50, 6),
(400, 50, 74),
(401, 51, 17),
(402, 51, 28),
(403, 51, 16),
(404, 51, 38),
(405, 51, 44),
(406, 51, 79),
(407, 51, 68),
(408, 51, 74),
(409, 52, 2),
(410, 52, 16),
(411, 52, 43),
(412, 52, 71),
(413, 52, 7),
(414, 52, 27),
(415, 52, 12),
(416, 52, 14),
(417, 53, 16),
(418, 53, 7),
(419, 53, 43),
(420, 53, 71),
(421, 53, 12),
(422, 53, 6),
(423, 53, 2),
(424, 53, 40),
(425, 54, 44),
(426, 54, 74),
(427, 54, 15),
(428, 54, 6),
(429, 54, 71),
(430, 54, 68),
(431, 54, 12),
(432, 54, 16),
(433, 55, 70),
(434, 55, 38),
(435, 55, 27),
(436, 55, 44),
(437, 55, 69),
(438, 55, 20),
(439, 55, 74),
(440, 55, 2),
(441, 56, 81),
(442, 56, 27),
(443, 56, 74),
(444, 56, 34),
(445, 56, 23),
(446, 56, 71),
(447, 56, 15),
(448, 56, 12),
(449, 57, 12),
(450, 57, 7),
(451, 57, 71),
(452, 57, 74),
(453, 57, 15),
(454, 57, 14),
(455, 57, 43),
(456, 57, 32),
(457, 58, 15),
(458, 58, 12),
(459, 58, 44),
(460, 58, 40),
(461, 58, 70),
(462, 58, 59),
(463, 58, 27),
(464, 58, 6),
(465, 59, 32),
(466, 59, 74),
(467, 59, 17),
(468, 59, 81),
(469, 59, 27),
(470, 59, 23),
(471, 59, 16),
(472, 59, 45),
(473, 60, 14),
(474, 60, 12),
(475, 60, 27),
(476, 60, 15),
(477, 60, 28),
(478, 60, 71),
(479, 60, 56),
(480, 60, 57),
(481, 61, 28),
(482, 61, 36),
(483, 61, 6),
(484, 61, 45),
(485, 61, 16),
(486, 61, 9),
(487, 61, 81),
(488, 61, 32),
(489, 62, 12),
(490, 62, 17),
(491, 62, 7),
(492, 62, 32),
(493, 62, 71),
(494, 62, 75),
(495, 62, 6),
(496, 62, 2),
(497, 63, 7),
(498, 63, 16),
(499, 63, 15),
(500, 63, 43),
(501, 63, 14),
(502, 63, 74),
(503, 63, 71),
(504, 63, 38),
(505, 64, 16),
(506, 64, 15),
(507, 64, 51),
(508, 64, 57),
(509, 64, 86),
(510, 64, 32),
(511, 64, 56),
(512, 64, 27),
(513, 65, 6),
(514, 65, 15),
(515, 65, 12),
(516, 65, 43),
(517, 65, 71),
(518, 65, 70),
(519, 65, 17),
(520, 65, 7),
(521, 66, 63),
(522, 66, 12),
(523, 66, 75),
(524, 66, 6),
(525, 66, 44),
(526, 66, 57),
(527, 66, 32),
(528, 66, 40),
(529, 67, 15),
(530, 67, 17),
(531, 67, 6),
(532, 67, 70),
(533, 67, 38),
(534, 67, 27),
(535, 67, 28),
(536, 67, 43),
(537, 68, 44),
(538, 68, 36),
(539, 68, 43),
(540, 68, 27),
(541, 68, 81),
(542, 68, 70),
(543, 68, 16),
(544, 68, 6),
(545, 69, 32),
(546, 69, 44),
(547, 69, 6),
(548, 69, 70),
(549, 69, 34),
(550, 69, 69),
(551, 69, 20),
(552, 69, 23),
(553, 70, 81),
(554, 70, 38),
(555, 70, 16),
(556, 70, 7),
(557, 70, 12),
(558, 70, 70),
(559, 70, 43),
(560, 70, 36),
(561, 71, 17),
(562, 71, 12),
(563, 71, 56),
(564, 71, 6),
(565, 71, 79),
(566, 71, 57),
(567, 71, 32),
(568, 71, 15),
(569, 72, 71),
(570, 72, 81),
(571, 72, 34),
(572, 72, 36),
(573, 72, 43),
(574, 72, 7),
(575, 72, 16),
(576, 72, 74),
(577, 73, 27),
(578, 73, 40),
(579, 73, 16),
(580, 73, 12),
(581, 73, 43),
(582, 73, 70),
(583, 73, 36),
(584, 73, 57),
(585, 74, 34),
(586, 74, 16),
(587, 74, 68),
(588, 74, 81),
(589, 74, 71),
(590, 74, 77),
(591, 74, 40),
(592, 74, 15),
(593, 75, 17),
(594, 75, 28),
(595, 75, 75),
(596, 75, 79),
(597, 75, 57),
(598, 75, 20),
(599, 75, 32),
(600, 75, 15),
(601, 76, 44),
(602, 76, 81),
(603, 76, 71),
(604, 76, 40),
(605, 76, 27),
(606, 76, 6),
(607, 76, 32),
(608, 76, 28),
(609, 77, 32),
(610, 77, 12),
(611, 77, 74),
(612, 77, 23),
(613, 77, 81),
(614, 77, 16),
(615, 77, 17),
(616, 77, 45),
(617, 78, 59),
(618, 78, 6),
(619, 78, 74),
(620, 78, 20),
(621, 78, 71),
(622, 78, 17),
(623, 78, 28),
(624, 78, 32),
(625, 79, 81),
(626, 79, 38),
(627, 79, 7),
(628, 79, 23),
(629, 79, 75),
(630, 79, 70),
(631, 79, 28),
(632, 79, 14),
(633, 80, 16),
(634, 80, 74),
(635, 80, 71),
(636, 80, 7),
(637, 80, 23),
(638, 80, 69),
(639, 80, 36),
(640, 80, 81),
(641, 81, 17),
(642, 81, 28),
(643, 81, 36),
(644, 81, 12),
(645, 81, 27),
(646, 81, 6),
(647, 81, 71),
(648, 81, 81),
(649, 82, 12),
(650, 82, 75),
(651, 82, 17),
(652, 82, 81),
(653, 82, 27),
(654, 82, 15),
(655, 82, 16),
(656, 82, 7),
(657, 83, 81),
(658, 83, 38),
(659, 83, 43),
(660, 83, 70),
(661, 83, 44),
(662, 83, 32),
(663, 83, 23),
(664, 83, 39),
(681, 86, 15),
(682, 86, 74),
(683, 86, 69),
(684, 86, 81),
(685, 86, 44),
(686, 86, 27),
(687, 86, 2),
(688, 86, 23),
(689, 87, 1),
(690, 87, 23),
(691, 87, 19),
(692, 87, 70),
(693, 87, 18),
(694, 87, 17),
(695, 87, 24),
(696, 87, 81),
(697, 88, 41),
(698, 88, 16),
(699, 88, 5),
(700, 88, 37),
(701, 88, 42),
(702, 88, 11),
(703, 88, 78),
(704, 88, 77),
(705, 89, 71),
(706, 89, 15),
(707, 89, 74),
(708, 89, 38),
(709, 89, 14),
(710, 89, 12),
(711, 89, 9),
(712, 89, 4),
(713, 90, 7),
(714, 90, 16),
(715, 90, 2),
(716, 90, 71),
(717, 90, 47),
(718, 90, 13),
(719, 90, 54),
(720, 90, 43),
(721, 91, 8),
(722, 91, 22),
(723, 91, 18),
(724, 91, 33),
(725, 91, 78),
(726, 91, 4),
(727, 91, 6),
(728, 91, 72),
(729, 92, 65),
(730, 92, 12),
(731, 92, 7),
(732, 92, 38),
(733, 92, 78),
(734, 92, 22),
(735, 92, 46),
(736, 92, 36),
(737, 93, 24),
(738, 93, 72),
(739, 93, 12),
(740, 93, 81),
(741, 93, 18),
(742, 93, 62),
(743, 93, 82),
(744, 93, 75),
(745, 94, 49),
(746, 94, 22),
(747, 94, 40),
(748, 94, 54),
(749, 94, 8),
(750, 94, 37),
(751, 94, 43),
(752, 94, 78),
(753, 95, 16),
(754, 95, 13),
(755, 95, 26),
(756, 95, 28),
(757, 95, 22),
(758, 95, 45),
(759, 95, 79),
(760, 95, 17),
(761, 96, 31),
(762, 96, 86),
(763, 96, 11),
(764, 96, 78),
(765, 96, 74),
(766, 96, 82),
(767, 96, 83),
(768, 96, 59),
(769, 97, 78),
(770, 97, 13),
(771, 97, 74),
(772, 97, 22),
(773, 97, 12),
(774, 97, 18),
(775, 97, 23),
(776, 97, 17),
(921, 116, 67),
(922, 116, 6),
(923, 116, 65),
(924, 116, 38),
(925, 116, 12),
(926, 116, 81),
(927, 116, 39),
(928, 116, 32),
(929, 117, 66),
(930, 117, 42),
(931, 117, 39),
(932, 117, 33),
(933, 117, 23),
(934, 117, 78),
(935, 117, 37),
(936, 117, 29),
(937, 118, 27),
(938, 118, 22),
(939, 118, 78),
(940, 118, 33),
(941, 118, 32),
(942, 118, 40),
(943, 118, 19),
(944, 118, 6),
(945, 119, 72),
(946, 119, 83),
(947, 119, 76),
(948, 119, 18),
(949, 119, 6),
(950, 119, 62),
(951, 119, 3),
(952, 119, 74),
(953, 120, 81),
(954, 120, 24),
(955, 120, 1),
(956, 120, 86),
(957, 120, 78),
(958, 120, 31),
(959, 120, 20),
(960, 120, 12),
(961, 121, 46),
(962, 121, 47),
(963, 121, 49),
(964, 121, 13),
(965, 121, 17),
(966, 121, 36),
(967, 121, 70),
(968, 121, 38),
(969, 122, 12),
(970, 122, 4),
(971, 122, 14),
(972, 122, 6),
(973, 122, 45),
(974, 122, 79),
(975, 122, 17),
(976, 122, 47),
(977, 123, 24),
(978, 123, 70),
(979, 123, 17),
(980, 123, 4),
(981, 123, 78),
(982, 123, 58),
(983, 123, 23),
(984, 123, 47),
(985, 124, 37),
(986, 124, 29),
(987, 124, 66),
(988, 124, 78),
(989, 124, 47),
(990, 124, 6),
(991, 124, 72),
(992, 124, 12),
(993, 125, 80),
(994, 125, 4),
(995, 125, 69),
(996, 125, 79),
(997, 125, 83),
(998, 125, 6),
(999, 125, 2),
(1000, 125, 78),
(1001, 126, 56),
(1002, 126, 18),
(1003, 126, 40),
(1004, 126, 15),
(1005, 126, 8),
(1006, 126, 82),
(1007, 126, 29),
(1008, 126, 33),
(1009, 127, 72),
(1010, 127, 80),
(1011, 127, 25),
(1012, 127, 53),
(1013, 127, 12),
(1014, 127, 23),
(1015, 127, 70),
(1016, 127, 74),
(1017, 128, 78),
(1018, 128, 74),
(1019, 128, 56),
(1020, 128, 17),
(1021, 128, 28),
(1022, 128, 80),
(1023, 128, 71),
(1024, 128, 24),
(1025, 129, 77),
(1026, 129, 47),
(1027, 129, 48),
(1028, 129, 28),
(1029, 129, 56),
(1030, 129, 21),
(1031, 129, 71),
(1032, 129, 52),
(1033, 130, 74),
(1034, 130, 12),
(1035, 130, 57),
(1036, 130, 70),
(1037, 130, 51),
(1038, 130, 28),
(1039, 130, 45),
(1040, 130, 37),
(1041, 131, 6),
(1042, 131, 71),
(1043, 131, 74),
(1044, 131, 47),
(1045, 131, 56),
(1046, 131, 12),
(1047, 131, 28),
(1048, 131, 17),
(1049, 132, 78),
(1050, 132, 47),
(1051, 132, 70),
(1052, 132, 12),
(1053, 132, 24),
(1054, 132, 37),
(1055, 132, 48),
(1056, 132, 17),
(1057, 133, 2),
(1058, 133, 58),
(1059, 133, 78),
(1060, 133, 70),
(1061, 133, 21),
(1062, 133, 12),
(1063, 133, 6),
(1064, 133, 17),
(1065, 134, 17),
(1066, 134, 12),
(1067, 134, 78),
(1068, 134, 32),
(1069, 134, 13),
(1070, 134, 65),
(1071, 134, 70),
(1072, 134, 23),
(1073, 135, 74),
(1074, 135, 71),
(1075, 135, 23),
(1076, 135, 69),
(1077, 135, 72),
(1078, 135, 83),
(1079, 135, 21),
(1080, 135, 17),
(1081, 136, 24),
(1082, 136, 72),
(1083, 136, 12),
(1084, 136, 81),
(1085, 136, 18),
(1086, 136, 62),
(1087, 136, 7),
(1088, 136, 75),
(1089, 137, 23),
(1090, 137, 24),
(1091, 137, 25),
(1092, 137, 78),
(1093, 137, 69),
(1094, 137, 70),
(1095, 137, 38),
(1096, 137, 6),
(1097, 138, 4),
(1098, 138, 17),
(1099, 138, 12),
(1100, 138, 38),
(1101, 138, 14),
(1102, 138, 71),
(1103, 138, 6),
(1104, 138, 24),
(1105, 139, 78),
(1106, 139, 47),
(1107, 139, 70),
(1108, 139, 12),
(1109, 139, 17),
(1110, 139, 37),
(1111, 139, 6),
(1112, 139, 45),
(1113, 140, 6),
(1114, 140, 78),
(1115, 140, 24),
(1116, 140, 28),
(1117, 140, 17),
(1118, 140, 79),
(1119, 140, 74),
(1120, 140, 23),
(1121, 141, 23),
(1122, 141, 77),
(1123, 141, 38),
(1124, 141, 24),
(1125, 141, 58),
(1126, 141, 4),
(1127, 141, 66),
(1128, 141, 78),
(1129, 142, 4),
(1130, 142, 12),
(1131, 142, 2),
(1132, 142, 24),
(1133, 142, 17),
(1134, 142, 6),
(1135, 142, 78),
(1136, 142, 56),
(1137, 143, 29),
(1138, 143, 79),
(1139, 143, 78),
(1140, 143, 2),
(1141, 143, 66),
(1142, 143, 12),
(1143, 143, 37),
(1144, 143, 24),
(1145, 144, 81),
(1146, 144, 2),
(1147, 144, 67),
(1148, 144, 39),
(1149, 144, 32),
(1150, 144, 65),
(1151, 144, 70),
(1152, 144, 11),
(1153, 145, 37),
(1154, 145, 29),
(1155, 145, 66),
(1156, 145, 28),
(1157, 145, 47),
(1158, 145, 23),
(1159, 145, 78),
(1160, 145, 74),
(1161, 146, 37),
(1162, 146, 24),
(1163, 146, 48),
(1164, 146, 12),
(1165, 146, 79),
(1166, 146, 78),
(1167, 146, 28),
(1168, 146, 47),
(1169, 147, 70),
(1170, 147, 56),
(1171, 147, 78),
(1172, 147, 23),
(1173, 147, 37),
(1174, 147, 17),
(1175, 147, 79),
(1176, 147, 2),
(1177, 148, 4),
(1178, 148, 66),
(1179, 148, 29),
(1180, 148, 12),
(1181, 148, 70),
(1182, 148, 74),
(1183, 148, 38),
(1184, 148, 14),
(1185, 149, 71),
(1186, 149, 2),
(1187, 149, 12),
(1188, 149, 47),
(1189, 149, 24),
(1190, 149, 38),
(1191, 149, 58),
(1192, 149, 14),
(1193, 150, 70),
(1194, 150, 61),
(1195, 150, 47),
(1196, 150, 24),
(1197, 150, 72),
(1198, 150, 57),
(1199, 150, 6),
(1200, 150, 48),
(1201, 151, 17),
(1202, 151, 74),
(1203, 151, 23),
(1204, 151, 58),
(1205, 151, 70),
(1206, 151, 47),
(1207, 151, 24),
(1208, 151, 12),
(1209, 152, 38),
(1210, 152, 2),
(1211, 152, 70),
(1212, 152, 57),
(1213, 152, 74),
(1214, 152, 17),
(1215, 152, 6),
(1216, 152, 47),
(1217, 153, 12),
(1218, 153, 71),
(1219, 153, 66),
(1220, 153, 29),
(1221, 153, 2),
(1222, 153, 24),
(1223, 153, 51),
(1224, 153, 52),
(1225, 154, 32),
(1226, 154, 27),
(1227, 154, 23),
(1228, 154, 20),
(1229, 154, 70),
(1230, 154, 22),
(1231, 154, 13),
(1232, 154, 28),
(1233, 155, 13),
(1234, 155, 18),
(1235, 155, 12),
(1236, 155, 43),
(1237, 155, 16),
(1238, 155, 8),
(1239, 155, 7),
(1240, 155, 47),
(1241, 156, 8),
(1242, 156, 12),
(1243, 156, 13),
(1244, 156, 16),
(1245, 156, 17),
(1246, 156, 62),
(1247, 156, 70),
(1248, 156, 74),
(1249, 157, 6),
(1250, 157, 21),
(1251, 157, 71),
(1252, 157, 72),
(1253, 157, 57),
(1254, 157, 24),
(1255, 157, 14),
(1256, 157, 38),
(1257, 158, 58),
(1258, 158, 4),
(1259, 158, 51),
(1260, 158, 78),
(1261, 158, 28),
(1262, 158, 6),
(1263, 158, 47),
(1264, 158, 70),
(1265, 159, 23),
(1266, 159, 72),
(1267, 159, 16),
(1268, 159, 36),
(1269, 159, 69),
(1270, 159, 10),
(1271, 159, 74),
(1272, 159, 71),
(1273, 160, 1),
(1274, 160, 6),
(1275, 160, 42),
(1276, 160, 71),
(1277, 160, 59),
(1278, 160, 73),
(1279, 160, 74),
(1280, 160, 27),
(1281, 161, 12),
(1282, 161, 70),
(1283, 161, 45),
(1284, 161, 74),
(1285, 161, 24),
(1286, 161, 17),
(1287, 161, 23),
(1288, 161, 78),
(1289, 162, 21),
(1290, 162, 6),
(1291, 162, 17),
(1292, 162, 70),
(1293, 162, 24),
(1294, 162, 47),
(1295, 162, 72),
(1296, 162, 74),
(1297, 163, 26),
(1298, 163, 36),
(1299, 163, 40),
(1300, 163, 16),
(1301, 163, 10),
(1302, 163, 56),
(1303, 163, 78),
(1304, 163, 79),
(1305, 164, 17),
(1306, 164, 70),
(1307, 164, 6),
(1308, 164, 74),
(1309, 164, 12),
(1310, 164, 38),
(1311, 164, 28),
(1312, 164, 47),
(1313, 165, 72),
(1314, 165, 74),
(1315, 165, 71),
(1316, 165, 12),
(1317, 165, 14),
(1318, 165, 6),
(1319, 165, 21),
(1320, 165, 83),
(1321, 166, 10),
(1322, 166, 16),
(1323, 166, 49),
(1324, 166, 24),
(1325, 166, 77),
(1326, 166, 78),
(1327, 166, 19),
(1328, 166, 66),
(1329, 167, 25),
(1330, 167, 44),
(1331, 167, 38),
(1332, 167, 78),
(1333, 167, 33),
(1334, 167, 42),
(1335, 167, 24),
(1336, 167, 79),
(1337, 168, 74),
(1338, 168, 69),
(1339, 168, 23),
(1340, 168, 2),
(1341, 168, 25),
(1342, 168, 24),
(1343, 168, 14),
(1344, 168, 12),
(1345, 169, 20),
(1346, 169, 86),
(1347, 169, 31),
(1348, 169, 72),
(1349, 169, 11),
(1350, 169, 78),
(1351, 169, 49),
(1352, 169, 32),
(1353, 170, 39),
(1354, 170, 22),
(1355, 170, 15),
(1356, 170, 70),
(1357, 170, 31),
(1358, 170, 11),
(1359, 170, 59),
(1360, 170, 81),
(1361, 171, 81),
(1362, 171, 66),
(1363, 171, 29),
(1364, 171, 37),
(1365, 171, 31),
(1366, 171, 43),
(1367, 171, 39),
(1368, 171, 32),
(1369, 172, 42),
(1370, 172, 22),
(1371, 172, 6),
(1372, 172, 73),
(1373, 172, 47),
(1374, 172, 1),
(1375, 172, 59),
(1376, 172, 81),
(1377, 173, 78),
(1378, 173, 66),
(1379, 173, 29),
(1380, 173, 37),
(1381, 173, 31),
(1382, 173, 43),
(1383, 173, 39),
(1384, 173, 48),
(1385, 174, 42),
(1386, 174, 74),
(1387, 174, 6),
(1388, 174, 73),
(1389, 174, 47),
(1390, 174, 1),
(1391, 174, 59),
(1392, 174, 71),
(1393, 175, 61),
(1394, 175, 1),
(1395, 175, 2),
(1396, 175, 31),
(1397, 175, 11),
(1398, 175, 82),
(1399, 175, 78),
(1400, 175, 73),
(1401, 176, 42),
(1402, 176, 78),
(1403, 176, 22),
(1404, 176, 82),
(1405, 176, 12),
(1406, 176, 75),
(1407, 176, 70),
(1408, 176, 18),
(1409, 177, 18),
(1410, 177, 8),
(1411, 177, 7),
(1412, 177, 13),
(1413, 177, 72),
(1414, 177, 38),
(1415, 177, 36),
(1416, 177, 46),
(1417, 178, 48),
(1418, 178, 36),
(1419, 178, 27),
(1420, 178, 30),
(1421, 178, 47),
(1422, 178, 50),
(1423, 178, 43),
(1424, 178, 33),
(1425, 179, 2),
(1426, 179, 58),
(1427, 179, 27),
(1428, 179, 34),
(1429, 179, 72),
(1430, 179, 44),
(1431, 179, 26),
(1432, 179, 78),
(1433, 180, 57),
(1434, 180, 19),
(1435, 180, 33),
(1436, 180, 72),
(1437, 180, 42),
(1438, 180, 71),
(1439, 180, 83),
(1440, 180, 6),
(1441, 181, 2),
(1442, 181, 58),
(1443, 181, 73),
(1444, 181, 1),
(1445, 181, 72),
(1446, 181, 44),
(1447, 181, 26),
(1448, 181, 78),
(1449, 182, 29),
(1450, 182, 37),
(1451, 182, 39),
(1452, 182, 33),
(1453, 182, 78),
(1454, 182, 66),
(1455, 182, 51),
(1456, 182, 48),
(1457, 183, 19),
(1458, 183, 69),
(1459, 183, 78),
(1460, 183, 49),
(1461, 183, 27),
(1462, 183, 39),
(1463, 183, 28),
(1464, 183, 40),
(1465, 184, 39),
(1466, 184, 6),
(1467, 184, 38),
(1468, 184, 78),
(1469, 184, 36),
(1470, 184, 26),
(1471, 184, 22),
(1472, 184, 70),
(1473, 185, 46),
(1474, 185, 34),
(1475, 185, 65),
(1476, 185, 32),
(1477, 185, 44),
(1478, 185, 19),
(1479, 185, 24),
(1480, 185, 37),
(1481, 186, 27),
(1482, 186, 46),
(1483, 186, 44),
(1484, 186, 24),
(1485, 186, 69),
(1486, 186, 49),
(1487, 186, 28),
(1488, 186, 2),
(1489, 187, 65),
(1490, 187, 40),
(1491, 187, 32),
(1492, 187, 21),
(1493, 187, 78),
(1494, 187, 46),
(1495, 187, 44),
(1496, 187, 1),
(1497, 188, 19),
(1498, 188, 29),
(1499, 188, 66),
(1500, 188, 78),
(1501, 188, 2),
(1502, 188, 37),
(1503, 188, 24),
(1504, 188, 26),
(1505, 189, 72),
(1506, 189, 26),
(1507, 189, 1),
(1508, 189, 19),
(1509, 189, 32),
(1510, 189, 28),
(1511, 189, 66),
(1512, 189, 10),
(1513, 190, 78),
(1514, 190, 19),
(1515, 190, 1),
(1516, 190, 33),
(1517, 190, 24),
(1518, 190, 65),
(1519, 190, 46),
(1520, 190, 34),
(1521, 191, 33),
(1522, 191, 65),
(1523, 191, 49),
(1524, 191, 32),
(1525, 191, 1),
(1526, 191, 28),
(1527, 191, 78),
(1528, 191, 27),
(1529, 192, 34),
(1530, 192, 78),
(1531, 192, 65),
(1532, 192, 26),
(1533, 192, 77),
(1534, 192, 33),
(1535, 192, 40),
(1536, 192, 24),
(1537, 193, 10),
(1538, 193, 24),
(1539, 193, 40),
(1540, 193, 49),
(1541, 193, 19),
(1542, 193, 78),
(1543, 193, 48),
(1544, 193, 2),
(1545, 194, 72),
(1546, 194, 27),
(1547, 194, 1),
(1548, 194, 40),
(1549, 194, 10),
(1550, 194, 51),
(1551, 194, 19),
(1552, 194, 32),
(1553, 195, 1),
(1554, 195, 69),
(1555, 195, 27),
(1556, 195, 24),
(1557, 195, 44),
(1558, 195, 78),
(1559, 195, 2),
(1560, 195, 65),
(1561, 196, 33),
(1562, 196, 69),
(1563, 196, 27),
(1564, 196, 24),
(1565, 196, 44),
(1566, 196, 78),
(1567, 196, 2),
(1568, 196, 46),
(1569, 197, 72),
(1570, 197, 69),
(1571, 197, 48),
(1572, 197, 44),
(1573, 197, 27),
(1574, 197, 37),
(1575, 197, 2),
(1576, 197, 21),
(1577, 198, 32),
(1578, 198, 44),
(1579, 198, 10),
(1580, 198, 24),
(1581, 198, 27),
(1582, 198, 65),
(1583, 198, 69),
(1584, 198, 76),
(1585, 199, 44),
(1586, 199, 27),
(1587, 199, 32),
(1588, 199, 19),
(1589, 199, 72),
(1590, 199, 78),
(1591, 199, 33),
(1592, 199, 46),
(1593, 200, 66),
(1594, 200, 29),
(1595, 200, 68),
(1596, 200, 1),
(1597, 200, 26),
(1598, 200, 48),
(1599, 200, 78),
(1600, 200, 40),
(1601, 201, 32),
(1602, 201, 40),
(1603, 201, 19),
(1604, 201, 49),
(1605, 201, 27),
(1606, 201, 9),
(1607, 201, 77),
(1608, 201, 78),
(1609, 202, 36),
(1610, 202, 13),
(1611, 202, 7),
(1612, 202, 43),
(1613, 202, 65),
(1614, 202, 16),
(1615, 202, 81),
(1616, 202, 78),
(1617, 203, 34),
(1618, 203, 21),
(1619, 203, 68),
(1620, 203, 49),
(1621, 203, 78),
(1622, 203, 27),
(1623, 203, 46),
(1624, 203, 40),
(1625, 204, 40),
(1626, 204, 44),
(1627, 204, 32),
(1628, 204, 78),
(1629, 204, 49),
(1630, 204, 24),
(1631, 204, 28),
(1632, 204, 82),
(1633, 205, 69),
(1634, 205, 28),
(1635, 205, 46),
(1636, 205, 27),
(1637, 205, 24),
(1638, 205, 49),
(1639, 205, 44),
(1640, 205, 65),
(1641, 206, 19),
(1642, 206, 40),
(1643, 206, 28),
(1644, 206, 10),
(1645, 206, 77),
(1646, 206, 48),
(1647, 206, 78),
(1648, 206, 26),
(1649, 207, 1),
(1650, 207, 19),
(1651, 207, 28),
(1652, 207, 78),
(1653, 207, 32),
(1654, 207, 2),
(1655, 207, 46),
(1656, 207, 24),
(1657, 208, 66),
(1658, 208, 10),
(1659, 208, 48),
(1660, 208, 76),
(1661, 208, 46),
(1662, 208, 44),
(1663, 208, 24),
(1664, 208, 78),
(1665, 209, 19),
(1666, 209, 51),
(1667, 209, 37),
(1668, 209, 40),
(1669, 209, 32),
(1670, 209, 78),
(1671, 209, 46),
(1672, 209, 27),
(1673, 210, 10),
(1674, 210, 77),
(1675, 210, 27),
(1676, 210, 24),
(1677, 210, 58),
(1678, 210, 66),
(1679, 210, 78),
(1680, 210, 1),
(1681, 211, 40),
(1682, 211, 2),
(1683, 211, 37),
(1684, 211, 44),
(1685, 211, 27),
(1686, 211, 82),
(1687, 211, 19),
(1688, 211, 33),
(1689, 212, 19),
(1690, 212, 21),
(1691, 212, 33),
(1692, 212, 78),
(1693, 212, 44),
(1694, 212, 58),
(1695, 212, 72),
(1696, 212, 2),
(1697, 213, 78),
(1698, 213, 66),
(1699, 213, 29),
(1700, 213, 37),
(1701, 213, 31),
(1702, 213, 43),
(1703, 213, 39),
(1704, 213, 12),
(1705, 214, 27),
(1706, 214, 44),
(1707, 214, 19),
(1708, 214, 2),
(1709, 214, 33),
(1710, 214, 32),
(1711, 214, 46),
(1712, 214, 49),
(1713, 215, 27),
(1714, 215, 44),
(1715, 215, 19),
(1716, 215, 2),
(1717, 215, 33),
(1718, 215, 32),
(1719, 215, 69),
(1720, 215, 49),
(1721, 216, 24),
(1722, 216, 1),
(1723, 216, 72),
(1724, 216, 58),
(1725, 216, 27),
(1726, 216, 19),
(1727, 216, 21),
(1728, 216, 78),
(1729, 217, 46),
(1730, 217, 21),
(1731, 217, 28),
(1732, 217, 32),
(1733, 217, 1),
(1734, 217, 72),
(1735, 217, 24),
(1736, 217, 2),
(1737, 218, 72),
(1738, 218, 33),
(1739, 218, 19),
(1740, 218, 21),
(1741, 218, 1),
(1742, 218, 40),
(1743, 218, 68),
(1744, 218, 78),
(1745, 219, 10),
(1746, 219, 48),
(1747, 219, 36),
(1748, 219, 31),
(1749, 219, 56),
(1750, 219, 66),
(1751, 219, 83),
(1752, 219, 71),
(1753, 220, 46),
(1754, 220, 19),
(1755, 220, 58),
(1756, 220, 1),
(1757, 220, 78),
(1758, 220, 44),
(1759, 220, 39),
(1760, 220, 27),
(1761, 221, 36),
(1762, 221, 38),
(1763, 221, 23),
(1764, 221, 78),
(1765, 221, 17),
(1766, 221, 13),
(1767, 221, 12),
(1768, 221, 70),
(1769, 222, 10),
(1770, 222, 72),
(1771, 222, 19),
(1772, 222, 78),
(1773, 222, 32),
(1774, 222, 2),
(1775, 222, 1),
(1776, 222, 84),
(1777, 223, 1),
(1778, 223, 32),
(1779, 223, 61),
(1780, 223, 24),
(1781, 223, 34),
(1782, 223, 72),
(1783, 223, 48),
(1784, 223, 2),
(1785, 224, 27),
(1786, 224, 26),
(1787, 224, 21),
(1788, 224, 55),
(1789, 224, 78),
(1790, 224, 82),
(1791, 224, 72),
(1792, 224, 37),
(1793, 225, 21),
(1794, 225, 72),
(1795, 225, 27),
(1796, 225, 69),
(1797, 225, 65),
(1798, 225, 37),
(1799, 225, 32),
(1800, 225, 78),
(1801, 226, 69),
(1802, 226, 71),
(1803, 226, 1),
(1804, 226, 2),
(1805, 226, 67),
(1806, 226, 49),
(1807, 226, 14),
(1808, 226, 31),
(1809, 227, 79),
(1810, 227, 24),
(1811, 227, 48),
(1812, 227, 83),
(1813, 227, 66),
(1814, 227, 52),
(1815, 227, 43),
(1816, 227, 10),
(1817, 228, 86),
(1818, 228, 78),
(1819, 228, 84),
(1820, 228, 49),
(1821, 228, 32),
(1822, 228, 21),
(1823, 228, 71),
(1824, 228, 81),
(1825, 229, 16),
(1826, 229, 46),
(1827, 229, 31),
(1828, 229, 81),
(1829, 229, 22),
(1830, 229, 79),
(1831, 229, 82),
(1832, 229, 39),
(1833, 230, 36),
(1834, 230, 43),
(1835, 230, 48),
(1836, 230, 38),
(1837, 230, 47),
(1838, 230, 50),
(1839, 230, 33),
(1840, 230, 54),
(1841, 231, 10),
(1842, 231, 42),
(1843, 231, 52),
(1844, 231, 66),
(1845, 231, 79),
(1846, 231, 43),
(1847, 231, 48),
(1848, 231, 83),
(1849, 232, 16),
(1850, 232, 1),
(1851, 232, 22),
(1852, 232, 31),
(1853, 232, 46),
(1854, 232, 79),
(1855, 232, 81),
(1856, 232, 82),
(1857, 233, 10),
(1858, 233, 42),
(1859, 233, 52),
(1860, 233, 66),
(1861, 233, 71),
(1862, 233, 49),
(1863, 233, 48),
(1864, 233, 83),
(1865, 234, 13),
(1866, 234, 54),
(1867, 234, 12),
(1868, 234, 70),
(1869, 234, 8),
(1870, 234, 20),
(1871, 234, 15),
(1872, 234, 24),
(1873, 235, 31),
(1874, 235, 83),
(1875, 235, 10),
(1876, 235, 56),
(1877, 235, 36),
(1878, 235, 48),
(1879, 235, 66),
(1880, 235, 70),
(1881, 236, 42),
(1882, 236, 74),
(1883, 236, 6),
(1884, 236, 73),
(1885, 236, 81),
(1886, 236, 1),
(1887, 236, 59),
(1888, 236, 71),
(1889, 237, 16),
(1890, 237, 1),
(1891, 237, 22),
(1892, 237, 31),
(1893, 237, 46),
(1894, 237, 79),
(1895, 237, 81),
(1896, 237, 70),
(1897, 238, 21),
(1898, 238, 8),
(1899, 238, 13),
(1900, 238, 20),
(1901, 238, 70),
(1902, 238, 15),
(1903, 238, 36),
(1904, 238, 24),
(1905, 239, 4),
(1906, 239, 36),
(1907, 239, 32),
(1908, 239, 70),
(1909, 239, 59),
(1910, 239, 15),
(1911, 239, 39),
(1912, 239, 24),
(1913, 240, 25),
(1914, 240, 38),
(1915, 240, 33),
(1916, 240, 12),
(1917, 240, 78),
(1918, 240, 70),
(1919, 240, 32),
(1920, 240, 13),
(1921, 241, 32),
(1922, 241, 21),
(1923, 241, 33),
(1924, 241, 12),
(1925, 241, 15),
(1926, 241, 78),
(1927, 241, 66),
(1928, 241, 19),
(1929, 242, 54),
(1930, 242, 12),
(1931, 242, 45),
(1932, 242, 32),
(1933, 242, 78),
(1934, 242, 4),
(1935, 242, 15),
(1936, 242, 1),
(1937, 243, 4),
(1938, 243, 36),
(1939, 243, 32),
(1940, 243, 70),
(1941, 243, 38),
(1942, 243, 15),
(1943, 243, 39),
(1944, 243, 24),
(1945, 244, 13),
(1946, 244, 12),
(1947, 244, 70),
(1948, 244, 4),
(1949, 244, 20),
(1950, 244, 1),
(1951, 244, 15),
(1952, 244, 45),
(1953, 245, 78),
(1954, 245, 54),
(1955, 245, 70),
(1956, 245, 4),
(1957, 245, 32),
(1958, 245, 20),
(1959, 245, 36),
(1960, 245, 24),
(1961, 246, 78),
(1962, 246, 1),
(1963, 246, 15),
(1964, 246, 77),
(1965, 246, 36),
(1966, 246, 54),
(1967, 246, 24),
(1968, 246, 45),
(1969, 247, 47),
(1970, 247, 40),
(1971, 247, 10),
(1972, 247, 16),
(1973, 247, 36),
(1974, 247, 56),
(1975, 247, 78),
(1976, 247, 77),
(1977, 248, 1),
(1978, 248, 20),
(1979, 248, 36),
(1980, 248, 33),
(1981, 248, 38),
(1982, 248, 32),
(1983, 248, 12),
(1984, 248, 70),
(1985, 249, 78),
(1986, 249, 54),
(1987, 249, 70),
(1988, 249, 15),
(1989, 249, 12),
(1990, 249, 20),
(1991, 249, 36),
(1992, 249, 24),
(1993, 250, 4),
(1994, 250, 8),
(1995, 250, 15),
(1996, 250, 70),
(1997, 250, 78),
(1998, 250, 12),
(1999, 250, 62),
(2000, 250, 20),
(2001, 251, 32),
(2002, 251, 12),
(2003, 251, 8),
(2004, 251, 36),
(2005, 251, 13),
(2006, 251, 70),
(2007, 251, 20),
(2008, 251, 19),
(2009, 252, 18),
(2010, 252, 47),
(2011, 252, 49),
(2012, 252, 13),
(2013, 252, 17),
(2014, 252, 36),
(2015, 252, 70),
(2016, 252, 38),
(2017, 253, 12),
(2018, 253, 19),
(2019, 253, 15),
(2020, 253, 78),
(2021, 253, 36),
(2022, 253, 8),
(2023, 253, 39),
(2024, 253, 59),
(2025, 254, 4),
(2026, 254, 70),
(2027, 254, 62),
(2028, 254, 8),
(2029, 254, 77),
(2030, 254, 32),
(2031, 254, 15),
(2032, 254, 20),
(2033, 255, 24),
(2034, 255, 1),
(2035, 255, 19),
(2036, 255, 70),
(2037, 255, 4),
(2038, 255, 8),
(2039, 255, 33),
(2040, 255, 15),
(2041, 256, 1),
(2042, 256, 70),
(2043, 256, 32),
(2044, 256, 61),
(2045, 256, 24),
(2046, 256, 36),
(2047, 256, 13),
(2048, 256, 20),
(2049, 257, 15),
(2050, 257, 19),
(2051, 257, 70),
(2052, 257, 8),
(2053, 257, 83),
(2054, 257, 32),
(2055, 257, 1),
(2056, 257, 35),
(2057, 258, 12),
(2058, 258, 4),
(2059, 258, 8),
(2060, 258, 13),
(2061, 258, 78),
(2062, 258, 33),
(2063, 258, 20),
(2064, 258, 70),
(2065, 259, 1),
(2066, 259, 38),
(2067, 259, 24),
(2068, 259, 36),
(2069, 259, 66),
(2070, 259, 77),
(2071, 259, 4),
(2072, 259, 8),
(2073, 260, 8),
(2074, 260, 12),
(2075, 260, 70),
(2076, 260, 13),
(2077, 260, 32),
(2078, 260, 19),
(2079, 260, 20),
(2080, 260, 21),
(2081, 261, 33),
(2082, 261, 39),
(2083, 261, 1),
(2084, 261, 78),
(2085, 261, 36),
(2086, 261, 32),
(2087, 261, 8),
(2088, 261, 20),
(2089, 262, 59),
(2090, 262, 13),
(2091, 262, 38),
(2092, 262, 36),
(2093, 262, 24),
(2094, 262, 32),
(2095, 262, 12),
(2096, 262, 1),
(2097, 263, 36),
(2098, 263, 70),
(2099, 263, 78),
(2100, 263, 15),
(2101, 263, 12),
(2102, 263, 45),
(2103, 263, 54),
(2104, 263, 20),
(2105, 264, 36),
(2106, 264, 38),
(2107, 264, 23),
(2108, 264, 78),
(2109, 264, 17),
(2110, 264, 13),
(2111, 264, 37),
(2112, 264, 70),
(2113, 265, 32),
(2114, 265, 13),
(2115, 265, 19),
(2116, 265, 70),
(2117, 265, 20),
(2118, 265, 45),
(2119, 265, 8),
(2120, 265, 83),
(2121, 266, 54),
(2122, 266, 36),
(2123, 266, 24),
(2124, 266, 77),
(2125, 266, 78),
(2126, 266, 21),
(2127, 266, 8),
(2128, 266, 19),
(2129, 267, 12),
(2130, 267, 15),
(2131, 267, 13),
(2132, 267, 1),
(2133, 267, 24),
(2134, 267, 45),
(2135, 267, 35),
(2136, 267, 19),
(2137, 268, 36),
(2138, 268, 21),
(2139, 268, 61),
(2140, 268, 13),
(2141, 268, 19),
(2142, 268, 20),
(2143, 268, 76),
(2144, 268, 32),
(2145, 269, 15),
(2146, 269, 33),
(2147, 269, 24),
(2148, 269, 25),
(2149, 269, 12),
(2150, 269, 20),
(2151, 269, 78),
(2152, 269, 62),
(2153, 270, 13),
(2154, 270, 78),
(2155, 270, 49),
(2156, 270, 34),
(2157, 270, 4),
(2158, 270, 79),
(2159, 270, 18),
(2160, 270, 20),
(2161, 271, 79),
(2162, 271, 81),
(2163, 271, 12),
(2164, 271, 43),
(2165, 271, 5),
(2166, 271, 82),
(2167, 271, 18),
(2168, 271, 36),
(2289, 287, 13),
(2290, 287, 1),
(2291, 287, 45),
(2292, 287, 32),
(2293, 287, 46),
(2294, 287, 12),
(2295, 287, 81),
(2296, 287, 70),
(2345, 294, 79),
(2346, 294, 66),
(2347, 294, 12),
(2348, 294, 43),
(2349, 294, 5),
(2350, 294, 82),
(2351, 294, 18),
(2352, 294, 54),
(2577, 323, 7),
(2578, 323, 40),
(2579, 323, 38),
(2580, 323, 68),
(2581, 323, 78),
(2582, 323, 39),
(2583, 323, 70),
(2584, 323, 33),
(2585, 324, 36),
(2586, 324, 43),
(2587, 324, 48),
(2588, 324, 58),
(2589, 324, 38),
(2590, 324, 47),
(2591, 324, 50),
(2592, 324, 54),
(2617, 328, 1),
(2618, 328, 36),
(2619, 328, 65),
(2620, 328, 78),
(2621, 328, 70),
(2622, 328, 56),
(2623, 328, 16),
(2624, 328, 7),
(2625, 329, 42),
(2626, 329, 36),
(2627, 329, 49),
(2628, 329, 19),
(2629, 329, 12),
(2630, 329, 75),
(2631, 329, 78),
(2632, 329, 22),
(2641, 331, 71),
(2642, 331, 52),
(2643, 331, 40),
(2644, 331, 30),
(2645, 331, 23),
(2646, 331, 49),
(2647, 331, 6),
(2648, 331, 83),
(2649, 332, 5),
(2650, 332, 43),
(2651, 332, 6),
(2652, 332, 79),
(2653, 332, 70),
(2654, 332, 53),
(2655, 332, 78),
(2656, 332, 47),
(2657, 333, 78),
(2658, 333, 41),
(2659, 333, 42),
(2660, 333, 44),
(2661, 333, 75),
(2662, 333, 18),
(2663, 333, 12),
(2664, 333, 82),
(2665, 334, 71),
(2666, 334, 33),
(2667, 334, 12),
(2668, 334, 19),
(2669, 334, 49),
(2670, 334, 36),
(2671, 334, 6),
(2672, 334, 41),
(2689, 337, 6),
(2690, 337, 36),
(2691, 337, 49),
(2692, 337, 19),
(2693, 337, 33),
(2694, 337, 70),
(2695, 337, 78),
(2696, 337, 12),
(2697, 338, 36),
(2698, 338, 12),
(2699, 338, 42),
(2700, 338, 41),
(2701, 338, 78),
(2702, 338, 75),
(2703, 338, 7),
(2704, 338, 4),
(2705, 339, 18),
(2706, 339, 12),
(2707, 339, 42),
(2708, 339, 41),
(2709, 339, 78),
(2710, 339, 75),
(2711, 339, 7),
(2712, 339, 83),
(2713, 340, 72),
(2714, 340, 7),
(2715, 340, 75),
(2716, 340, 41),
(2717, 340, 12),
(2718, 340, 78),
(2719, 340, 42),
(2720, 340, 18),
(2721, 341, 23),
(2722, 341, 72),
(2723, 341, 16),
(2724, 341, 36),
(2725, 341, 69),
(2726, 341, 7),
(2727, 341, 76),
(2728, 341, 71),
(2729, 342, 10),
(2730, 342, 43),
(2731, 342, 81),
(2732, 342, 19),
(2733, 342, 8),
(2734, 342, 62),
(2735, 342, 70),
(2736, 342, 34),
(2737, 343, 43),
(2738, 343, 6),
(2739, 343, 20),
(2740, 343, 60),
(2741, 343, 42),
(2742, 343, 81),
(2743, 343, 22),
(2744, 343, 75),
(2745, 344, 34),
(2746, 344, 70),
(2747, 344, 81),
(2748, 344, 19),
(2749, 344, 43),
(2750, 344, 8),
(2751, 344, 65),
(2752, 344, 22),
(2753, 345, 81),
(2754, 345, 43),
(2755, 345, 26),
(2756, 345, 35),
(2757, 345, 70),
(2758, 345, 65),
(2759, 345, 7),
(2760, 345, 34),
(2761, 346, 22),
(2762, 346, 75),
(2763, 346, 65),
(2764, 346, 35),
(2765, 346, 42),
(2766, 346, 6),
(2767, 346, 17),
(2768, 346, 19),
(2769, 347, 25),
(2770, 347, 6),
(2771, 347, 33),
(2772, 347, 43),
(2773, 347, 70),
(2774, 347, 65),
(2775, 347, 19),
(2776, 347, 42),
(2777, 348, 81),
(2778, 348, 17),
(2779, 348, 33),
(2780, 348, 65),
(2781, 348, 70),
(2782, 348, 19),
(2783, 348, 42),
(2784, 348, 8),
(2785, 349, 3),
(2786, 349, 20),
(2787, 349, 6),
(2788, 349, 42),
(2789, 349, 43),
(2790, 349, 62),
(2791, 349, 22),
(2792, 349, 70),
(2793, 350, 8),
(2794, 350, 62),
(2795, 350, 21),
(2796, 350, 70),
(2797, 350, 19),
(2798, 350, 81),
(2799, 350, 42),
(2800, 350, 43),
(2801, 351, 42),
(2802, 351, 43),
(2803, 351, 70),
(2804, 351, 6),
(2805, 351, 22),
(2806, 351, 19),
(2807, 351, 75),
(2808, 351, 8),
(2809, 352, 43),
(2810, 352, 6),
(2811, 352, 42),
(2812, 352, 11),
(2813, 352, 10),
(2814, 352, 8),
(2815, 352, 22),
(2816, 352, 70),
(2817, 353, 70),
(2818, 353, 8),
(2819, 353, 81),
(2820, 353, 21),
(2821, 353, 42),
(2822, 353, 6),
(2823, 353, 20),
(2824, 353, 19),
(2825, 354, 70),
(2826, 354, 8),
(2827, 354, 81),
(2828, 354, 21),
(2829, 354, 42),
(2830, 354, 6),
(2831, 354, 65),
(2832, 354, 19),
(2833, 355, 34),
(2834, 355, 36),
(2835, 355, 48),
(2836, 355, 38),
(2837, 355, 30),
(2838, 355, 50),
(2839, 355, 54),
(2840, 355, 43),
(2841, 356, 78),
(2842, 356, 13),
(2843, 356, 74),
(2844, 356, 22),
(2845, 356, 12),
(2846, 356, 18),
(2847, 356, 23),
(2848, 356, 65),
(2849, 357, 8),
(2850, 357, 22),
(2851, 357, 17),
(2852, 357, 42),
(2853, 357, 6),
(2854, 357, 70),
(2855, 357, 81),
(2856, 357, 43),
(2857, 358, 10),
(2858, 358, 43),
(2859, 358, 19),
(2860, 358, 60),
(2861, 358, 20),
(2862, 358, 65),
(2863, 358, 7),
(2864, 358, 6),
(2865, 359, 22),
(2866, 359, 70),
(2867, 359, 8),
(2868, 359, 43),
(2869, 359, 42),
(2870, 359, 3),
(2871, 359, 17),
(2872, 359, 6),
(2873, 360, 5),
(2874, 360, 8),
(2875, 360, 13),
(2876, 360, 16),
(2877, 360, 18),
(2878, 360, 28),
(2879, 360, 78),
(2880, 360, 82),
(2881, 361, 7),
(2882, 361, 75),
(2883, 361, 43),
(2884, 361, 22),
(2885, 361, 42),
(2886, 361, 20),
(2887, 361, 6),
(2888, 361, 26),
(2889, 362, 42),
(2890, 362, 65),
(2891, 362, 33),
(2892, 362, 81),
(2893, 362, 70),
(2894, 362, 6),
(2895, 362, 22),
(2896, 362, 26),
(2897, 363, 10),
(2898, 363, 7),
(2899, 363, 19),
(2900, 363, 70),
(2901, 363, 22),
(2902, 363, 3),
(2903, 363, 6),
(2904, 363, 20),
(2905, 364, 19),
(2906, 364, 22),
(2907, 364, 43),
(2908, 364, 6),
(2909, 364, 33),
(2910, 364, 81),
(2911, 364, 26),
(2912, 364, 8),
(2913, 365, 46),
(2914, 365, 22),
(2915, 365, 78),
(2916, 365, 33),
(2917, 365, 32),
(2918, 365, 40),
(2919, 365, 19),
(2920, 365, 6),
(2921, 366, 7),
(2922, 366, 22),
(2923, 366, 81),
(2924, 366, 63),
(2925, 366, 60),
(2926, 366, 33),
(2927, 366, 42),
(2928, 366, 20),
(2929, 367, 42),
(2930, 367, 60),
(2931, 367, 70),
(2932, 367, 43),
(2933, 367, 81),
(2934, 367, 7),
(2935, 367, 8),
(2936, 367, 35),
(2937, 368, 62),
(2938, 368, 8),
(2939, 368, 7),
(2940, 368, 70),
(2941, 368, 81),
(2942, 368, 42),
(2943, 368, 75),
(2944, 368, 6),
(2945, 369, 18),
(2946, 369, 12),
(2947, 369, 42),
(2948, 369, 41),
(2949, 369, 78),
(2950, 369, 75),
(2951, 369, 7),
(2952, 369, 82),
(2961, 371, 42),
(2962, 371, 22),
(2963, 371, 19),
(2964, 371, 75),
(2965, 371, 70),
(2966, 371, 9),
(2967, 371, 6),
(2968, 371, 81),
(2969, 372, 19),
(2970, 372, 42),
(2971, 372, 17),
(2972, 372, 81),
(2973, 372, 33),
(2974, 372, 60),
(2975, 372, 6),
(2976, 372, 8),
(2977, 373, 26),
(2978, 373, 13),
(2979, 373, 42),
(2980, 373, 29),
(2981, 373, 78),
(2982, 373, 15),
(2983, 373, 66),
(2984, 373, 83),
(2985, 374, 70),
(2986, 374, 7),
(2987, 374, 75),
(2988, 374, 41),
(2989, 374, 12),
(2990, 374, 78),
(2991, 374, 42),
(2992, 374, 18),
(2993, 375, 20),
(2994, 375, 22),
(2995, 375, 70),
(2996, 375, 34),
(2997, 375, 42),
(2998, 375, 6),
(2999, 375, 75),
(3000, 375, 81),
(3001, 376, 19),
(3002, 376, 26),
(3003, 376, 70),
(3004, 376, 6),
(3005, 376, 75),
(3006, 376, 8),
(3007, 376, 43),
(3008, 376, 81),
(3009, 377, 33),
(3010, 377, 42),
(3011, 377, 25),
(3012, 377, 81),
(3013, 377, 20),
(3014, 377, 8),
(3015, 377, 43),
(3016, 377, 6),
(3017, 378, 20),
(3018, 378, 7),
(3019, 378, 43),
(3020, 378, 8),
(3021, 378, 70),
(3022, 378, 42),
(3023, 378, 26),
(3024, 378, 25),
(3025, 379, 49),
(3026, 379, 48),
(3027, 379, 36),
(3028, 379, 42),
(3029, 379, 78),
(3030, 379, 66),
(3031, 379, 5),
(3032, 379, 10),
(3033, 380, 70),
(3034, 380, 8),
(3035, 380, 81),
(3036, 380, 74),
(3037, 380, 42),
(3038, 380, 6),
(3039, 380, 20),
(3040, 380, 19),
(3041, 381, 1),
(3042, 381, 27),
(3043, 381, 31),
(3044, 381, 42),
(3045, 381, 62),
(3046, 381, 73),
(3047, 381, 74),
(3048, 381, 81),
(3049, 382, 23),
(3050, 382, 22),
(3051, 382, 81),
(3052, 382, 32),
(3053, 382, 18),
(3054, 382, 43),
(3055, 382, 17),
(3056, 382, 12),
(3057, 383, 22),
(3058, 383, 75),
(3059, 383, 65),
(3060, 383, 20),
(3061, 383, 17),
(3062, 383, 43),
(3063, 383, 81),
(3064, 383, 8),
(3065, 384, 39),
(3066, 384, 8),
(3067, 384, 22),
(3068, 384, 19),
(3069, 384, 35),
(3070, 384, 81),
(3071, 384, 70),
(3072, 384, 42),
(3073, 385, 60),
(3074, 385, 43),
(3075, 385, 12),
(3076, 385, 1),
(3077, 385, 70),
(3078, 385, 27),
(3079, 385, 22),
(3080, 385, 16),
(3081, 386, 32),
(3082, 386, 44),
(3083, 386, 19),
(3084, 386, 65),
(3085, 386, 22),
(3086, 386, 70),
(3087, 386, 6),
(3088, 386, 43),
(3089, 387, 33),
(3090, 387, 6),
(3091, 387, 79),
(3092, 387, 42),
(3093, 387, 81),
(3094, 387, 13),
(3095, 387, 52),
(3096, 387, 43),
(3137, 393, 47),
(3138, 393, 40),
(3139, 393, 10),
(3140, 393, 16),
(3141, 393, 36),
(3142, 393, 56),
(3143, 393, 71),
(3144, 393, 77),
(3561, 446, 36),
(3562, 446, 43),
(3563, 446, 48),
(3564, 446, 58),
(3565, 446, 87),
(3566, 446, 47),
(3567, 446, 50),
(3568, 446, 54),
(3569, 447, 27),
(3570, 447, 47),
(3571, 447, 7),
(3572, 447, 38),
(3573, 447, 18),
(3574, 447, 23),
(3575, 447, 72),
(3576, 447, 73),
(3577, 448, 54),
(3578, 448, 43),
(3579, 448, 39),
(3580, 448, 70),
(3581, 448, 5),
(3582, 448, 6),
(3583, 448, 78),
(3584, 448, 3),
(3585, 449, 15),
(3586, 449, 58),
(3587, 449, 74),
(3588, 449, 33),
(3589, 449, 27),
(3590, 449, 69),
(3591, 449, 23),
(3592, 449, 81),
(3593, 450, 63),
(3594, 450, 76),
(3595, 450, 42),
(3596, 450, 83),
(3597, 450, 33),
(3598, 450, 71),
(3599, 450, 43),
(3600, 450, 74),
(3601, 451, 32),
(3602, 451, 44),
(3603, 451, 19),
(3604, 451, 65),
(3605, 451, 22),
(3606, 451, 75),
(3607, 451, 6),
(3608, 451, 43),
(3609, 452, 5),
(3610, 452, 54),
(3611, 452, 43),
(3612, 452, 47),
(3613, 452, 31),
(3614, 452, 49),
(3615, 452, 78),
(3616, 452, 66),
(3617, 453, 73),
(3618, 453, 38),
(3619, 453, 79),
(3620, 453, 42),
(3621, 453, 71),
(3622, 453, 13),
(3623, 453, 74),
(3624, 453, 1),
(3625, 454, 43),
(3626, 454, 33),
(3627, 454, 38),
(3628, 454, 50),
(3629, 454, 81),
(3630, 454, 39),
(3631, 454, 49),
(3632, 454, 79),
(3633, 455, 80),
(3634, 455, 82),
(3635, 455, 79),
(3636, 455, 6),
(3637, 455, 71),
(3638, 455, 43),
(3639, 455, 35),
(3640, 455, 24),
(3641, 456, 70),
(3642, 456, 1),
(3643, 456, 81),
(3644, 456, 72),
(3645, 456, 18),
(3646, 456, 6),
(3647, 456, 22),
(3648, 456, 19),
(3649, 457, 15),
(3650, 457, 41),
(3651, 457, 22),
(3652, 457, 40),
(3653, 457, 70),
(3654, 457, 37),
(3655, 457, 12),
(3656, 457, 19),
(3657, 458, 22),
(3658, 458, 82),
(3659, 458, 79),
(3660, 458, 6),
(3661, 458, 71),
(3662, 458, 43),
(3663, 458, 75),
(3664, 458, 24),
(3673, 460, 66),
(3674, 460, 79),
(3675, 460, 60),
(3676, 460, 69),
(3677, 460, 81),
(3678, 460, 64),
(3679, 460, 40),
(3680, 460, 12),
(3681, 461, 81),
(3682, 461, 71),
(3683, 461, 27),
(3684, 461, 47),
(3685, 461, 49),
(3686, 461, 43),
(3687, 461, 54),
(3688, 461, 74),
(3689, 462, 76),
(3690, 462, 32),
(3691, 462, 83),
(3692, 462, 18),
(3693, 462, 65),
(3694, 462, 54),
(3695, 462, 48),
(3696, 462, 81),
(3697, 463, 1),
(3698, 463, 47),
(3699, 463, 43),
(3700, 463, 78),
(3701, 463, 70),
(3702, 463, 24),
(3703, 463, 16),
(3704, 463, 34),
(3705, 464, 50),
(3706, 464, 32),
(3707, 464, 82),
(3708, 464, 46),
(3709, 464, 65),
(3710, 464, 35),
(3711, 464, 16),
(3712, 464, 81),
(3721, 466, 15),
(3722, 466, 33),
(3723, 466, 12),
(3724, 466, 19),
(3725, 466, 70),
(3726, 466, 22),
(3727, 466, 18),
(3728, 466, 75),
(3729, 467, 22),
(3730, 467, 32),
(3731, 467, 82),
(3732, 467, 46),
(3733, 467, 65),
(3734, 467, 35),
(3735, 467, 16),
(3736, 467, 81),
(3737, 468, 27),
(3738, 468, 58),
(3739, 468, 7),
(3740, 468, 38),
(3741, 468, 18),
(3742, 468, 23),
(3743, 468, 72),
(3744, 468, 73),
(3745, 469, 65),
(3746, 469, 78),
(3747, 469, 3),
(3748, 469, 27),
(3749, 469, 32),
(3750, 469, 22),
(3751, 469, 19),
(3752, 469, 6),
(3753, 470, 47),
(3754, 470, 78),
(3755, 470, 29),
(3756, 470, 40),
(3757, 470, 26),
(3758, 470, 28),
(3759, 470, 10),
(3760, 470, 66),
(3761, 471, 71),
(3762, 471, 32),
(3763, 471, 4),
(3764, 471, 12),
(3765, 471, 43),
(3766, 471, 34),
(3767, 471, 40),
(3768, 471, 81),
(3769, 472, 36),
(3770, 472, 66),
(3771, 472, 77),
(3772, 472, 42),
(3773, 472, 71),
(3774, 472, 10),
(3775, 472, 48),
(3776, 472, 16),
(3777, 473, 44),
(3778, 473, 36),
(3779, 473, 13),
(3780, 473, 12),
(3781, 473, 78),
(3782, 473, 69),
(3783, 473, 6),
(3784, 473, 18),
(3785, 474, 44),
(3786, 474, 36),
(3787, 474, 13),
(3788, 474, 12),
(3789, 474, 81),
(3790, 474, 69),
(3791, 474, 42),
(3792, 474, 18),
(3793, 475, 69),
(3794, 475, 76),
(3795, 475, 78),
(3796, 475, 42),
(3797, 475, 47),
(3798, 475, 33),
(3799, 475, 19),
(3800, 475, 15),
(3801, 476, 36),
(3802, 476, 18),
(3803, 476, 82),
(3804, 476, 13),
(3805, 476, 42),
(3806, 476, 78),
(3807, 476, 69),
(3808, 476, 22),
(3809, 477, 78),
(3810, 477, 56),
(3811, 477, 71),
(3812, 477, 1),
(3813, 477, 38),
(3814, 477, 15),
(3815, 477, 36),
(3816, 477, 13),
(3817, 478, 42),
(3818, 478, 71),
(3819, 478, 13),
(3820, 478, 69),
(3821, 478, 18),
(3822, 478, 57),
(3823, 478, 79),
(3824, 478, 36),
(3825, 479, 1),
(3826, 479, 42),
(3827, 479, 71),
(3828, 479, 38),
(3829, 479, 74),
(3830, 479, 33),
(3831, 479, 56),
(3832, 479, 79),
(3833, 480, 25),
(3834, 480, 71),
(3835, 480, 78),
(3836, 480, 42),
(3837, 480, 18),
(3838, 480, 15),
(3839, 480, 33),
(3840, 480, 19),
(3841, 481, 58),
(3842, 481, 57),
(3843, 481, 36),
(3844, 481, 38),
(3845, 481, 18),
(3846, 481, 30),
(3847, 481, 73),
(3848, 481, 51),
(3849, 482, 78),
(3850, 482, 33),
(3851, 482, 58),
(3852, 482, 19),
(3853, 482, 17),
(3854, 482, 1),
(3855, 482, 79),
(3856, 482, 18),
(3857, 483, 18),
(3858, 483, 47),
(3859, 483, 36),
(3860, 483, 13),
(3861, 483, 19),
(3862, 483, 37),
(3863, 483, 15),
(3864, 483, 71),
(3865, 484, 22),
(3866, 484, 18),
(3867, 484, 17),
(3868, 484, 79),
(3869, 484, 65),
(3870, 484, 1),
(3871, 484, 2),
(3872, 484, 78),
(3873, 485, 30),
(3874, 485, 36),
(3875, 485, 47),
(3876, 485, 18),
(3877, 485, 42),
(3878, 485, 2),
(3879, 485, 78),
(3880, 485, 22),
(3881, 486, 15),
(3882, 486, 13),
(3883, 486, 17),
(3884, 486, 71),
(3885, 486, 18),
(3886, 486, 38),
(3887, 486, 47),
(3888, 486, 36),
(3889, 487, 19),
(3890, 487, 71),
(3891, 487, 18),
(3892, 487, 1),
(3893, 487, 14),
(3894, 487, 21),
(3895, 487, 17),
(3896, 487, 79),
(3897, 488, 22),
(3898, 488, 18),
(3899, 488, 47),
(3900, 488, 36),
(3901, 488, 42),
(3902, 488, 17),
(3903, 488, 74),
(3904, 488, 13),
(3905, 489, 13),
(3906, 489, 1),
(3907, 489, 22),
(3908, 489, 15),
(3909, 489, 45),
(3910, 489, 42),
(3911, 489, 71),
(3912, 489, 25),
(3913, 490, 78),
(3914, 490, 42),
(3915, 490, 15),
(3916, 490, 22),
(3917, 490, 19),
(3918, 490, 18),
(3919, 490, 25),
(3920, 490, 36),
(3921, 491, 78),
(3922, 491, 18),
(3923, 491, 33),
(3924, 491, 46),
(3925, 491, 42),
(3926, 491, 21),
(3927, 491, 71),
(3928, 491, 22),
(3929, 492, 22),
(3930, 492, 1),
(3931, 492, 47),
(3932, 492, 57),
(3933, 492, 42),
(3934, 492, 38),
(3935, 492, 61),
(3936, 492, 2),
(3937, 493, 15),
(3938, 493, 71),
(3939, 493, 13),
(3940, 493, 74),
(3941, 493, 14),
(3942, 493, 18),
(3943, 493, 22),
(3944, 493, 69),
(3945, 494, 79),
(3946, 494, 69),
(3947, 494, 78),
(3948, 494, 17),
(3949, 494, 14),
(3950, 494, 2),
(3951, 494, 56),
(3952, 494, 46),
(3953, 495, 18),
(3954, 495, 22),
(3955, 495, 79),
(3956, 495, 17),
(3957, 495, 47),
(3958, 495, 1),
(3959, 495, 45),
(3960, 495, 65),
(3961, 496, 10),
(3962, 496, 43),
(3963, 496, 24),
(3964, 496, 40),
(3965, 496, 19),
(3966, 496, 70),
(3967, 496, 3),
(3968, 496, 80),
(3969, 497, 2),
(3970, 497, 11),
(3971, 497, 31),
(3972, 497, 39),
(3973, 497, 65),
(3974, 497, 67),
(3975, 497, 70),
(3976, 497, 81),
(3977, 498, 42),
(3978, 498, 17),
(3979, 498, 18),
(3980, 498, 19),
(3981, 498, 74),
(3982, 498, 58),
(3983, 498, 71),
(3984, 498, 65),
(3985, 499, 1),
(3986, 499, 78),
(3987, 499, 18),
(3988, 499, 36),
(3989, 499, 38),
(3990, 499, 58),
(3991, 499, 19),
(3992, 499, 15),
(3993, 500, 18),
(3994, 500, 36),
(3995, 500, 38),
(3996, 500, 13),
(3997, 500, 78),
(3998, 500, 58),
(3999, 500, 69),
(4000, 500, 37),
(4001, 501, 18),
(4002, 501, 8),
(4003, 501, 7),
(4004, 501, 13),
(4005, 501, 72),
(4006, 501, 38),
(4007, 501, 36),
(4008, 501, 58),
(4009, 502, 21),
(4010, 502, 18),
(4011, 502, 46),
(4012, 502, 42),
(4013, 502, 78),
(4014, 502, 19),
(4015, 502, 47),
(4016, 502, 82),
(4017, 503, 15),
(4018, 503, 74),
(4019, 503, 33),
(4020, 503, 69),
(4021, 503, 42),
(4022, 503, 30),
(4023, 503, 71),
(4024, 503, 1),
(4025, 504, 22),
(4026, 504, 19),
(4027, 504, 18),
(4028, 504, 78),
(4029, 504, 74),
(4030, 504, 17),
(4031, 504, 13),
(4032, 504, 42),
(4033, 505, 78),
(4034, 505, 18),
(4035, 505, 15),
(4036, 505, 42),
(4037, 505, 1),
(4038, 505, 25),
(4039, 505, 71),
(4040, 505, 2),
(4041, 506, 57),
(4042, 506, 42),
(4043, 506, 12),
(4044, 506, 69),
(4045, 506, 18),
(4046, 506, 58),
(4047, 506, 71),
(4048, 506, 36),
(4049, 507, 71),
(4050, 507, 2),
(4051, 507, 13),
(4052, 507, 47),
(4053, 507, 38),
(4054, 507, 25),
(4055, 507, 14),
(4056, 507, 15),
(4057, 508, 69),
(4058, 508, 21),
(4059, 508, 36),
(4060, 508, 74),
(4061, 508, 71),
(4062, 508, 76),
(4063, 508, 18),
(4064, 508, 2),
(4065, 509, 13),
(4066, 509, 22),
(4067, 509, 69),
(4068, 509, 9),
(4069, 509, 79),
(4070, 509, 78),
(4071, 509, 42),
(4072, 509, 51),
(4073, 510, 16),
(4074, 510, 31),
(4075, 510, 81),
(4076, 510, 11),
(4077, 510, 34),
(4078, 510, 56),
(4079, 510, 54),
(4080, 510, 78),
(4081, 511, 44),
(4082, 511, 42),
(4083, 511, 12),
(4084, 511, 69),
(4085, 511, 18),
(4086, 511, 58),
(4087, 511, 81),
(4088, 511, 36);

-- --------------------------------------------------------

--
-- Table structure for table `card_level`
--

CREATE TABLE `card_level` (
  `id` int(11) NOT NULL,
  `card_id` int(11) NOT NULL,
  `player_id` int(11) NOT NULL,
  `level` int(11) NOT NULL
) ENGINE=InnoDB DEFAULT CHARSET=latin1 COMMENT='Niveau des cartes par joueur';

--
-- Dumping data for table `card_level`
--

INSERT INTO `card_level` (`id`, `card_id`, `player_id`, `level`) VALUES
(1, 42, 27, 9),
(2, 3, 27, 9),
(3, 77, 27, 4),
(4, 32, 27, 10),
(5, 59, 27, 9),
(6, 14, 27, 10),
(7, 16, 27, 5),
(8, 60, 27, 7),
(9, 63, 27, 7),
(10, 74, 27, 5),
(11, 34, 27, 2),
(12, 58, 27, 2),
(13, 67, 27, 4),
(14, 2, 27, 10),
(15, 9, 27, 10),
(16, 73, 27, 8),
(17, 11, 27, 10),
(18, 69, 27, 7),
(19, 65, 27, 10),
(20, 21, 27, 4),
(21, 80, 27, 2),
(22, 17, 27, 6),
(23, 40, 27, 8),
(24, 4, 27, 7),
(25, 68, 27, 7),
(26, 22, 27, 7),
(27, 76, 27, 5),
(28, 20, 27, 10),
(29, 71, 27, 10),
(30, 55, 27, 10),
(31, 61, 27, 9),
(32, 82, 27, 5),
(33, 35, 27, 5),
(34, 5, 27, 5),
(35, 66, 27, 7),
(36, 72, 27, 5),
(37, 10, 27, 4),
(38, 15, 27, 8),
(39, 44, 27, 9),
(40, 49, 27, 9),
(41, 25, 27, 9),
(42, 31, 27, 9),
(43, 6, 27, 9),
(44, 29, 27, 7),
(45, 64, 27, 7),
(46, 79, 27, 5),
(47, 86, 27, 9),
(48, 33, 27, 2),
(49, 56, 27, 7),
(50, 23, 27, 11),
(51, 62, 27, 7),
(52, 39, 27, 7),
(53, 46, 27, 5),
(54, 83, 27, 5),
(55, 27, 27, 2),
(56, 37, 27, 8),
(57, 26, 27, 4),
(58, 85, 27, 7),
(59, 12, 27, 7),
(60, 53, 27, 4),
(61, 41, 27, 7),
(62, 48, 27, 2),
(63, 52, 27, 9),
(64, 84, 27, 4),
(65, 45, 27, 4),
(66, 50, 27, 1),
(67, 51, 27, 7),
(68, 28, 27, 4),
(69, 30, 27, 2),
(70, 43, 27, 1),
(71, 57, 27, 7),
(72, 8, 27, 5),
(73, 13, 27, 5),
(74, 78, 27, 9),
(75, 38, 27, 2),
(76, 47, 27, 2),
(77, 1, 27, 11),
(78, 70, 27, 8),
(79, 18, 27, 9),
(80, 19, 27, 9),
(81, 75, 27, 4),
(82, 7, 27, 5),
(83, 24, 27, 2),
(84, 81, 27, 2),
(85, 28, 1, 5),
(86, 39, 1, 7),
(87, 41, 1, 7),
(88, 12, 1, 7),
(89, 58, 1, 1),
(90, 51, 1, 7),
(91, 82, 1, 4),
(92, 53, 1, 4),
(93, 66, 1, 7),
(94, 30, 1, 1),
(95, 15, 1, 8),
(96, 8, 1, 4),
(97, 64, 1, 2),
(98, 21, 1, 5),
(99, 45, 1, 4),
(100, 59, 1, 7),
(101, 32, 1, 11),
(102, 4, 1, 8),
(103, 76, 1, 3),
(104, 36, 1, 2),
(105, 49, 1, 9),
(106, 25, 1, 10),
(107, 63, 1, 7),
(108, 85, 1, 7),
(109, 71, 1, 10),
(110, 1, 1, 9),
(111, 62, 1, 7),
(112, 75, 1, 3),
(113, 3, 1, 10),
(114, 50, 1, 2),
(115, 31, 1, 9),
(116, 27, 1, 2),
(117, 78, 1, 10),
(118, 47, 1, 1),
(119, 44, 1, 10),
(120, 80, 1, 2),
(121, 29, 1, 8),
(122, 61, 1, 8),
(123, 9, 1, 10),
(124, 79, 1, 4),
(125, 60, 1, 7),
(126, 67, 1, 4),
(127, 46, 1, 5),
(128, 77, 1, 4),
(129, 20, 1, 10),
(130, 24, 1, 2),
(131, 13, 1, 4),
(132, 43, 1, 2),
(133, 54, 1, 2),
(134, 2, 1, 10),
(135, 35, 1, 4),
(136, 65, 1, 9),
(137, 37, 1, 7),
(138, 11, 1, 7),
(139, 7, 1, 4),
(140, 38, 1, 2),
(141, 17, 1, 4),
(142, 5, 1, 4),
(143, 73, 1, 7),
(144, 83, 1, 4),
(145, 40, 1, 7),
(146, 19, 1, 8),
(147, 72, 1, 3),
(148, 14, 1, 10),
(149, 22, 1, 7),
(150, 34, 1, 1),
(151, 69, 1, 7),
(152, 56, 1, 8),
(153, 55, 1, 1),
(154, 26, 1, 4),
(155, 33, 1, 2),
(156, 74, 1, 4),
(157, 84, 1, 4),
(158, 16, 1, 5),
(159, 52, 1, 1),
(160, 86, 1, 1),
(161, 57, 1, 5),
(162, 23, 1, 9),
(163, 42, 1, 13),
(164, 6, 1, 12),
(165, 18, 1, 11),
(166, 70, 1, 10),
(167, 81, 1, 3),
(168, 10, 1, 7),
(169, 68, 1, 9),
(170, 48, 1, 3),
(171, 70, 2, 8),
(172, 37, 2, 9),
(173, 25, 2, 9),
(174, 60, 2, 4),
(175, 79, 2, 2),
(176, 56, 2, 1),
(177, 73, 2, 5),
(178, 13, 2, 2),
(179, 72, 2, 4),
(180, 64, 2, 4),
(181, 69, 2, 8),
(182, 74, 2, 4),
(183, 23, 2, 11),
(184, 34, 2, 2),
(185, 46, 2, 4),
(186, 11, 2, 8),
(187, 31, 2, 5),
(188, 40, 2, 7),
(189, 81, 2, 2),
(190, 62, 2, 7),
(191, 2, 2, 8),
(192, 1, 2, 6),
(193, 71, 2, 8),
(194, 20, 2, 10),
(195, 15, 2, 8),
(196, 7, 2, 4),
(197, 5, 2, 5),
(198, 67, 2, 2),
(199, 59, 2, 7),
(200, 17, 2, 4),
(201, 4, 2, 8),
(202, 66, 2, 9),
(203, 63, 2, 3),
(204, 35, 2, 3),
(205, 65, 2, 9),
(206, 18, 2, 7),
(207, 61, 2, 3),
(208, 30, 2, 2),
(209, 8, 2, 5),
(210, 68, 2, 6),
(211, 24, 2, 2),
(212, 77, 2, 3),
(213, 28, 2, 1),
(214, 10, 2, 7),
(215, 82, 2, 4),
(216, 14, 2, 8),
(217, 21, 2, 3),
(218, 9, 2, 10),
(219, 12, 2, 7),
(220, 80, 2, 2),
(221, 26, 2, 1),
(222, 43, 2, 3),
(223, 83, 2, 1),
(224, 75, 2, 6),
(225, 42, 2, 10),
(226, 41, 2, 1),
(227, 29, 2, 9),
(228, 39, 2, 8),
(229, 48, 2, 1),
(230, 44, 2, 11),
(231, 85, 2, 1),
(232, 49, 2, 1),
(233, 53, 2, 1),
(234, 47, 2, 1),
(235, 36, 2, 2),
(236, 76, 2, 5),
(237, 55, 2, 1),
(238, 51, 2, 1),
(239, 45, 2, 1),
(240, 16, 2, 5),
(241, 54, 2, 1),
(242, 84, 2, 1),
(243, 58, 2, 1),
(244, 52, 2, 1),
(245, 86, 2, 1),
(246, 57, 2, 1),
(247, 50, 2, 1),
(248, 38, 2, 1),
(249, 27, 2, 3),
(250, 78, 2, 13),
(251, 3, 2, 13),
(252, 33, 2, 3),
(253, 32, 2, 13),
(254, 22, 2, 11),
(255, 19, 2, 10),
(256, 6, 2, 13),
(257, 16, 3, 5),
(258, 12, 3, 9),
(259, 48, 3, 2),
(260, 73, 3, 8),
(261, 77, 3, 5),
(262, 63, 3, 8),
(263, 21, 3, 5),
(264, 49, 3, 10),
(265, 41, 3, 8),
(266, 38, 3, 2),
(267, 43, 3, 3),
(268, 11, 3, 11),
(269, 76, 3, 5),
(270, 47, 3, 2),
(271, 1, 3, 10),
(272, 36, 3, 2),
(273, 69, 3, 8),
(274, 58, 3, 2),
(275, 52, 3, 10),
(276, 5, 3, 5),
(277, 24, 3, 2),
(278, 14, 3, 10),
(279, 68, 3, 8),
(280, 4, 3, 8),
(281, 2, 3, 10),
(282, 75, 3, 5),
(283, 9, 3, 10),
(284, 20, 3, 10),
(285, 59, 3, 10),
(286, 71, 3, 10),
(287, 83, 3, 5),
(288, 60, 3, 8),
(289, 54, 3, 2),
(290, 6, 3, 11),
(291, 3, 3, 10),
(292, 67, 3, 5),
(293, 7, 3, 6),
(294, 61, 3, 10),
(295, 40, 3, 8),
(296, 62, 3, 8),
(297, 25, 3, 10),
(298, 13, 3, 5),
(299, 29, 3, 8),
(300, 28, 3, 5),
(301, 22, 3, 9),
(302, 70, 3, 8),
(303, 50, 3, 3),
(304, 82, 3, 6),
(305, 26, 3, 5),
(306, 66, 3, 8),
(307, 8, 3, 5),
(308, 15, 3, 8),
(309, 80, 3, 2),
(310, 64, 3, 8),
(311, 35, 3, 5),
(312, 72, 3, 5),
(313, 65, 3, 10),
(314, 10, 3, 5),
(315, 56, 3, 8),
(316, 37, 3, 8),
(317, 31, 3, 11),
(318, 85, 3, 8),
(319, 30, 3, 2),
(320, 53, 3, 5),
(321, 33, 3, 2),
(322, 55, 3, 10),
(323, 78, 3, 11),
(324, 45, 3, 5),
(325, 51, 3, 8),
(326, 46, 3, 6),
(327, 79, 3, 5),
(328, 44, 3, 11),
(329, 39, 3, 8),
(330, 84, 3, 5),
(331, 34, 3, 1),
(332, 19, 3, 9),
(333, 57, 3, 8),
(334, 86, 3, 11),
(335, 32, 3, 13),
(336, 42, 3, 13),
(337, 23, 3, 12),
(338, 18, 3, 10),
(339, 17, 3, 6),
(340, 74, 3, 6),
(341, 27, 3, 3),
(342, 81, 3, 3),
(343, 38, 4, 2),
(344, 17, 4, 5),
(345, 31, 4, 9),
(346, 69, 4, 8),
(347, 46, 4, 4),
(348, 83, 4, 4),
(349, 11, 4, 10),
(350, 25, 4, 8),
(351, 37, 4, 8),
(352, 14, 4, 7),
(353, 35, 4, 5),
(354, 61, 4, 9),
(355, 12, 4, 8),
(356, 63, 4, 8),
(357, 26, 4, 5),
(358, 48, 4, 2),
(359, 8, 4, 5),
(360, 78, 4, 11),
(361, 40, 4, 8),
(362, 5, 4, 6),
(363, 82, 4, 5),
(364, 9, 4, 11),
(365, 68, 4, 8),
(366, 15, 4, 8),
(367, 20, 4, 11),
(368, 43, 4, 2),
(369, 77, 4, 5),
(370, 13, 4, 4),
(371, 10, 4, 5),
(372, 60, 4, 8),
(373, 81, 4, 2),
(374, 72, 4, 4),
(375, 80, 4, 2),
(376, 79, 4, 5),
(377, 50, 4, 2),
(378, 28, 4, 5),
(379, 7, 4, 5),
(380, 19, 4, 8),
(381, 67, 4, 5),
(382, 36, 4, 2),
(383, 24, 4, 2),
(384, 62, 4, 8),
(385, 47, 4, 2),
(386, 54, 4, 2),
(387, 29, 4, 8),
(388, 2, 4, 8),
(389, 23, 4, 10),
(390, 30, 4, 2),
(391, 22, 4, 8),
(392, 64, 4, 8),
(393, 76, 4, 5),
(394, 32, 4, 10),
(395, 49, 4, 10),
(396, 44, 4, 11),
(397, 85, 4, 6),
(398, 21, 4, 5),
(399, 70, 4, 8),
(400, 39, 4, 8),
(401, 66, 4, 9),
(402, 3, 4, 10),
(403, 75, 4, 5),
(404, 16, 4, 5),
(405, 65, 4, 10),
(406, 53, 4, 3),
(407, 18, 4, 7),
(408, 56, 4, 8),
(409, 33, 4, 2),
(410, 55, 4, 1),
(411, 51, 4, 1),
(412, 45, 4, 2),
(413, 41, 4, 8),
(414, 4, 4, 8),
(415, 84, 4, 1),
(416, 52, 4, 1),
(417, 86, 4, 1),
(418, 57, 4, 1),
(419, 1, 4, 13),
(420, 6, 4, 13),
(421, 42, 4, 13),
(422, 71, 4, 12),
(423, 59, 4, 13),
(424, 73, 4, 9),
(425, 74, 4, 6),
(426, 27, 4, 3),
(427, 69, 5, 7),
(428, 35, 5, 3),
(429, 55, 5, 9),
(430, 37, 5, 7),
(431, 31, 5, 9),
(432, 62, 5, 6),
(433, 61, 5, 9),
(434, 59, 5, 9),
(435, 9, 5, 8),
(436, 21, 5, 3),
(437, 67, 5, 3),
(438, 81, 5, 2),
(439, 51, 5, 7),
(440, 49, 5, 10),
(441, 60, 5, 6),
(442, 65, 5, 9),
(443, 46, 5, 3),
(444, 70, 5, 7),
(445, 26, 5, 4),
(446, 6, 5, 9),
(447, 83, 5, 4),
(448, 86, 5, 1),
(449, 42, 5, 9),
(450, 41, 5, 7),
(451, 24, 5, 2),
(452, 7, 5, 4),
(453, 28, 5, 4),
(454, 68, 5, 7),
(455, 57, 5, 1),
(456, 18, 5, 6),
(457, 11, 5, 9),
(458, 75, 5, 4),
(459, 56, 5, 7),
(460, 79, 5, 3),
(461, 63, 5, 6),
(462, 17, 5, 3),
(463, 66, 5, 6),
(464, 52, 5, 1),
(465, 47, 5, 1),
(466, 85, 5, 7),
(467, 78, 5, 10),
(468, 64, 5, 6),
(469, 5, 5, 4),
(470, 27, 5, 2),
(471, 3, 5, 11),
(472, 77, 5, 3),
(473, 72, 5, 4),
(474, 10, 5, 3),
(475, 43, 5, 1),
(476, 73, 5, 8),
(477, 25, 5, 8),
(478, 44, 5, 9),
(479, 29, 5, 7),
(480, 2, 5, 9),
(481, 23, 5, 9),
(482, 40, 5, 7),
(483, 39, 5, 7),
(484, 53, 5, 2),
(485, 82, 5, 4),
(486, 1, 5, 10),
(487, 74, 5, 3),
(488, 32, 5, 9),
(489, 54, 5, 2),
(490, 12, 5, 7),
(491, 33, 5, 2),
(492, 80, 5, 2),
(493, 45, 5, 4),
(494, 58, 5, 1),
(495, 34, 5, 1),
(496, 30, 5, 1),
(497, 84, 5, 4),
(498, 48, 5, 1),
(499, 20, 5, 11),
(500, 38, 5, 2),
(501, 22, 5, 6),
(502, 76, 5, 4),
(503, 19, 5, 10),
(504, 16, 5, 6),
(505, 4, 5, 9),
(506, 71, 5, 12),
(507, 15, 5, 10),
(508, 13, 5, 6),
(509, 14, 5, 12),
(510, 8, 5, 6),
(511, 14, 6, 9),
(512, 12, 6, 3),
(513, 63, 6, 4),
(514, 41, 6, 6),
(515, 44, 6, 11),
(516, 66, 6, 9),
(517, 11, 6, 6),
(518, 65, 6, 7),
(519, 59, 6, 6),
(520, 60, 6, 9),
(521, 10, 6, 2),
(522, 2, 6, 10),
(523, 81, 6, 2),
(524, 62, 6, 4),
(525, 4, 6, 4),
(526, 74, 6, 5),
(527, 9, 6, 8),
(528, 7, 6, 5),
(529, 64, 6, 4),
(530, 68, 6, 4),
(531, 15, 6, 5),
(532, 77, 6, 2),
(533, 19, 6, 7),
(534, 67, 6, 5),
(535, 36, 6, 2),
(536, 3, 6, 6),
(537, 18, 6, 6),
(538, 31, 6, 6),
(539, 79, 6, 5),
(540, 21, 6, 4),
(541, 71, 6, 7),
(542, 17, 6, 3),
(543, 5, 6, 3),
(544, 69, 6, 5),
(545, 72, 6, 5),
(546, 29, 6, 2),
(547, 13, 6, 5),
(548, 28, 6, 3),
(549, 25, 6, 8),
(550, 42, 6, 11),
(551, 26, 6, 2),
(552, 8, 6, 4),
(553, 76, 6, 2),
(554, 75, 6, 4),
(555, 35, 6, 2),
(556, 40, 6, 4),
(557, 39, 6, 4),
(558, 78, 6, 10),
(559, 30, 6, 2),
(560, 6, 6, 10),
(561, 20, 6, 10),
(562, 82, 6, 2),
(563, 23, 6, 10),
(564, 37, 6, 7),
(565, 80, 6, 2),
(566, 83, 6, 5),
(567, 56, 6, 7),
(568, 46, 6, 4),
(569, 22, 6, 7),
(570, 27, 6, 1),
(571, 85, 6, 4),
(572, 43, 6, 1),
(573, 49, 6, 4),
(574, 53, 6, 1),
(575, 38, 6, 2),
(576, 48, 6, 1),
(577, 73, 6, 8),
(578, 54, 6, 2),
(579, 55, 6, 1),
(580, 51, 6, 3),
(581, 45, 6, 2),
(582, 50, 6, 1),
(583, 84, 6, 1),
(584, 52, 6, 5),
(585, 86, 6, 1),
(586, 57, 6, 8),
(587, 24, 6, 3),
(588, 32, 6, 13),
(589, 47, 6, 3),
(590, 34, 6, 3),
(591, 16, 6, 8),
(592, 70, 6, 11),
(593, 1, 6, 13),
(594, 61, 6, 13),
(595, 45, 7, 1),
(596, 81, 7, 1),
(597, 31, 7, 7),
(598, 28, 7, 3),
(599, 8, 7, 3),
(600, 23, 7, 8),
(601, 5, 7, 2),
(602, 55, 7, 7),
(603, 27, 7, 1),
(604, 32, 7, 9),
(605, 7, 7, 4),
(606, 42, 7, 8),
(607, 63, 7, 4),
(608, 9, 7, 10),
(609, 48, 7, 1),
(610, 69, 7, 7),
(611, 76, 7, 2),
(612, 29, 7, 4),
(613, 21, 7, 3),
(614, 6, 7, 8),
(615, 36, 7, 2),
(616, 14, 7, 8),
(617, 83, 7, 3),
(618, 10, 7, 4),
(619, 49, 7, 8),
(620, 79, 7, 3),
(621, 24, 7, 2),
(622, 61, 7, 1),
(623, 59, 7, 10),
(624, 46, 7, 1),
(625, 80, 7, 1),
(626, 38, 7, 2),
(627, 41, 7, 5),
(628, 37, 7, 4),
(629, 4, 7, 6),
(630, 47, 7, 1),
(631, 64, 7, 5),
(632, 73, 7, 7),
(633, 25, 7, 8),
(634, 1, 7, 10),
(635, 30, 7, 1),
(636, 35, 7, 2),
(637, 2, 7, 9),
(638, 60, 7, 5),
(639, 67, 7, 2),
(640, 3, 7, 9),
(641, 34, 7, 1),
(642, 20, 7, 10),
(643, 62, 7, 5),
(644, 39, 7, 5),
(645, 68, 7, 6),
(646, 78, 7, 10),
(647, 82, 7, 3),
(648, 11, 7, 7),
(649, 66, 7, 6),
(650, 77, 7, 3),
(651, 19, 7, 6),
(652, 44, 7, 10),
(653, 26, 7, 2),
(654, 71, 7, 9),
(655, 65, 7, 7),
(656, 85, 7, 3),
(657, 43, 7, 1),
(658, 17, 7, 2),
(659, 74, 7, 3),
(660, 53, 7, 1),
(661, 56, 7, 1),
(662, 40, 7, 5),
(663, 16, 7, 4),
(664, 51, 7, 2),
(665, 72, 7, 3),
(666, 50, 7, 1),
(667, 84, 7, 1),
(668, 52, 7, 1),
(669, 54, 7, 1),
(670, 58, 7, 1),
(671, 86, 7, 1),
(672, 57, 7, 1),
(673, 15, 7, 10),
(674, 33, 7, 3),
(675, 12, 7, 10),
(676, 13, 7, 5),
(677, 70, 7, 11),
(678, 22, 7, 10),
(679, 18, 7, 10),
(680, 75, 7, 8),
(681, 14, 8, 11),
(682, 64, 8, 7),
(683, 73, 8, 7),
(684, 8, 8, 5),
(685, 46, 8, 4),
(686, 82, 8, 4),
(687, 63, 8, 7),
(688, 18, 8, 7),
(689, 38, 8, 2),
(690, 48, 8, 2),
(691, 9, 8, 9),
(692, 1, 8, 9),
(693, 58, 8, 1),
(694, 61, 8, 9),
(695, 41, 8, 7),
(696, 60, 8, 7),
(697, 20, 8, 9),
(698, 34, 8, 2),
(699, 83, 8, 4),
(700, 45, 8, 4),
(701, 74, 8, 4),
(702, 47, 8, 2),
(703, 75, 8, 4),
(704, 17, 8, 5),
(705, 36, 8, 2),
(706, 65, 8, 10),
(707, 80, 8, 2),
(708, 32, 8, 10),
(709, 33, 8, 2),
(710, 43, 8, 1),
(711, 76, 8, 4),
(712, 72, 8, 4),
(713, 2, 8, 10),
(714, 11, 8, 9),
(715, 42, 8, 10),
(716, 29, 8, 7),
(717, 12, 8, 7),
(718, 21, 8, 5),
(719, 10, 8, 4),
(720, 39, 8, 7),
(721, 31, 8, 10),
(722, 59, 8, 9),
(723, 62, 8, 8),
(724, 24, 8, 2),
(725, 49, 8, 10),
(726, 69, 8, 8),
(727, 25, 8, 9),
(728, 22, 8, 7),
(729, 27, 8, 2),
(730, 13, 8, 4),
(731, 30, 8, 2),
(732, 7, 8, 5),
(733, 78, 8, 10),
(734, 19, 8, 7),
(735, 28, 8, 4),
(736, 50, 8, 1),
(737, 44, 8, 9),
(738, 66, 8, 7),
(739, 37, 8, 8),
(740, 85, 8, 7),
(741, 6, 8, 9),
(742, 67, 8, 4),
(743, 16, 8, 5),
(744, 5, 8, 4),
(745, 53, 8, 4),
(746, 79, 8, 5),
(747, 56, 8, 8),
(748, 55, 8, 9),
(749, 51, 8, 7),
(750, 23, 8, 10),
(751, 70, 8, 8),
(752, 54, 8, 2),
(753, 26, 8, 4),
(754, 84, 8, 4),
(755, 52, 8, 9),
(756, 3, 8, 9),
(757, 86, 8, 9),
(758, 57, 8, 6),
(759, 71, 8, 13),
(760, 68, 8, 9),
(761, 40, 8, 9),
(762, 15, 8, 9),
(763, 4, 8, 9),
(764, 35, 8, 6),
(765, 77, 8, 6),
(766, 81, 8, 3),
(767, 18, 9, 6),
(768, 69, 9, 4),
(769, 10, 9, 3),
(770, 11, 9, 8),
(771, 21, 9, 4),
(772, 72, 9, 2),
(773, 16, 9, 3),
(774, 28, 9, 3),
(775, 83, 9, 1),
(776, 35, 9, 1),
(777, 68, 9, 4),
(778, 7, 9, 3),
(779, 20, 9, 10),
(780, 79, 9, 4),
(781, 64, 9, 2),
(782, 26, 9, 3),
(783, 48, 9, 1),
(784, 15, 9, 7),
(785, 12, 9, 6),
(786, 29, 9, 7),
(787, 24, 9, 1),
(788, 1, 9, 10),
(789, 61, 9, 1),
(790, 22, 9, 5),
(791, 76, 9, 5),
(792, 73, 9, 7),
(793, 65, 9, 8),
(794, 30, 9, 2),
(795, 17, 9, 3),
(796, 41, 9, 7),
(797, 2, 9, 10),
(798, 80, 9, 1),
(799, 5, 9, 4),
(800, 60, 9, 2),
(801, 6, 9, 9),
(802, 9, 9, 8),
(803, 3, 9, 7),
(804, 39, 9, 1),
(805, 37, 9, 5),
(806, 25, 9, 8),
(807, 56, 9, 1),
(808, 49, 9, 1),
(809, 54, 9, 2),
(810, 82, 9, 1),
(811, 40, 9, 7),
(812, 70, 9, 7),
(813, 13, 9, 4),
(814, 19, 9, 7),
(815, 66, 9, 6),
(816, 62, 9, 6),
(817, 75, 9, 3),
(818, 36, 9, 1),
(819, 85, 9, 6),
(820, 46, 9, 1),
(821, 67, 9, 2),
(822, 14, 9, 8),
(823, 53, 9, 1),
(824, 34, 9, 2),
(825, 77, 9, 1),
(826, 45, 9, 1),
(827, 71, 9, 10),
(828, 32, 9, 9),
(829, 59, 9, 7),
(830, 50, 9, 2),
(831, 55, 9, 1),
(832, 51, 9, 1),
(833, 63, 9, 5),
(834, 42, 9, 9),
(835, 31, 9, 7),
(836, 4, 9, 7),
(837, 84, 9, 1),
(838, 52, 9, 1),
(839, 86, 9, 8),
(840, 57, 9, 1),
(841, 44, 9, 12),
(842, 23, 9, 12),
(843, 78, 9, 13),
(844, 74, 9, 6),
(845, 81, 9, 2),
(846, 33, 9, 2),
(847, 27, 9, 2),
(848, 8, 9, 6),
(849, 50, 10, 1),
(850, 82, 10, 6),
(851, 1, 10, 10),
(852, 8, 10, 4),
(853, 22, 10, 9),
(854, 4, 10, 8),
(855, 55, 10, 8),
(856, 61, 10, 10),
(857, 73, 10, 9),
(858, 76, 10, 5),
(859, 9, 10, 9),
(860, 28, 10, 7),
(861, 2, 10, 9),
(862, 14, 10, 8),
(863, 59, 10, 6),
(864, 13, 10, 5),
(865, 80, 10, 2),
(866, 79, 10, 5),
(867, 17, 10, 5),
(868, 72, 10, 4),
(869, 5, 10, 5),
(870, 30, 10, 2),
(871, 33, 10, 2),
(872, 86, 10, 6),
(873, 37, 10, 5),
(874, 85, 10, 8),
(875, 51, 10, 6),
(876, 54, 10, 2),
(877, 56, 10, 8),
(878, 38, 10, 2),
(879, 69, 10, 10),
(880, 19, 10, 8),
(881, 70, 10, 8),
(882, 44, 10, 11),
(883, 29, 10, 8),
(884, 75, 10, 6),
(885, 41, 10, 9),
(886, 45, 10, 5),
(887, 21, 10, 4),
(888, 60, 10, 9),
(889, 63, 10, 4),
(890, 35, 10, 5),
(891, 53, 10, 4),
(892, 31, 10, 7),
(893, 47, 10, 2),
(894, 24, 10, 2),
(895, 62, 10, 8),
(896, 27, 10, 2),
(897, 67, 10, 5),
(898, 65, 10, 9),
(899, 57, 10, 8),
(900, 77, 10, 5),
(901, 42, 10, 11),
(902, 23, 10, 11),
(903, 18, 10, 10),
(904, 81, 10, 3),
(905, 20, 10, 9),
(906, 7, 10, 5),
(907, 40, 10, 8),
(908, 34, 10, 2),
(909, 26, 10, 5),
(910, 32, 10, 10),
(911, 12, 10, 10),
(912, 39, 10, 8),
(913, 84, 10, 2),
(914, 3, 10, 9),
(915, 25, 10, 10),
(916, 68, 10, 4),
(917, 64, 10, 8),
(918, 46, 10, 4),
(919, 15, 10, 7),
(920, 66, 10, 9),
(921, 52, 10, 9),
(922, 74, 10, 4),
(923, 11, 10, 9),
(924, 16, 10, 4),
(925, 78, 10, 11),
(926, 10, 10, 5),
(927, 48, 10, 2),
(928, 36, 10, 2),
(929, 43, 10, 2),
(930, 6, 10, 10),
(931, 83, 10, 5),
(932, 71, 10, 11),
(933, 49, 10, 10),
(934, 74, 11, 4),
(935, 32, 11, 9),
(936, 13, 11, 4),
(937, 31, 11, 9),
(938, 82, 11, 4),
(939, 21, 11, 4),
(940, 18, 11, 7),
(941, 10, 11, 4),
(942, 5, 11, 4),
(943, 7, 11, 4),
(944, 73, 11, 7),
(945, 59, 11, 9),
(946, 30, 11, 1),
(947, 71, 11, 9),
(948, 25, 11, 9),
(949, 9, 11, 9),
(950, 14, 11, 9),
(951, 11, 11, 9),
(952, 17, 11, 4),
(953, 36, 11, 2),
(954, 65, 11, 11),
(955, 16, 11, 6),
(956, 69, 11, 7),
(957, 15, 11, 7),
(958, 80, 11, 2),
(959, 23, 11, 11),
(960, 60, 11, 7),
(961, 79, 11, 4),
(962, 2, 11, 9),
(963, 61, 11, 9),
(964, 72, 11, 4),
(965, 76, 11, 4),
(966, 3, 11, 9),
(967, 1, 11, 9),
(968, 28, 11, 4),
(969, 19, 11, 8),
(970, 75, 11, 4),
(971, 67, 11, 4),
(972, 27, 11, 2),
(973, 78, 11, 11),
(974, 40, 11, 7),
(975, 77, 11, 4),
(976, 33, 11, 2),
(977, 62, 11, 7),
(978, 22, 11, 7),
(979, 26, 11, 4),
(980, 39, 11, 7),
(981, 12, 11, 8),
(982, 6, 11, 9),
(983, 35, 11, 4),
(984, 41, 11, 7),
(985, 37, 11, 7),
(986, 24, 11, 2),
(987, 66, 11, 7),
(988, 49, 11, 10),
(989, 20, 11, 9),
(990, 64, 11, 7),
(991, 83, 11, 4),
(992, 42, 11, 10),
(993, 47, 11, 1),
(994, 85, 11, 7),
(995, 56, 11, 7),
(996, 53, 11, 4),
(997, 55, 11, 9),
(998, 51, 11, 7),
(999, 45, 11, 4),
(1000, 63, 11, 7),
(1001, 48, 11, 1),
(1002, 54, 11, 1),
(1003, 8, 11, 4),
(1004, 29, 11, 7),
(1005, 50, 11, 1),
(1006, 84, 11, 3),
(1007, 52, 11, 9),
(1008, 86, 11, 8),
(1009, 57, 11, 6),
(1010, 81, 11, 2),
(1011, 4, 11, 9),
(1012, 38, 11, 2),
(1013, 70, 11, 8),
(1014, 68, 11, 8),
(1015, 43, 11, 2),
(1016, 46, 11, 5),
(1017, 44, 11, 11),
(1018, 42, 12, 11),
(1019, 4, 12, 6),
(1020, 60, 12, 6),
(1021, 17, 12, 3),
(1022, 63, 12, 6),
(1023, 67, 12, 2),
(1024, 80, 12, 2),
(1025, 59, 12, 7),
(1026, 55, 12, 7),
(1027, 21, 12, 2),
(1028, 45, 12, 3),
(1029, 83, 12, 2),
(1030, 28, 12, 3),
(1031, 75, 12, 1),
(1032, 18, 12, 8),
(1033, 69, 12, 6),
(1034, 15, 12, 8),
(1035, 10, 12, 3),
(1036, 37, 12, 5),
(1037, 38, 12, 3),
(1038, 20, 12, 7),
(1039, 46, 12, 3),
(1040, 22, 12, 5),
(1041, 44, 12, 8),
(1042, 66, 12, 5),
(1043, 27, 12, 2),
(1044, 64, 12, 5),
(1045, 61, 12, 7),
(1046, 32, 12, 8),
(1047, 9, 12, 7),
(1048, 56, 12, 9),
(1049, 71, 12, 10),
(1050, 62, 12, 8),
(1051, 29, 12, 5),
(1052, 1, 12, 13),
(1053, 31, 12, 10),
(1054, 26, 12, 4),
(1055, 49, 12, 7),
(1056, 68, 12, 5),
(1057, 24, 12, 2),
(1058, 33, 12, 1),
(1059, 76, 12, 3),
(1060, 73, 12, 7),
(1061, 77, 12, 5),
(1062, 65, 12, 13),
(1063, 12, 12, 7),
(1064, 2, 12, 8),
(1065, 79, 12, 3),
(1066, 70, 12, 8),
(1067, 11, 12, 8),
(1068, 40, 12, 8),
(1069, 14, 12, 7),
(1070, 8, 12, 3),
(1071, 41, 12, 6),
(1072, 5, 12, 4),
(1073, 19, 12, 6),
(1074, 35, 12, 4),
(1075, 85, 12, 5),
(1076, 30, 12, 2),
(1077, 25, 12, 8),
(1078, 53, 12, 2),
(1079, 34, 12, 2),
(1080, 82, 12, 3),
(1081, 51, 12, 5),
(1082, 39, 12, 6),
(1083, 6, 12, 7),
(1084, 3, 12, 7),
(1085, 23, 12, 9),
(1086, 48, 12, 1),
(1087, 72, 12, 1),
(1088, 74, 12, 6),
(1089, 84, 12, 1),
(1090, 52, 12, 9),
(1091, 86, 12, 8),
(1092, 57, 12, 1),
(1093, 36, 12, 2),
(1094, 54, 12, 2),
(1095, 7, 12, 6),
(1096, 43, 12, 2),
(1097, 13, 12, 5),
(1098, 16, 12, 6),
(1099, 81, 12, 2),
(1100, 78, 12, 13),
(1101, 2, 14, 10),
(1102, 77, 14, 3),
(1103, 20, 14, 9),
(1104, 13, 14, 4),
(1105, 12, 14, 7),
(1106, 23, 14, 10),
(1107, 7, 14, 4),
(1108, 11, 14, 7),
(1109, 19, 14, 7),
(1110, 22, 14, 8),
(1111, 63, 14, 5),
(1112, 68, 14, 5),
(1113, 59, 14, 7),
(1114, 44, 14, 10),
(1115, 27, 14, 2),
(1116, 17, 14, 4),
(1117, 64, 14, 5),
(1118, 73, 14, 6),
(1119, 74, 14, 3),
(1120, 9, 14, 7),
(1121, 36, 14, 2),
(1122, 1, 14, 9),
(1123, 32, 14, 10),
(1124, 21, 14, 5),
(1125, 67, 14, 4),
(1126, 62, 14, 8),
(1127, 3, 14, 10),
(1128, 82, 14, 3),
(1129, 29, 14, 6),
(1130, 66, 14, 5),
(1131, 37, 14, 5),
(1132, 61, 14, 7),
(1133, 76, 14, 2),
(1134, 10, 14, 4),
(1135, 16, 14, 3),
(1136, 79, 14, 4),
(1137, 25, 14, 9),
(1138, 28, 14, 3),
(1139, 69, 14, 5),
(1140, 42, 14, 10),
(1141, 40, 14, 5),
(1142, 14, 14, 8),
(1143, 75, 14, 3),
(1144, 26, 14, 2),
(1145, 70, 14, 8),
(1146, 31, 14, 7),
(1147, 65, 14, 11),
(1148, 35, 14, 4),
(1149, 60, 14, 5),
(1150, 30, 14, 1),
(1151, 49, 14, 7),
(1152, 39, 14, 5),
(1153, 83, 14, 4),
(1154, 41, 14, 8),
(1155, 34, 14, 2),
(1156, 15, 14, 8),
(1157, 24, 14, 1),
(1158, 46, 14, 4),
(1159, 71, 14, 10),
(1160, 5, 14, 5),
(1161, 56, 14, 5),
(1162, 55, 14, 7),
(1163, 85, 14, 6),
(1164, 53, 14, 3),
(1165, 43, 14, 2),
(1166, 45, 14, 3),
(1167, 50, 14, 1),
(1168, 38, 14, 2),
(1169, 47, 14, 2),
(1170, 48, 14, 2),
(1171, 84, 14, 2),
(1172, 54, 14, 1),
(1173, 51, 14, 5),
(1174, 58, 14, 2),
(1175, 52, 14, 6),
(1176, 57, 14, 5),
(1177, 86, 14, 7),
(1178, 72, 14, 6),
(1179, 78, 14, 13),
(1180, 81, 14, 2),
(1181, 6, 14, 13),
(1182, 4, 14, 10),
(1183, 8, 14, 7),
(1184, 18, 14, 9),
(1185, 33, 14, 3),
(1186, 35, 15, 3),
(1187, 26, 15, 5),
(1188, 48, 15, 2),
(1189, 19, 15, 8),
(1190, 28, 15, 5),
(1191, 68, 15, 7),
(1192, 5, 15, 5),
(1193, 80, 15, 2),
(1194, 20, 15, 10),
(1195, 41, 15, 8),
(1196, 52, 15, 8),
(1197, 37, 15, 8),
(1198, 83, 15, 4),
(1199, 21, 15, 5),
(1200, 82, 15, 3),
(1201, 11, 15, 8),
(1202, 74, 15, 4),
(1203, 55, 15, 7),
(1204, 27, 15, 2),
(1205, 79, 15, 4),
(1206, 56, 15, 8),
(1207, 44, 15, 12),
(1208, 62, 15, 8),
(1209, 43, 15, 2),
(1210, 16, 15, 5),
(1211, 51, 15, 5),
(1212, 54, 15, 2),
(1213, 23, 15, 11),
(1214, 31, 15, 9),
(1215, 61, 15, 10),
(1216, 29, 15, 7),
(1217, 71, 15, 11),
(1218, 15, 15, 8),
(1219, 53, 15, 4),
(1220, 39, 15, 7),
(1221, 85, 15, 6),
(1222, 3, 15, 10),
(1223, 63, 15, 5),
(1224, 72, 15, 5),
(1225, 9, 15, 9),
(1226, 73, 15, 8),
(1227, 81, 15, 2),
(1228, 40, 15, 8),
(1229, 42, 15, 10),
(1230, 2, 15, 10),
(1231, 8, 15, 5),
(1232, 7, 15, 5),
(1233, 66, 15, 5),
(1234, 25, 15, 11),
(1235, 75, 15, 5),
(1236, 76, 15, 6),
(1237, 64, 15, 6),
(1238, 33, 15, 2),
(1239, 49, 15, 10),
(1240, 67, 15, 3),
(1241, 6, 15, 10),
(1242, 24, 15, 1),
(1243, 17, 15, 6),
(1244, 34, 15, 2),
(1245, 4, 15, 8),
(1246, 45, 15, 3),
(1247, 13, 15, 4),
(1248, 18, 15, 8),
(1249, 69, 15, 8),
(1250, 32, 15, 10),
(1251, 77, 15, 4),
(1252, 59, 15, 10),
(1253, 1, 15, 11),
(1254, 84, 15, 2),
(1255, 10, 15, 4),
(1256, 60, 15, 7),
(1257, 47, 15, 2),
(1258, 14, 15, 10),
(1259, 86, 15, 9),
(1260, 57, 15, 5),
(1261, 65, 15, 12),
(1262, 12, 15, 8),
(1263, 70, 15, 9),
(1264, 38, 15, 2),
(1265, 78, 15, 12),
(1266, 22, 15, 8),
(1267, 46, 15, 5),
(1268, 36, 15, 2),
(1269, 63, 16, 2),
(1270, 32, 16, 11),
(1271, 81, 16, 1),
(1272, 34, 16, 2),
(1273, 26, 16, 4),
(1274, 74, 16, 6),
(1275, 49, 16, 10),
(1276, 40, 16, 8),
(1277, 68, 16, 3),
(1278, 7, 16, 4),
(1279, 11, 16, 7),
(1280, 6, 16, 11),
(1281, 12, 16, 7),
(1282, 25, 16, 10),
(1283, 31, 16, 9),
(1284, 35, 16, 2),
(1285, 80, 16, 2),
(1286, 86, 16, 7),
(1287, 48, 16, 1),
(1288, 27, 16, 2),
(1289, 58, 16, 2),
(1290, 18, 16, 8),
(1291, 15, 16, 8),
(1292, 43, 16, 1),
(1293, 82, 16, 5),
(1294, 14, 16, 10),
(1295, 70, 16, 7),
(1296, 59, 16, 9),
(1297, 79, 16, 5),
(1298, 38, 16, 2),
(1299, 60, 16, 4),
(1300, 52, 16, 6),
(1301, 85, 16, 5),
(1302, 64, 16, 5),
(1303, 39, 16, 4),
(1304, 9, 16, 10),
(1305, 69, 16, 7),
(1306, 73, 16, 8),
(1307, 54, 16, 1),
(1308, 57, 16, 5),
(1309, 62, 16, 4),
(1310, 21, 16, 5),
(1311, 30, 16, 2),
(1312, 2, 16, 9),
(1313, 67, 16, 5),
(1314, 3, 16, 10),
(1315, 83, 16, 4),
(1316, 5, 16, 5),
(1317, 16, 16, 5),
(1318, 65, 16, 10),
(1319, 46, 16, 3),
(1320, 71, 16, 10),
(1321, 4, 16, 8),
(1322, 8, 16, 5),
(1323, 10, 16, 3),
(1324, 77, 16, 4),
(1325, 56, 16, 7),
(1326, 75, 16, 4),
(1327, 61, 16, 10),
(1328, 55, 16, 4),
(1329, 53, 16, 1),
(1330, 13, 16, 5),
(1331, 19, 16, 8),
(1332, 45, 16, 1),
(1333, 33, 16, 1),
(1334, 51, 16, 7),
(1335, 41, 16, 8),
(1336, 22, 16, 7),
(1337, 76, 16, 4),
(1338, 84, 16, 1),
(1339, 1, 16, 10),
(1340, 17, 16, 4),
(1341, 72, 16, 5),
(1342, 20, 16, 10),
(1343, 44, 16, 11),
(1344, 47, 16, 1),
(1345, 42, 16, 11),
(1346, 29, 16, 9),
(1347, 66, 16, 8),
(1348, 28, 16, 6),
(1349, 37, 16, 9),
(1350, 78, 16, 12),
(1351, 23, 16, 12),
(1352, 50, 16, 2),
(1353, 6, 17, 10),
(1354, 21, 17, 4),
(1355, 71, 17, 10),
(1356, 60, 17, 8),
(1357, 18, 17, 7),
(1358, 75, 17, 4),
(1359, 69, 17, 7),
(1360, 24, 17, 1),
(1361, 63, 17, 4),
(1362, 17, 17, 3),
(1363, 68, 17, 4),
(1364, 11, 17, 6),
(1365, 9, 17, 9),
(1366, 39, 17, 3),
(1367, 57, 17, 7),
(1368, 64, 17, 7),
(1369, 81, 17, 1),
(1370, 65, 17, 6),
(1371, 30, 17, 2),
(1372, 19, 17, 7),
(1373, 32, 17, 8),
(1374, 55, 17, 1),
(1375, 76, 17, 3),
(1376, 77, 17, 2),
(1377, 23, 17, 10),
(1378, 4, 17, 7),
(1379, 78, 17, 5),
(1380, 5, 17, 4),
(1381, 7, 17, 4),
(1382, 44, 17, 10),
(1383, 67, 17, 2),
(1384, 42, 17, 10),
(1385, 40, 17, 7),
(1386, 61, 17, 6),
(1387, 49, 17, 10),
(1388, 13, 17, 3),
(1389, 14, 17, 6),
(1390, 8, 17, 4),
(1391, 29, 17, 7),
(1392, 79, 17, 4),
(1393, 35, 17, 4),
(1394, 28, 17, 4),
(1395, 3, 17, 9),
(1396, 20, 17, 10),
(1397, 36, 17, 1),
(1398, 2, 17, 10),
(1399, 26, 17, 4),
(1400, 31, 17, 7),
(1401, 74, 17, 4),
(1402, 15, 17, 8),
(1403, 82, 17, 4),
(1404, 83, 17, 3),
(1405, 62, 17, 7),
(1406, 66, 17, 3),
(1407, 41, 17, 7),
(1408, 46, 17, 3),
(1409, 37, 17, 7),
(1410, 10, 17, 3),
(1411, 80, 17, 1),
(1412, 85, 17, 3),
(1413, 25, 17, 10),
(1414, 38, 17, 1),
(1415, 47, 17, 1),
(1416, 53, 17, 1),
(1417, 59, 17, 6),
(1418, 45, 17, 3),
(1419, 56, 17, 2),
(1420, 52, 17, 8),
(1421, 51, 17, 7),
(1422, 84, 17, 1),
(1423, 86, 17, 1),
(1424, 73, 17, 8),
(1425, 50, 17, 1),
(1426, 54, 17, 1),
(1427, 72, 17, 6),
(1428, 43, 17, 2),
(1429, 12, 17, 9),
(1430, 1, 17, 12),
(1431, 70, 17, 9),
(1432, 27, 17, 2),
(1433, 22, 17, 9),
(1434, 16, 17, 6),
(1435, 25, 18, 11),
(1436, 63, 18, 7),
(1437, 24, 18, 2),
(1438, 61, 18, 7),
(1439, 19, 18, 8),
(1440, 12, 18, 7),
(1441, 80, 18, 2),
(1442, 62, 18, 6),
(1443, 29, 18, 7),
(1444, 5, 18, 2),
(1445, 16, 18, 5),
(1446, 68, 18, 6),
(1447, 18, 18, 8),
(1448, 20, 18, 11),
(1449, 28, 18, 2),
(1450, 17, 18, 5),
(1451, 36, 18, 2),
(1452, 1, 18, 7),
(1453, 41, 18, 7),
(1454, 14, 18, 9),
(1455, 75, 18, 2),
(1456, 65, 18, 7),
(1457, 69, 18, 8),
(1458, 43, 18, 2),
(1459, 79, 18, 2),
(1460, 9, 18, 10),
(1461, 71, 18, 11),
(1462, 34, 18, 2),
(1463, 46, 18, 4),
(1464, 67, 18, 2),
(1465, 33, 18, 3),
(1466, 2, 18, 10),
(1467, 10, 18, 4),
(1468, 85, 18, 6),
(1469, 59, 18, 6),
(1470, 7, 18, 4),
(1471, 39, 18, 5),
(1472, 15, 18, 7),
(1473, 78, 18, 10),
(1474, 4, 18, 8),
(1475, 53, 18, 2),
(1476, 26, 18, 2),
(1477, 31, 18, 8),
(1478, 23, 18, 11),
(1479, 6, 18, 10),
(1480, 30, 18, 2),
(1481, 56, 18, 5),
(1482, 35, 18, 2),
(1483, 82, 18, 4),
(1484, 3, 18, 11),
(1485, 32, 18, 10),
(1486, 60, 18, 8),
(1487, 47, 18, 2),
(1488, 11, 18, 8),
(1489, 66, 18, 5),
(1490, 40, 18, 4),
(1491, 73, 18, 7),
(1492, 76, 18, 4),
(1493, 55, 18, 9),
(1494, 64, 18, 7),
(1495, 77, 18, 3),
(1496, 49, 18, 10),
(1497, 74, 18, 5),
(1498, 48, 18, 2),
(1499, 8, 18, 4),
(1500, 83, 18, 4),
(1501, 37, 18, 7),
(1502, 72, 18, 4),
(1503, 21, 18, 4),
(1504, 51, 18, 4),
(1505, 45, 18, 2),
(1506, 54, 18, 1),
(1507, 84, 18, 1),
(1508, 52, 18, 1),
(1509, 57, 18, 5),
(1510, 86, 18, 8),
(1511, 70, 18, 9),
(1512, 38, 18, 3),
(1513, 13, 18, 6),
(1514, 22, 18, 9),
(1515, 27, 18, 3),
(1516, 42, 18, 12),
(1517, 81, 18, 2),
(1518, 44, 18, 12),
(1519, 31, 19, 1),
(1520, 59, 19, 1),
(1521, 60, 19, 1),
(1522, 14, 19, 8),
(1523, 21, 19, 1),
(1524, 75, 19, 1),
(1525, 40, 19, 5),
(1526, 63, 19, 1),
(1527, 6, 19, 4),
(1528, 2, 19, 1),
(1529, 64, 19, 1),
(1530, 74, 19, 1),
(1531, 68, 19, 1),
(1532, 70, 19, 7),
(1533, 65, 19, 1),
(1534, 18, 19, 8),
(1535, 62, 19, 7),
(1536, 11, 19, 1),
(1537, 25, 19, 9),
(1538, 26, 19, 1),
(1539, 8, 19, 4),
(1540, 19, 19, 7),
(1541, 69, 19, 1),
(1542, 22, 19, 3),
(1543, 32, 19, 1),
(1544, 61, 19, 1),
(1545, 72, 19, 1),
(1546, 27, 19, 2),
(1547, 9, 19, 6),
(1548, 17, 19, 1),
(1549, 20, 19, 1),
(1550, 66, 19, 7),
(1551, 78, 19, 9),
(1552, 73, 19, 1),
(1553, 5, 19, 1),
(1554, 4, 19, 7),
(1555, 76, 19, 1),
(1556, 7, 19, 1),
(1557, 3, 19, 1),
(1558, 30, 19, 1),
(1559, 29, 19, 1),
(1560, 39, 19, 1),
(1561, 12, 19, 2),
(1562, 16, 19, 4),
(1563, 13, 19, 2),
(1564, 67, 19, 1),
(1565, 45, 19, 1),
(1566, 44, 19, 9),
(1567, 82, 19, 1),
(1568, 28, 19, 1),
(1569, 83, 19, 1),
(1570, 35, 19, 1),
(1571, 46, 19, 1),
(1572, 37, 19, 1),
(1573, 42, 19, 1),
(1574, 34, 19, 1),
(1575, 79, 19, 1),
(1576, 85, 19, 1),
(1577, 15, 19, 8),
(1578, 36, 19, 1),
(1579, 49, 19, 1),
(1580, 47, 19, 1),
(1581, 56, 19, 1),
(1582, 53, 19, 1),
(1583, 55, 19, 1),
(1584, 51, 19, 1),
(1585, 41, 19, 1),
(1586, 71, 19, 1),
(1587, 48, 19, 1),
(1588, 84, 19, 1),
(1589, 52, 19, 1),
(1590, 81, 19, 1),
(1591, 57, 19, 1),
(1592, 86, 19, 1),
(1593, 58, 19, 1),
(1594, 24, 19, 2),
(1595, 43, 19, 2),
(1596, 38, 19, 2),
(1597, 77, 19, 6),
(1598, 10, 19, 7),
(1599, 23, 19, 12),
(1600, 1, 19, 12),
(1601, 21, 20, 4),
(1602, 52, 20, 1),
(1603, 63, 20, 5),
(1604, 82, 20, 4),
(1605, 47, 20, 1),
(1606, 25, 20, 7),
(1607, 20, 20, 11),
(1608, 10, 20, 3),
(1609, 8, 20, 4),
(1610, 73, 20, 6),
(1611, 64, 20, 6),
(1612, 30, 20, 1),
(1613, 18, 20, 9),
(1614, 44, 20, 10),
(1615, 34, 20, 2),
(1616, 78, 20, 11),
(1617, 60, 20, 6),
(1618, 5, 20, 4),
(1619, 46, 20, 3),
(1620, 40, 20, 7),
(1621, 13, 20, 5),
(1622, 77, 20, 4),
(1623, 53, 20, 3),
(1624, 37, 20, 7),
(1625, 68, 20, 7),
(1626, 4, 20, 7),
(1627, 41, 20, 8),
(1628, 76, 20, 4),
(1629, 17, 20, 6),
(1630, 22, 20, 9),
(1631, 15, 20, 7),
(1632, 61, 20, 7),
(1633, 85, 20, 3),
(1634, 75, 20, 5),
(1635, 29, 20, 7),
(1636, 35, 20, 5),
(1637, 14, 20, 10),
(1638, 74, 20, 4),
(1639, 9, 20, 9),
(1640, 24, 20, 1),
(1641, 54, 20, 1),
(1642, 43, 20, 1),
(1643, 45, 20, 2),
(1644, 16, 20, 4),
(1645, 31, 20, 9),
(1646, 62, 20, 5),
(1647, 80, 20, 2),
(1648, 12, 20, 7),
(1649, 23, 20, 9),
(1650, 28, 20, 5),
(1651, 83, 20, 3),
(1652, 26, 20, 2),
(1653, 51, 20, 6),
(1654, 86, 20, 9),
(1655, 38, 20, 2),
(1656, 49, 20, 9),
(1657, 79, 20, 6),
(1658, 42, 20, 8),
(1659, 7, 20, 3),
(1660, 66, 20, 6),
(1661, 55, 20, 7),
(1662, 6, 20, 10),
(1663, 69, 20, 7),
(1664, 3, 20, 10),
(1665, 57, 20, 6),
(1666, 72, 20, 3),
(1667, 84, 20, 1),
(1668, 48, 20, 2),
(1669, 71, 20, 9),
(1670, 59, 20, 7),
(1671, 1, 20, 9),
(1672, 56, 20, 5),
(1673, 19, 20, 7),
(1674, 81, 20, 2),
(1675, 2, 20, 10),
(1676, 67, 20, 4),
(1677, 39, 20, 7),
(1678, 32, 20, 10),
(1679, 65, 20, 10),
(1680, 70, 20, 7),
(1681, 11, 20, 9),
(1682, 36, 21, 2),
(1683, 14, 21, 11),
(1684, 21, 21, 2),
(1685, 27, 21, 1),
(1686, 8, 21, 3),
(1687, 11, 21, 9),
(1688, 23, 21, 11),
(1689, 65, 21, 8),
(1690, 70, 21, 8),
(1691, 69, 21, 1),
(1692, 41, 21, 7),
(1693, 59, 21, 10),
(1694, 35, 21, 4),
(1695, 17, 21, 4),
(1696, 71, 21, 8),
(1697, 60, 21, 4),
(1698, 42, 21, 11),
(1699, 3, 21, 9),
(1700, 5, 21, 4),
(1701, 80, 21, 2),
(1702, 68, 21, 4),
(1703, 77, 21, 4),
(1704, 1, 21, 11),
(1705, 72, 21, 3),
(1706, 49, 21, 9),
(1707, 64, 21, 5),
(1708, 4, 21, 7),
(1709, 28, 21, 2),
(1710, 67, 21, 4),
(1711, 47, 21, 2),
(1712, 83, 21, 3),
(1713, 18, 21, 8),
(1714, 7, 21, 4),
(1715, 16, 21, 3),
(1716, 76, 21, 2),
(1717, 15, 21, 7),
(1718, 38, 21, 2),
(1719, 37, 21, 7),
(1720, 31, 21, 10),
(1721, 25, 21, 10),
(1722, 26, 21, 4),
(1723, 46, 21, 4),
(1724, 9, 21, 11),
(1725, 33, 21, 1),
(1726, 82, 21, 3),
(1727, 62, 21, 7),
(1728, 61, 21, 8),
(1729, 45, 21, 4),
(1730, 39, 21, 7),
(1731, 19, 21, 7),
(1732, 13, 21, 3),
(1733, 30, 21, 2),
(1734, 20, 21, 10),
(1735, 2, 21, 10),
(1736, 73, 21, 7),
(1737, 85, 21, 7),
(1738, 79, 21, 2),
(1739, 34, 21, 2),
(1740, 66, 21, 7),
(1741, 55, 21, 8),
(1742, 74, 21, 2),
(1743, 29, 21, 8),
(1744, 53, 21, 1),
(1745, 24, 21, 2),
(1746, 10, 21, 4),
(1747, 54, 21, 1),
(1748, 78, 21, 11),
(1749, 56, 21, 6),
(1750, 52, 21, 1),
(1751, 84, 21, 1),
(1752, 51, 21, 1),
(1753, 57, 21, 4),
(1754, 86, 21, 1),
(1755, 48, 21, 1),
(1756, 44, 21, 11),
(1757, 22, 21, 9),
(1758, 63, 21, 8),
(1759, 32, 21, 11),
(1760, 75, 21, 6),
(1761, 6, 21, 11),
(1762, 40, 21, 8),
(1763, 12, 21, 8),
(1764, 3, 22, 6),
(1765, 59, 22, 6),
(1766, 29, 22, 3),
(1767, 80, 22, 2),
(1768, 72, 22, 1),
(1769, 11, 22, 9),
(1770, 21, 22, 4),
(1771, 20, 22, 6),
(1772, 40, 22, 6),
(1773, 63, 22, 2),
(1774, 68, 22, 2),
(1775, 23, 22, 6),
(1776, 73, 22, 5),
(1777, 64, 22, 3),
(1778, 4, 22, 3),
(1779, 46, 22, 3),
(1780, 16, 22, 4),
(1781, 77, 22, 2),
(1782, 17, 22, 4),
(1783, 8, 22, 2),
(1784, 14, 22, 6),
(1785, 65, 22, 7),
(1786, 41, 22, 5),
(1787, 36, 22, 2),
(1788, 62, 22, 2),
(1789, 10, 22, 2),
(1790, 30, 22, 2),
(1791, 42, 22, 9),
(1792, 1, 22, 6),
(1793, 5, 22, 2),
(1794, 18, 22, 4),
(1795, 33, 22, 1),
(1796, 7, 22, 3),
(1797, 69, 22, 5),
(1798, 38, 22, 2),
(1799, 61, 22, 6),
(1800, 66, 22, 1),
(1801, 37, 22, 5),
(1802, 81, 22, 1),
(1803, 82, 22, 1),
(1804, 79, 22, 3),
(1805, 12, 22, 5),
(1806, 60, 22, 5),
(1807, 28, 22, 2),
(1808, 49, 22, 6),
(1809, 26, 22, 1),
(1810, 85, 22, 1),
(1811, 71, 22, 6),
(1812, 78, 22, 8),
(1813, 31, 22, 8),
(1814, 39, 22, 6),
(1815, 2, 22, 7),
(1816, 55, 22, 6),
(1817, 25, 22, 6),
(1818, 83, 22, 2),
(1819, 67, 22, 2),
(1820, 56, 22, 1),
(1821, 15, 22, 2),
(1822, 74, 22, 4),
(1823, 76, 22, 1),
(1824, 45, 22, 4),
(1825, 35, 22, 2),
(1826, 53, 22, 2),
(1827, 44, 22, 6),
(1828, 84, 22, 1),
(1829, 27, 22, 2),
(1830, 52, 22, 5),
(1831, 51, 22, 1),
(1832, 50, 22, 2),
(1833, 86, 22, 5),
(1834, 57, 22, 1),
(1835, 47, 22, 1),
(1836, 9, 22, 11),
(1837, 75, 22, 6),
(1838, 22, 22, 9),
(1839, 13, 22, 6),
(1840, 70, 22, 8),
(1841, 32, 22, 11),
(1842, 6, 22, 11),
(1843, 19, 22, 9),
(1844, 3, 26, 9),
(1845, 67, 26, 4),
(1846, 45, 26, 4),
(1847, 21, 26, 5),
(1848, 81, 26, 2),
(1849, 60, 26, 5),
(1850, 11, 26, 8),
(1851, 30, 26, 1),
(1852, 8, 26, 2),
(1853, 49, 26, 10),
(1854, 56, 26, 7),
(1855, 78, 26, 10),
(1856, 19, 26, 8),
(1857, 70, 26, 7),
(1858, 83, 26, 4),
(1859, 1, 26, 10),
(1860, 31, 26, 9),
(1861, 59, 26, 10),
(1862, 13, 26, 4),
(1863, 10, 26, 4),
(1864, 26, 26, 3),
(1865, 27, 26, 1),
(1866, 68, 26, 6),
(1867, 53, 26, 2),
(1868, 62, 26, 7),
(1869, 66, 26, 7),
(1870, 42, 26, 9),
(1871, 29, 26, 7),
(1872, 34, 26, 2),
(1873, 35, 26, 3),
(1874, 76, 26, 4),
(1875, 37, 26, 7),
(1876, 23, 26, 10),
(1877, 18, 26, 7),
(1878, 43, 26, 2),
(1879, 6, 26, 10),
(1880, 85, 26, 7),
(1881, 7, 26, 5),
(1882, 82, 26, 4),
(1883, 44, 26, 10),
(1884, 63, 26, 7),
(1885, 28, 26, 4),
(1886, 48, 26, 1),
(1887, 65, 26, 10),
(1888, 58, 26, 1),
(1889, 4, 26, 7),
(1890, 73, 26, 7),
(1891, 54, 26, 1),
(1892, 20, 26, 10),
(1893, 32, 26, 11),
(1894, 79, 26, 3),
(1895, 9, 26, 9),
(1896, 47, 26, 2),
(1897, 12, 26, 9),
(1898, 5, 26, 2),
(1899, 61, 26, 7),
(1900, 50, 26, 2),
(1901, 77, 26, 3),
(1902, 33, 26, 2),
(1903, 75, 26, 4),
(1904, 51, 26, 6),
(1905, 69, 26, 6),
(1906, 64, 26, 5),
(1907, 72, 26, 3),
(1908, 25, 26, 8),
(1909, 39, 26, 7),
(1910, 55, 26, 7),
(1911, 74, 26, 4),
(1912, 46, 26, 4),
(1913, 84, 26, 2),
(1914, 80, 26, 1),
(1915, 41, 26, 8),
(1916, 38, 26, 1),
(1917, 52, 26, 7),
(1918, 40, 26, 8),
(1919, 57, 26, 3),
(1920, 86, 26, 5),
(1921, 17, 26, 6),
(1922, 16, 26, 6),
(1923, 22, 26, 9),
(1924, 15, 26, 9),
(1925, 36, 26, 1),
(1926, 2, 26, 11),
(1927, 71, 26, 11),
(1928, 14, 26, 12),
(1929, 17, 28, 4),
(1930, 11, 28, 8),
(1931, 29, 28, 7),
(1932, 50, 28, 1),
(1933, 37, 28, 7),
(1934, 63, 28, 4),
(1935, 70, 28, 7),
(1936, 60, 28, 5),
(1937, 24, 28, 1),
(1938, 8, 28, 5),
(1939, 61, 28, 6),
(1940, 40, 28, 7),
(1941, 15, 28, 7),
(1942, 59, 28, 6),
(1943, 14, 28, 7),
(1944, 71, 28, 10),
(1945, 64, 28, 5),
(1946, 22, 28, 7),
(1947, 26, 28, 5),
(1948, 3, 28, 8),
(1949, 44, 28, 9),
(1950, 27, 28, 2),
(1951, 45, 28, 4),
(1952, 66, 28, 5),
(1953, 4, 28, 8),
(1954, 20, 28, 9),
(1955, 25, 28, 9),
(1956, 67, 28, 3),
(1957, 76, 28, 3),
(1958, 81, 28, 2),
(1959, 82, 28, 5),
(1960, 10, 28, 5),
(1961, 72, 28, 4),
(1962, 68, 28, 7),
(1963, 32, 28, 10),
(1964, 7, 28, 5),
(1965, 74, 28, 5),
(1966, 77, 28, 4),
(1967, 21, 28, 5),
(1968, 47, 28, 2),
(1969, 5, 28, 5),
(1970, 23, 28, 11),
(1971, 9, 28, 8),
(1972, 80, 28, 2),
(1973, 48, 28, 2),
(1974, 1, 28, 10),
(1975, 31, 28, 7),
(1976, 73, 28, 8),
(1977, 46, 28, 5),
(1978, 38, 28, 2),
(1979, 13, 28, 5),
(1980, 53, 28, 4),
(1981, 55, 28, 6),
(1982, 43, 28, 2),
(1983, 6, 28, 10),
(1984, 33, 28, 2),
(1985, 12, 28, 7),
(1986, 2, 28, 7),
(1987, 56, 28, 7),
(1988, 35, 28, 5),
(1989, 62, 28, 7),
(1990, 16, 28, 5),
(1991, 85, 28, 5),
(1992, 79, 28, 5),
(1993, 75, 28, 4),
(1994, 39, 28, 8),
(1995, 65, 28, 10),
(1996, 69, 28, 7),
(1997, 51, 28, 7),
(1998, 84, 28, 2),
(1999, 36, 28, 1),
(2000, 83, 28, 4),
(2001, 30, 28, 2),
(2002, 52, 28, 9),
(2003, 57, 28, 5),
(2004, 86, 28, 8),
(2005, 58, 28, 1),
(2006, 19, 28, 8),
(2007, 54, 28, 2),
(2008, 78, 28, 11),
(2009, 49, 28, 11),
(2010, 28, 28, 5),
(2011, 41, 28, 9),
(2012, 18, 28, 9),
(2013, 42, 28, 11),
(2014, 67, 29, 4),
(2015, 3, 29, 10),
(2016, 74, 29, 5),
(2017, 10, 29, 5),
(2018, 78, 29, 9),
(2019, 65, 29, 10),
(2020, 11, 29, 5),
(2021, 20, 29, 10),
(2022, 68, 29, 3),
(2023, 16, 29, 5),
(2024, 30, 29, 2),
(2025, 46, 29, 5),
(2026, 40, 29, 7),
(2027, 73, 29, 7),
(2028, 23, 29, 10),
(2029, 36, 29, 2),
(2030, 76, 29, 3),
(2031, 79, 29, 2),
(2032, 69, 29, 7),
(2033, 24, 29, 1),
(2034, 14, 29, 10),
(2035, 2, 29, 9),
(2036, 4, 29, 8),
(2037, 32, 29, 10),
(2038, 59, 29, 5),
(2039, 12, 29, 8),
(2040, 8, 29, 5),
(2041, 9, 29, 8),
(2042, 15, 29, 8),
(2043, 48, 29, 2),
(2044, 75, 29, 1),
(2045, 54, 29, 2),
(2046, 71, 29, 10),
(2047, 61, 29, 8),
(2048, 28, 29, 5),
(2049, 77, 29, 2),
(2050, 66, 29, 6),
(2051, 25, 29, 1),
(2052, 47, 29, 2),
(2053, 29, 29, 1),
(2054, 39, 29, 2),
(2055, 42, 29, 11),
(2056, 60, 29, 8),
(2057, 63, 29, 4),
(2058, 37, 29, 7),
(2059, 19, 29, 7),
(2060, 35, 29, 5),
(2061, 31, 29, 7),
(2062, 6, 29, 10),
(2063, 26, 29, 3),
(2064, 1, 29, 5),
(2065, 41, 29, 8),
(2066, 21, 29, 5),
(2067, 50, 29, 2),
(2068, 64, 29, 8),
(2069, 17, 29, 4),
(2070, 44, 29, 11),
(2071, 72, 29, 4),
(2072, 13, 29, 5),
(2073, 34, 29, 2),
(2074, 56, 29, 1),
(2075, 45, 29, 3),
(2076, 55, 29, 1),
(2077, 62, 29, 8),
(2078, 85, 29, 1),
(2079, 53, 29, 1),
(2080, 83, 29, 5),
(2081, 82, 29, 4),
(2082, 33, 29, 2),
(2083, 80, 29, 2),
(2084, 84, 29, 3),
(2085, 7, 29, 5),
(2086, 52, 29, 6),
(2087, 51, 29, 1),
(2088, 57, 29, 2),
(2089, 86, 29, 1),
(2090, 22, 29, 9),
(2091, 81, 29, 2),
(2092, 18, 29, 9),
(2093, 5, 29, 5),
(2094, 43, 29, 3),
(2095, 27, 29, 2),
(2096, 49, 29, 12),
(2097, 70, 29, 8),
(2098, 38, 31, 1),
(2099, 21, 31, 5),
(2100, 81, 31, 2),
(2101, 64, 31, 5),
(2102, 56, 31, 4),
(2103, 72, 31, 3),
(2104, 78, 31, 7),
(2105, 12, 31, 6),
(2106, 82, 31, 2),
(2107, 68, 31, 4),
(2108, 75, 31, 2),
(2109, 3, 31, 9),
(2110, 65, 31, 6),
(2111, 26, 31, 3),
(2112, 5, 31, 4),
(2113, 62, 31, 5),
(2114, 31, 31, 10),
(2115, 61, 31, 10),
(2116, 67, 31, 2),
(2117, 60, 31, 4),
(2118, 47, 31, 1),
(2119, 85, 31, 5),
(2120, 8, 31, 3),
(2121, 11, 31, 8),
(2122, 9, 31, 9),
(2123, 2, 31, 7),
(2124, 20, 31, 6),
(2125, 52, 31, 8),
(2126, 34, 31, 2),
(2127, 76, 31, 3),
(2128, 44, 31, 8),
(2129, 16, 31, 4),
(2130, 55, 31, 10),
(2131, 40, 31, 5),
(2132, 73, 31, 6),
(2133, 14, 31, 9),
(2134, 35, 31, 5),
(2135, 79, 31, 3),
(2136, 22, 31, 6),
(2137, 17, 31, 3),
(2138, 59, 31, 6),
(2139, 32, 31, 7),
(2140, 28, 31, 2),
(2141, 63, 31, 5),
(2142, 25, 31, 8),
(2143, 57, 31, 5),
(2144, 83, 31, 4),
(2145, 77, 31, 2),
(2146, 27, 31, 1),
(2147, 54, 31, 2),
(2148, 70, 31, 6),
(2149, 30, 31, 2),
(2150, 1, 31, 9),
(2151, 46, 31, 2),
(2152, 15, 31, 5),
(2153, 49, 31, 10),
(2154, 7, 31, 5),
(2155, 53, 31, 4),
(2156, 4, 31, 5),
(2157, 10, 31, 5),
(2158, 74, 31, 3),
(2159, 45, 31, 2),
(2160, 41, 31, 6),
(2161, 23, 31, 10),
(2162, 39, 31, 5),
(2163, 42, 31, 9),
(2164, 80, 31, 2),
(2165, 69, 31, 4),
(2166, 29, 31, 5),
(2167, 84, 31, 2),
(2168, 51, 31, 6),
(2169, 86, 31, 7),
(2170, 66, 31, 6),
(2171, 13, 31, 5),
(2172, 19, 31, 8),
(2173, 18, 31, 8),
(2174, 6, 31, 11),
(2175, 37, 31, 7),
(2176, 71, 31, 11),
(2177, 36, 31, 2),
(2178, 43, 31, 2),
(2179, 69, 32, 7),
(2180, 4, 32, 8),
(2181, 72, 32, 4),
(2182, 45, 32, 3),
(2183, 68, 32, 6),
(2184, 12, 32, 8),
(2185, 63, 32, 1),
(2186, 49, 32, 11),
(2187, 22, 32, 7),
(2188, 76, 32, 1),
(2189, 3, 32, 8),
(2190, 37, 32, 8),
(2191, 66, 32, 8),
(2192, 46, 32, 5),
(2193, 64, 32, 3),
(2194, 8, 32, 3),
(2195, 16, 32, 5),
(2196, 75, 32, 5),
(2197, 32, 32, 10),
(2198, 48, 32, 2),
(2199, 27, 32, 1),
(2200, 18, 32, 7),
(2201, 23, 32, 11),
(2202, 14, 32, 10),
(2203, 41, 32, 6),
(2204, 21, 32, 3),
(2205, 71, 32, 10),
(2206, 7, 32, 5),
(2207, 38, 32, 2),
(2208, 86, 32, 4),
(2209, 73, 32, 5),
(2210, 36, 32, 2),
(2211, 9, 32, 7),
(2212, 56, 32, 8),
(2213, 15, 32, 7),
(2214, 43, 32, 1),
(2215, 78, 32, 11),
(2216, 1, 32, 10),
(2217, 42, 32, 11),
(2218, 10, 32, 7),
(2219, 84, 32, 1),
(2220, 82, 32, 4),
(2221, 20, 32, 10),
(2222, 47, 32, 2),
(2223, 53, 32, 4),
(2224, 77, 32, 5),
(2225, 74, 32, 4),
(2226, 62, 32, 5),
(2227, 50, 32, 1),
(2228, 60, 32, 7),
(2229, 19, 32, 9),
(2230, 26, 32, 3),
(2231, 35, 32, 1),
(2232, 25, 32, 9),
(2233, 80, 32, 1),
(2234, 13, 32, 4),
(2235, 61, 32, 10),
(2236, 79, 32, 4),
(2237, 44, 32, 10),
(2238, 28, 32, 5),
(2239, 55, 32, 1),
(2240, 29, 32, 7),
(2241, 17, 32, 5),
(2242, 85, 32, 1),
(2243, 51, 32, 2),
(2244, 33, 32, 1),
(2245, 59, 32, 9),
(2246, 24, 32, 2),
(2247, 34, 32, 1),
(2248, 6, 32, 10),
(2249, 83, 32, 5),
(2250, 52, 32, 8),
(2251, 40, 32, 8),
(2252, 5, 32, 4),
(2253, 57, 32, 1),
(2254, 31, 32, 10),
(2255, 2, 32, 10),
(2256, 65, 32, 10),
(2257, 67, 32, 4),
(2258, 70, 32, 7),
(2259, 39, 32, 8),
(2260, 11, 32, 9),
(2261, 81, 32, 2),
(2262, 83, 33, 5),
(2263, 5, 33, 4),
(2264, 15, 33, 6),
(2265, 50, 33, 1),
(2266, 22, 33, 7),
(2267, 29, 33, 7),
(2268, 65, 33, 10),
(2269, 7, 33, 3),
(2270, 69, 33, 7),
(2271, 64, 33, 2),
(2272, 18, 33, 9),
(2273, 71, 33, 9),
(2274, 81, 33, 1),
(2275, 25, 33, 9),
(2276, 68, 33, 7),
(2277, 80, 33, 1),
(2278, 19, 33, 7),
(2279, 26, 33, 3),
(2280, 30, 33, 2),
(2281, 61, 33, 6),
(2282, 11, 33, 9),
(2283, 77, 33, 2),
(2284, 38, 33, 2),
(2285, 13, 33, 4),
(2286, 35, 33, 4),
(2287, 16, 33, 4),
(2288, 49, 33, 7),
(2289, 75, 33, 4),
(2290, 60, 33, 7),
(2291, 9, 33, 9),
(2292, 21, 33, 4),
(2293, 67, 33, 3),
(2294, 28, 33, 3),
(2295, 3, 33, 9),
(2296, 63, 33, 3),
(2297, 59, 33, 6),
(2298, 32, 33, 8),
(2299, 79, 33, 2),
(2300, 37, 33, 7),
(2301, 12, 33, 8),
(2302, 46, 33, 4),
(2303, 14, 33, 9),
(2304, 51, 33, 4),
(2305, 41, 33, 5),
(2306, 62, 33, 7),
(2307, 31, 33, 7),
(2308, 39, 33, 4),
(2309, 8, 33, 6),
(2310, 4, 33, 7),
(2311, 56, 33, 5),
(2312, 17, 33, 4),
(2313, 70, 33, 7),
(2314, 82, 33, 3),
(2315, 85, 33, 4),
(2316, 72, 33, 5),
(2317, 44, 33, 10),
(2318, 45, 33, 2),
(2319, 57, 33, 4),
(2320, 10, 33, 6),
(2321, 76, 33, 4),
(2322, 54, 33, 2),
(2323, 43, 33, 2),
(2324, 53, 33, 1),
(2325, 74, 33, 4),
(2326, 40, 33, 7),
(2327, 66, 33, 7),
(2328, 55, 33, 7),
(2329, 73, 33, 6),
(2330, 84, 33, 1),
(2331, 52, 33, 7),
(2332, 78, 33, 9),
(2333, 86, 33, 6),
(2334, 58, 33, 1),
(2335, 36, 33, 1),
(2336, 33, 33, 1),
(2337, 34, 33, 3),
(2338, 1, 33, 10),
(2339, 23, 33, 10),
(2340, 42, 33, 9),
(2341, 2, 33, 10),
(2342, 20, 33, 8),
(2343, 6, 33, 11),
(2344, 48, 33, 1),
(2345, 9, 34, 9),
(2346, 21, 34, 3),
(2347, 68, 34, 5),
(2348, 29, 34, 4),
(2349, 59, 34, 9),
(2350, 63, 34, 6),
(2351, 73, 34, 5),
(2352, 6, 34, 9),
(2353, 62, 34, 3),
(2354, 46, 34, 3),
(2355, 18, 34, 5),
(2356, 14, 34, 9),
(2357, 28, 34, 3),
(2358, 16, 34, 3),
(2359, 4, 34, 6),
(2360, 19, 34, 7),
(2361, 65, 34, 6),
(2362, 11, 34, 6),
(2363, 45, 34, 2),
(2364, 57, 34, 4),
(2365, 77, 34, 2),
(2366, 23, 34, 7),
(2367, 81, 34, 1),
(2368, 60, 34, 6),
(2369, 85, 34, 3),
(2370, 70, 34, 5),
(2371, 82, 34, 3),
(2372, 8, 34, 2),
(2373, 69, 34, 2),
(2374, 24, 34, 2),
(2375, 67, 34, 4),
(2376, 61, 34, 8),
(2377, 25, 34, 8),
(2378, 32, 34, 8),
(2379, 10, 34, 1),
(2380, 55, 34, 5),
(2381, 66, 34, 4),
(2382, 26, 34, 1),
(2383, 2, 34, 9),
(2384, 80, 34, 1),
(2385, 49, 34, 7),
(2386, 76, 34, 3),
(2387, 34, 34, 1),
(2388, 78, 34, 8),
(2389, 79, 34, 1),
(2390, 39, 34, 1),
(2391, 31, 34, 3),
(2392, 1, 34, 9),
(2393, 35, 34, 3),
(2394, 3, 34, 6),
(2395, 42, 34, 8),
(2396, 56, 34, 5),
(2397, 54, 34, 1),
(2398, 41, 34, 1),
(2399, 40, 34, 5),
(2400, 83, 34, 1),
(2401, 38, 34, 1),
(2402, 17, 34, 3),
(2403, 44, 34, 8),
(2404, 37, 34, 5),
(2405, 22, 34, 5),
(2406, 48, 34, 1),
(2407, 52, 34, 1),
(2408, 64, 34, 6),
(2409, 86, 34, 1),
(2410, 5, 34, 3),
(2411, 84, 34, 1),
(2412, 20, 34, 8),
(2413, 53, 34, 1),
(2414, 75, 34, 4),
(2415, 13, 34, 4),
(2416, 15, 34, 8),
(2417, 72, 34, 4),
(2418, 43, 34, 2),
(2419, 74, 34, 4),
(2420, 12, 34, 9),
(2421, 71, 34, 10),
(2422, 7, 34, 5),
(2423, 66, 35, 7),
(2424, 54, 35, 1),
(2425, 6, 35, 9),
(2426, 68, 35, 6),
(2427, 42, 35, 10),
(2428, 49, 35, 8),
(2429, 27, 35, 1),
(2430, 3, 35, 8),
(2431, 63, 35, 5),
(2432, 83, 35, 3),
(2433, 41, 35, 6),
(2434, 60, 35, 6),
(2435, 22, 35, 7),
(2436, 32, 35, 9),
(2437, 11, 35, 9),
(2438, 74, 35, 3),
(2439, 20, 35, 8),
(2440, 37, 35, 6),
(2441, 21, 35, 3),
(2442, 69, 35, 6),
(2443, 19, 35, 7),
(2444, 1, 35, 9),
(2445, 26, 35, 4),
(2446, 13, 35, 4),
(2447, 2, 35, 7),
(2448, 61, 35, 7),
(2449, 25, 35, 10),
(2450, 85, 35, 7),
(2451, 81, 35, 2),
(2452, 9, 35, 7),
(2453, 80, 35, 1),
(2454, 18, 35, 6),
(2455, 36, 35, 1),
(2456, 46, 35, 4),
(2457, 28, 35, 4),
(2458, 62, 35, 7),
(2459, 79, 35, 3),
(2460, 64, 35, 6),
(2461, 29, 35, 6),
(2462, 75, 35, 3),
(2463, 59, 35, 7),
(2464, 48, 35, 1),
(2465, 39, 35, 6),
(2466, 73, 35, 6),
(2467, 82, 35, 4),
(2468, 65, 35, 9),
(2469, 4, 35, 7),
(2470, 40, 35, 7),
(2471, 7, 35, 3),
(2472, 43, 35, 2),
(2473, 31, 35, 7),
(2474, 72, 35, 3),
(2475, 45, 35, 4),
(2476, 67, 35, 4),
(2477, 14, 35, 10),
(2478, 77, 35, 4),
(2479, 15, 35, 7),
(2480, 44, 35, 9),
(2481, 35, 35, 3),
(2482, 12, 35, 7),
(2483, 57, 35, 5),
(2484, 10, 35, 5),
(2485, 24, 35, 1),
(2486, 56, 35, 6),
(2487, 55, 35, 7),
(2488, 34, 35, 2),
(2489, 53, 35, 2),
(2490, 84, 35, 2),
(2491, 52, 35, 8),
(2492, 16, 35, 4),
(2493, 86, 35, 7),
(2494, 51, 35, 1),
(2495, 17, 35, 5),
(2496, 70, 35, 7),
(2497, 47, 35, 2),
(2498, 76, 35, 6),
(2499, 78, 35, 11),
(2500, 5, 35, 5),
(2501, 71, 35, 10),
(2502, 23, 35, 11),
(2503, 8, 35, 5),
(2504, 68, 36, 5),
(2505, 19, 36, 5),
(2506, 36, 36, 1),
(2507, 73, 36, 9),
(2508, 61, 36, 7),
(2509, 82, 36, 2),
(2510, 13, 36, 5),
(2511, 4, 36, 6),
(2512, 63, 36, 4),
(2513, 84, 36, 2),
(2514, 39, 36, 5),
(2515, 59, 36, 7),
(2516, 60, 36, 6),
(2517, 41, 36, 5),
(2518, 69, 36, 5),
(2519, 65, 36, 7),
(2520, 74, 36, 2),
(2521, 47, 36, 2),
(2522, 1, 36, 7),
(2523, 77, 36, 4),
(2524, 7, 36, 6),
(2525, 26, 36, 2),
(2526, 32, 36, 7),
(2527, 79, 36, 4),
(2528, 66, 36, 4),
(2529, 18, 36, 9),
(2530, 62, 36, 4),
(2531, 21, 36, 5),
(2532, 37, 36, 5),
(2533, 44, 36, 6),
(2534, 15, 36, 5),
(2535, 23, 36, 11),
(2536, 76, 36, 2),
(2537, 29, 36, 4),
(2538, 75, 36, 3),
(2539, 40, 36, 6),
(2540, 12, 36, 5),
(2541, 2, 36, 7),
(2542, 43, 36, 1),
(2543, 6, 36, 8),
(2544, 14, 36, 7),
(2545, 70, 36, 7),
(2546, 22, 36, 6),
(2547, 55, 36, 7),
(2548, 46, 36, 5),
(2549, 71, 36, 8),
(2550, 30, 36, 2),
(2551, 28, 36, 2),
(2552, 25, 36, 6),
(2553, 34, 36, 1),
(2554, 17, 36, 4),
(2555, 10, 36, 2),
(2556, 35, 36, 3),
(2557, 38, 36, 2),
(2558, 83, 36, 2),
(2559, 80, 36, 1),
(2560, 16, 36, 5),
(2561, 56, 36, 4),
(2562, 42, 36, 7),
(2563, 48, 36, 1),
(2564, 9, 36, 6),
(2565, 45, 36, 2),
(2566, 64, 36, 5),
(2567, 67, 36, 2),
(2568, 27, 36, 2),
(2569, 20, 36, 7),
(2570, 53, 36, 2),
(2571, 49, 36, 7),
(2572, 78, 36, 9),
(2573, 8, 36, 5),
(2574, 31, 36, 7),
(2575, 81, 36, 1),
(2576, 51, 36, 6),
(2577, 57, 36, 7),
(2578, 3, 36, 7),
(2579, 24, 36, 1),
(2580, 11, 36, 7),
(2581, 54, 36, 1),
(2582, 58, 36, 1),
(2583, 86, 36, 7),
(2584, 50, 36, 1),
(2585, 52, 36, 6),
(2586, 72, 36, 6),
(2587, 5, 36, 2),
(2588, 85, 36, 5),
(2589, 35, 37, 3),
(2590, 76, 37, 3),
(2591, 85, 37, 1),
(2592, 48, 37, 1),
(2593, 19, 37, 7),
(2594, 3, 37, 5),
(2595, 10, 37, 4),
(2596, 56, 37, 2),
(2597, 68, 37, 5),
(2598, 59, 37, 7),
(2599, 5, 37, 4),
(2600, 4, 37, 7),
(2601, 34, 37, 2),
(2602, 54, 37, 1),
(2603, 84, 37, 3),
(2604, 25, 37, 9),
(2605, 26, 37, 2),
(2606, 28, 37, 4),
(2607, 86, 37, 4),
(2608, 1, 37, 9),
(2609, 40, 37, 6),
(2610, 70, 37, 7),
(2611, 57, 37, 6),
(2612, 16, 37, 4),
(2613, 44, 37, 10),
(2614, 22, 37, 6),
(2615, 37, 37, 8),
(2616, 41, 37, 6),
(2617, 43, 37, 1),
(2618, 20, 37, 8),
(2619, 60, 37, 5),
(2620, 69, 37, 6),
(2621, 83, 37, 4),
(2622, 47, 37, 1),
(2623, 71, 37, 10),
(2624, 24, 37, 2),
(2625, 6, 37, 9),
(2626, 27, 37, 2),
(2627, 63, 37, 3),
(2628, 67, 37, 4),
(2629, 49, 37, 9),
(2630, 79, 37, 5),
(2631, 81, 37, 1),
(2632, 82, 37, 4),
(2633, 42, 37, 10),
(2634, 78, 37, 10),
(2635, 9, 37, 9),
(2636, 61, 37, 5),
(2637, 39, 37, 5),
(2638, 21, 37, 4),
(2639, 80, 37, 2),
(2640, 77, 37, 4),
(2641, 11, 37, 5),
(2642, 65, 37, 9),
(2643, 33, 37, 1),
(2644, 15, 37, 6),
(2645, 64, 37, 4),
(2646, 75, 37, 4),
(2647, 55, 37, 7),
(2648, 73, 37, 6),
(2649, 45, 37, 1),
(2650, 2, 37, 7),
(2651, 52, 37, 8),
(2652, 29, 37, 6),
(2653, 17, 37, 4),
(2654, 32, 37, 9),
(2655, 12, 37, 7),
(2656, 23, 37, 11),
(2657, 51, 37, 1),
(2658, 74, 37, 4),
(2659, 14, 37, 8),
(2660, 62, 37, 8),
(2661, 31, 37, 5),
(2662, 66, 37, 8),
(2663, 30, 37, 1),
(2664, 18, 37, 8),
(2665, 8, 37, 6),
(2666, 7, 37, 6),
(2667, 13, 37, 4),
(2668, 72, 37, 4),
(2669, 38, 37, 2),
(2670, 53, 37, 3),
(2671, 46, 37, 5),
(2672, 37, 38, 4),
(2673, 83, 38, 5),
(2674, 61, 38, 8),
(2675, 56, 38, 5),
(2676, 40, 38, 5),
(2677, 67, 38, 4),
(2678, 59, 38, 8),
(2679, 1, 38, 9),
(2680, 47, 38, 2),
(2681, 85, 38, 4),
(2682, 66, 38, 7),
(2683, 13, 38, 5),
(2684, 78, 38, 8),
(2685, 9, 38, 11),
(2686, 80, 38, 2),
(2687, 17, 38, 4),
(2688, 6, 38, 11),
(2689, 63, 38, 4),
(2690, 79, 38, 4),
(2691, 73, 38, 9),
(2692, 8, 38, 5),
(2693, 75, 38, 5),
(2694, 10, 38, 5),
(2695, 74, 38, 4),
(2696, 19, 38, 5),
(2697, 26, 38, 1),
(2698, 64, 38, 5),
(2699, 27, 38, 2),
(2700, 65, 38, 7),
(2701, 28, 38, 3),
(2702, 36, 38, 2),
(2703, 4, 38, 7),
(2704, 14, 38, 8),
(2705, 11, 38, 7),
(2706, 70, 38, 8),
(2707, 7, 38, 5),
(2708, 60, 38, 6),
(2709, 3, 38, 7),
(2710, 33, 38, 2),
(2711, 20, 38, 9),
(2712, 29, 38, 7),
(2713, 25, 38, 9),
(2714, 39, 38, 4),
(2715, 69, 38, 7),
(2716, 54, 38, 1),
(2717, 81, 38, 1),
(2718, 82, 38, 3),
(2719, 2, 38, 9),
(2720, 49, 38, 10),
(2721, 15, 38, 6),
(2722, 46, 38, 4),
(2723, 77, 38, 3),
(2724, 41, 38, 4),
(2725, 21, 38, 5),
(2726, 31, 38, 7),
(2727, 32, 38, 9),
(2728, 35, 38, 6),
(2729, 71, 38, 10),
(2730, 55, 38, 6),
(2731, 76, 38, 5),
(2732, 38, 38, 2),
(2733, 5, 38, 5),
(2734, 68, 38, 6),
(2735, 53, 38, 2),
(2736, 45, 38, 2),
(2737, 43, 38, 2),
(2738, 42, 38, 8),
(2739, 51, 38, 5),
(2740, 84, 38, 1),
(2741, 24, 38, 2),
(2742, 52, 38, 6),
(2743, 86, 38, 6),
(2744, 57, 38, 4),
(2745, 23, 38, 10),
(2746, 62, 38, 9),
(2747, 16, 38, 5),
(2748, 72, 38, 5),
(2749, 12, 38, 9),
(2750, 22, 38, 8),
(2751, 44, 38, 11),
(2752, 18, 38, 9),
(2753, 62, 39, 4),
(2754, 78, 39, 9),
(2755, 44, 39, 8),
(2756, 59, 39, 6),
(2757, 68, 39, 6),
(2758, 63, 39, 4),
(2759, 17, 39, 4),
(2760, 65, 39, 7),
(2761, 15, 39, 7),
(2762, 69, 39, 6),
(2763, 9, 39, 6),
(2764, 70, 39, 6),
(2765, 26, 39, 3),
(2766, 12, 39, 5),
(2767, 39, 39, 1),
(2768, 24, 39, 1),
(2769, 16, 39, 5),
(2770, 66, 39, 5),
(2771, 79, 39, 2),
(2772, 5, 39, 3),
(2773, 60, 39, 4),
(2774, 82, 39, 3),
(2775, 64, 39, 4),
(2776, 14, 39, 9),
(2777, 7, 39, 2),
(2778, 10, 39, 2),
(2779, 38, 39, 1),
(2780, 11, 39, 7),
(2781, 77, 39, 2),
(2782, 75, 39, 4),
(2783, 3, 39, 6),
(2784, 55, 39, 7),
(2785, 67, 39, 1),
(2786, 37, 39, 4),
(2787, 61, 39, 5),
(2788, 73, 39, 4),
(2789, 1, 39, 8),
(2790, 29, 39, 4),
(2791, 74, 39, 4),
(2792, 41, 39, 6),
(2793, 25, 39, 7),
(2794, 23, 39, 8),
(2795, 32, 39, 8),
(2796, 18, 39, 6),
(2797, 83, 39, 4),
(2798, 28, 39, 3),
(2799, 22, 39, 7),
(2800, 49, 39, 6),
(2801, 40, 39, 7),
(2802, 81, 39, 1),
(2803, 35, 39, 2),
(2804, 13, 39, 3),
(2805, 4, 39, 5),
(2806, 31, 39, 1),
(2807, 76, 39, 3),
(2808, 2, 39, 8),
(2809, 56, 39, 5),
(2810, 45, 39, 2),
(2811, 46, 39, 1),
(2812, 52, 39, 7),
(2813, 57, 39, 7),
(2814, 85, 39, 1),
(2815, 84, 39, 1),
(2816, 86, 39, 6),
(2817, 8, 39, 4),
(2818, 54, 39, 1),
(2819, 20, 39, 9),
(2820, 53, 39, 1),
(2821, 50, 39, 2),
(2822, 72, 39, 4),
(2823, 6, 39, 10),
(2824, 42, 39, 9),
(2825, 71, 39, 9),
(2826, 21, 39, 5),
(2827, 19, 39, 9),
(2828, 33, 39, 2),
(2829, 5, 40, 5),
(2830, 14, 40, 9),
(2831, 71, 40, 10),
(2832, 60, 40, 7),
(2833, 3, 40, 10),
(2834, 34, 40, 1),
(2835, 78, 40, 9),
(2836, 68, 40, 1),
(2837, 11, 40, 9),
(2838, 63, 40, 1),
(2839, 59, 40, 1),
(2840, 16, 40, 5),
(2841, 21, 40, 5),
(2842, 9, 40, 1),
(2843, 64, 40, 1),
(2844, 80, 40, 2),
(2845, 65, 40, 1),
(2846, 6, 40, 10),
(2847, 62, 40, 8),
(2848, 73, 40, 1),
(2849, 35, 40, 4),
(2850, 32, 40, 9),
(2851, 44, 40, 11),
(2852, 4, 40, 8),
(2853, 67, 40, 4),
(2854, 77, 40, 4),
(2855, 1, 40, 4),
(2856, 61, 40, 2),
(2857, 66, 40, 1),
(2858, 15, 40, 8),
(2859, 81, 40, 2),
(2860, 75, 40, 3),
(2861, 72, 40, 4),
(2862, 79, 40, 1),
(2863, 10, 40, 4),
(2864, 76, 40, 3),
(2865, 30, 40, 1),
(2866, 37, 40, 6),
(2867, 25, 40, 9),
(2868, 40, 40, 1),
(2869, 20, 40, 10),
(2870, 29, 40, 1),
(2871, 26, 40, 1),
(2872, 69, 40, 9),
(2873, 28, 40, 4),
(2874, 19, 40, 6),
(2875, 31, 40, 1),
(2876, 39, 40, 1),
(2877, 42, 40, 9),
(2878, 43, 40, 1),
(2879, 83, 40, 4),
(2880, 2, 40, 9),
(2881, 48, 40, 1),
(2882, 8, 40, 4),
(2883, 82, 40, 5),
(2884, 23, 40, 11),
(2885, 55, 40, 1),
(2886, 74, 40, 4),
(2887, 27, 40, 2),
(2888, 41, 40, 7),
(2889, 56, 40, 1),
(2890, 45, 40, 2),
(2891, 22, 40, 9),
(2892, 7, 40, 5),
(2893, 12, 40, 7),
(2894, 24, 40, 2),
(2895, 18, 40, 7),
(2896, 52, 40, 2),
(2897, 84, 40, 1),
(2898, 86, 40, 5),
(2899, 57, 40, 1),
(2900, 85, 40, 1),
(2901, 54, 40, 1),
(2902, 53, 40, 1),
(2903, 51, 40, 1),
(2904, 46, 40, 4),
(2905, 47, 40, 2),
(2906, 49, 40, 11),
(2907, 13, 40, 5),
(2908, 17, 40, 5),
(2909, 36, 40, 1),
(2910, 70, 40, 9),
(2911, 38, 40, 1),
(2912, 2, 42, 8),
(2913, 49, 42, 8),
(2914, 61, 42, 7),
(2915, 86, 42, 6),
(2916, 28, 42, 4),
(2917, 8, 42, 4),
(2918, 55, 42, 5),
(2919, 4, 42, 5),
(2920, 62, 42, 6),
(2921, 77, 42, 2),
(2922, 63, 42, 3),
(2923, 60, 42, 5),
(2924, 21, 42, 4),
(2925, 69, 42, 5),
(2926, 9, 42, 6),
(2927, 41, 42, 5),
(2928, 70, 42, 6),
(2929, 71, 42, 8),
(2930, 67, 42, 4),
(2931, 72, 42, 4),
(2932, 11, 42, 6),
(2933, 39, 42, 4),
(2934, 19, 42, 6),
(2935, 82, 42, 3),
(2936, 20, 42, 8),
(2937, 59, 42, 6),
(2938, 79, 42, 3),
(2939, 64, 42, 5),
(2940, 3, 42, 6),
(2941, 6, 42, 8),
(2942, 66, 42, 5),
(2943, 25, 42, 7),
(2944, 31, 42, 7),
(2945, 73, 42, 5),
(2946, 37, 42, 3),
(2947, 1, 42, 8),
(2948, 42, 42, 8),
(2949, 84, 42, 3),
(2950, 81, 42, 1),
(2951, 29, 42, 3),
(2952, 5, 42, 4),
(2953, 40, 42, 5),
(2954, 68, 42, 4),
(2955, 56, 42, 3),
(2956, 75, 42, 2),
(2957, 14, 42, 8),
(2958, 45, 42, 4),
(2959, 15, 42, 5),
(2960, 44, 42, 7),
(2961, 24, 42, 1),
(2962, 53, 42, 2),
(2963, 16, 42, 4),
(2964, 10, 42, 2),
(2965, 52, 42, 6),
(2966, 32, 42, 8),
(2967, 7, 42, 3),
(2968, 26, 42, 1),
(2969, 65, 42, 6),
(2970, 35, 42, 2),
(2971, 46, 42, 4),
(2972, 57, 42, 1),
(2973, 85, 42, 1),
(2974, 78, 42, 9),
(2975, 13, 42, 4),
(2976, 74, 42, 4),
(2977, 22, 42, 7),
(2978, 12, 42, 7),
(2979, 18, 42, 7),
(2980, 23, 42, 10),
(2981, 17, 42, 3),
(2982, 44, 45, 11),
(2983, 39, 45, 1),
(2984, 21, 45, 4),
(2985, 63, 45, 3),
(2986, 2, 45, 5),
(2987, 77, 45, 1),
(2988, 16, 45, 2),
(2989, 68, 45, 3),
(2990, 8, 45, 5),
(2991, 73, 45, 6),
(2992, 33, 45, 2),
(2993, 6, 45, 9),
(2994, 19, 45, 7),
(2995, 9, 45, 6),
(2996, 59, 45, 1),
(2997, 30, 45, 2),
(2998, 7, 45, 4),
(2999, 65, 45, 6),
(3000, 64, 45, 4),
(3001, 62, 45, 1),
(3002, 72, 45, 4),
(3003, 49, 45, 9),
(3004, 13, 45, 4),
(3005, 41, 45, 8),
(3006, 10, 45, 4),
(3007, 32, 45, 3),
(3008, 60, 45, 7),
(3009, 3, 45, 7),
(3010, 20, 45, 9),
(3011, 15, 45, 7),
(3012, 4, 45, 7),
(3013, 25, 45, 8),
(3014, 61, 45, 1),
(3015, 48, 45, 1),
(3016, 14, 45, 8),
(3017, 71, 45, 7),
(3018, 67, 45, 4),
(3019, 79, 45, 1),
(3020, 40, 45, 3),
(3021, 1, 45, 5),
(3022, 28, 45, 2),
(3023, 55, 45, 8),
(3024, 37, 45, 5),
(3025, 29, 45, 1),
(3026, 80, 45, 2),
(3027, 26, 45, 1),
(3028, 76, 45, 3),
(3029, 11, 45, 6),
(3030, 57, 45, 5),
(3031, 31, 45, 1),
(3032, 5, 45, 4),
(3033, 38, 45, 1),
(3034, 81, 45, 1),
(3035, 35, 45, 1),
(3036, 66, 45, 5),
(3037, 83, 45, 4),
(3038, 46, 45, 4),
(3039, 69, 45, 8),
(3040, 56, 45, 1),
(3041, 86, 45, 6),
(3042, 85, 45, 1),
(3043, 53, 45, 1),
(3044, 45, 45, 1),
(3045, 74, 45, 3),
(3046, 84, 45, 1);
INSERT INTO `card_level` (`id`, `card_id`, `player_id`, `level`) VALUES
(3047, 43, 45, 1),
(3048, 52, 45, 8),
(3049, 51, 45, 1),
(3050, 17, 45, 5),
(3051, 23, 45, 10),
(3052, 50, 45, 1),
(3053, 36, 45, 1),
(3054, 42, 45, 11),
(3055, 78, 45, 10),
(3056, 22, 45, 10),
(3057, 82, 45, 6),
(3058, 12, 45, 9),
(3059, 75, 45, 6),
(3060, 70, 45, 9),
(3061, 18, 45, 10),
(3062, 65, 605, 8),
(3063, 72, 605, 1),
(3064, 4, 605, 6),
(3065, 60, 605, 1),
(3066, 68, 605, 4),
(3067, 32, 605, 1),
(3068, 12, 605, 1),
(3069, 63, 605, 1),
(3070, 17, 605, 2),
(3071, 27, 605, 2),
(3072, 29, 605, 7),
(3073, 50, 605, 2),
(3074, 86, 605, 1),
(3075, 59, 605, 8),
(3076, 70, 605, 6),
(3077, 9, 605, 1),
(3078, 73, 605, 1),
(3079, 66, 605, 8),
(3080, 11, 605, 1),
(3081, 13, 605, 3),
(3082, 8, 605, 3),
(3083, 18, 605, 1),
(3084, 82, 605, 3),
(3085, 79, 605, 4),
(3086, 62, 605, 5),
(3087, 55, 605, 1),
(3088, 49, 605, 7),
(3089, 69, 605, 1),
(3090, 61, 605, 1),
(3091, 31, 605, 3),
(3092, 25, 605, 1),
(3093, 6, 605, 9),
(3094, 7, 605, 1),
(3095, 44, 605, 1),
(3096, 15, 605, 6),
(3097, 22, 605, 6),
(3098, 21, 605, 4),
(3099, 2, 605, 7),
(3100, 14, 605, 4),
(3101, 75, 605, 1),
(3102, 1, 605, 4),
(3103, 83, 605, 1),
(3104, 47, 605, 1),
(3105, 39, 605, 1),
(3106, 51, 605, 5),
(3107, 76, 605, 2),
(3108, 35, 605, 1),
(3109, 20, 605, 7),
(3110, 19, 605, 7),
(3111, 74, 605, 2),
(3112, 41, 605, 1),
(3113, 46, 605, 1),
(3114, 48, 605, 1),
(3115, 67, 605, 1),
(3116, 45, 605, 1),
(3117, 84, 605, 1),
(3118, 85, 605, 1),
(3119, 43, 605, 2),
(3120, 5, 605, 4),
(3121, 71, 605, 11),
(3122, 23, 605, 1),
(3123, 37, 605, 1),
(3124, 3, 605, 8),
(3125, 52, 605, 9),
(3126, 24, 605, 1),
(3127, 64, 605, 5),
(3128, 53, 605, 1),
(3129, 26, 605, 4),
(3130, 30, 605, 1),
(3131, 28, 605, 4),
(3132, 57, 605, 6),
(3133, 0, 605, 1),
(3134, 54, 605, 1),
(3135, 42, 605, 11),
(3136, 40, 605, 7),
(3137, 10, 605, 5),
(3138, 16, 605, 4),
(3139, 36, 605, 1),
(3140, 56, 605, 7),
(3141, 78, 605, 9),
(3142, 77, 605, 4),
(3143, 28, 609, 1),
(3144, 59, 609, 8),
(3145, 24, 609, 1),
(3146, 10, 609, 3),
(3147, 53, 609, 1),
(3148, 9, 609, 2),
(3149, 70, 609, 7),
(3150, 1, 609, 10),
(3151, 86, 609, 4),
(3152, 15, 609, 6),
(3153, 61, 609, 9),
(3154, 68, 609, 5),
(3155, 39, 609, 5),
(3156, 60, 609, 6),
(3157, 75, 609, 2),
(3158, 4, 609, 5),
(3159, 41, 609, 6),
(3160, 8, 609, 3),
(3161, 51, 609, 6),
(3162, 14, 609, 6),
(3163, 76, 609, 2),
(3164, 17, 609, 5),
(3165, 38, 609, 2),
(3166, 12, 609, 6),
(3167, 74, 609, 3),
(3168, 25, 609, 8),
(3169, 22, 609, 7),
(3170, 71, 609, 10),
(3171, 64, 609, 5),
(3172, 50, 609, 1),
(3173, 77, 609, 1),
(3174, 47, 609, 1),
(3175, 31, 609, 8),
(3176, 35, 609, 2),
(3177, 49, 609, 7),
(3178, 37, 609, 7),
(3179, 69, 609, 7),
(3180, 11, 609, 2),
(3181, 73, 609, 6),
(3182, 13, 609, 5),
(3183, 66, 609, 3),
(3184, 30, 609, 1),
(3185, 82, 609, 5),
(3186, 19, 609, 5),
(3187, 67, 609, 3),
(3188, 32, 609, 6),
(3189, 62, 609, 5),
(3190, 79, 609, 3),
(3191, 2, 609, 9),
(3192, 63, 609, 1),
(3193, 3, 609, 6),
(3194, 44, 609, 11),
(3195, 29, 609, 1),
(3196, 46, 609, 3),
(3197, 40, 609, 5),
(3198, 84, 609, 1),
(3199, 85, 609, 2),
(3200, 43, 609, 1),
(3201, 56, 609, 5),
(3202, 23, 609, 9),
(3203, 18, 609, 6),
(3204, 65, 609, 2),
(3205, 72, 609, 3),
(3206, 45, 609, 1),
(3207, 16, 609, 3),
(3208, 5, 609, 1),
(3209, 52, 609, 1),
(3210, 7, 609, 3),
(3211, 57, 609, 2),
(3212, 20, 609, 9),
(3213, 42, 609, 11),
(3214, 78, 609, 12),
(3215, 83, 609, 5),
(3216, 27, 609, 2),
(3217, 26, 609, 4),
(3218, 21, 609, 6),
(3219, 55, 609, 10),
(3220, 6, 609, 13),
(3221, 79, 973, 3),
(3222, 3, 973, 6),
(3223, 2, 973, 10),
(3224, 63, 973, 4),
(3225, 8, 973, 4),
(3226, 42, 973, 10),
(3227, 9, 973, 10),
(3228, 1, 973, 10),
(3229, 64, 973, 5),
(3230, 72, 973, 4),
(3231, 76, 973, 4),
(3232, 46, 973, 3),
(3233, 29, 973, 4),
(3234, 18, 973, 6),
(3235, 12, 973, 8),
(3236, 17, 973, 4),
(3237, 31, 973, 8),
(3238, 83, 973, 4),
(3239, 30, 973, 2),
(3240, 24, 973, 2),
(3241, 14, 973, 10),
(3242, 73, 973, 8),
(3243, 43, 973, 1),
(3244, 7, 973, 5),
(3245, 65, 973, 8),
(3246, 67, 973, 2),
(3247, 70, 973, 8),
(3248, 77, 973, 4),
(3249, 22, 973, 8),
(3250, 6, 973, 10),
(3251, 80, 973, 2),
(3252, 21, 973, 1),
(3253, 61, 973, 5),
(3254, 35, 973, 2),
(3255, 4, 973, 8),
(3256, 32, 973, 9),
(3257, 75, 973, 3),
(3258, 28, 973, 4),
(3259, 71, 973, 10),
(3260, 5, 973, 4),
(3261, 68, 973, 7),
(3262, 26, 973, 4),
(3263, 78, 973, 10),
(3264, 16, 973, 5),
(3265, 38, 973, 2),
(3266, 39, 973, 6),
(3267, 66, 973, 7),
(3268, 62, 973, 8),
(3269, 60, 973, 7),
(3270, 25, 973, 10),
(3271, 40, 973, 8),
(3272, 59, 973, 7),
(3273, 11, 973, 7),
(3274, 10, 973, 4),
(3275, 82, 973, 2),
(3276, 19, 973, 7),
(3277, 41, 973, 8),
(3278, 44, 973, 10),
(3279, 20, 973, 10),
(3280, 37, 973, 7),
(3281, 36, 973, 2),
(3282, 34, 973, 1),
(3283, 85, 973, 7),
(3284, 49, 973, 1),
(3285, 53, 973, 1),
(3286, 56, 973, 6),
(3287, 55, 973, 1),
(3288, 45, 973, 1),
(3289, 51, 973, 1),
(3290, 84, 973, 2),
(3291, 52, 973, 1),
(3292, 86, 973, 1),
(3293, 57, 973, 1),
(3294, 15, 973, 10),
(3295, 13, 973, 6),
(3296, 74, 973, 7),
(3297, 33, 973, 2),
(3298, 27, 973, 2),
(3299, 69, 973, 10),
(3300, 23, 973, 12),
(3301, 81, 973, 2),
(3302, 16, 976, 4),
(3303, 40, 976, 8),
(3304, 85, 976, 6),
(3305, 9, 976, 10),
(3306, 44, 976, 11),
(3307, 67, 976, 5),
(3308, 21, 976, 4),
(3309, 7, 976, 4),
(3310, 12, 976, 8),
(3311, 83, 976, 4),
(3312, 70, 976, 7),
(3313, 74, 976, 5),
(3314, 38, 976, 2),
(3315, 43, 976, 1),
(3316, 15, 976, 7),
(3317, 19, 976, 7),
(3318, 20, 976, 11),
(3319, 5, 976, 5),
(3320, 34, 976, 1),
(3321, 10, 976, 5),
(3322, 11, 976, 9),
(3323, 28, 976, 5),
(3324, 61, 976, 1),
(3325, 22, 976, 8),
(3326, 65, 976, 10),
(3327, 76, 976, 5),
(3328, 1, 976, 10),
(3329, 52, 976, 9),
(3330, 30, 976, 2),
(3331, 13, 976, 4),
(3332, 82, 976, 5),
(3333, 62, 976, 7),
(3334, 14, 976, 10),
(3335, 64, 976, 8),
(3336, 45, 976, 3),
(3337, 77, 976, 4),
(3338, 69, 976, 7),
(3339, 41, 976, 7),
(3340, 32, 976, 10),
(3341, 71, 976, 10),
(3342, 86, 976, 1),
(3343, 26, 976, 4),
(3344, 3, 976, 10),
(3345, 36, 976, 1),
(3346, 80, 976, 2),
(3347, 59, 976, 10),
(3348, 35, 976, 5),
(3349, 17, 976, 4),
(3350, 25, 976, 11),
(3351, 31, 976, 9),
(3352, 75, 976, 4),
(3353, 2, 976, 10),
(3354, 72, 976, 4),
(3355, 68, 976, 8),
(3356, 81, 976, 2),
(3357, 55, 976, 1),
(3358, 47, 976, 1),
(3359, 18, 976, 8),
(3360, 63, 976, 7),
(3361, 24, 976, 2),
(3362, 60, 976, 7),
(3363, 46, 976, 4),
(3364, 49, 976, 9),
(3365, 8, 976, 5),
(3366, 56, 976, 3),
(3367, 73, 976, 7),
(3368, 79, 976, 5),
(3369, 6, 976, 11),
(3370, 53, 976, 1),
(3371, 51, 976, 1),
(3372, 4, 976, 8),
(3373, 27, 976, 2),
(3374, 57, 976, 6),
(3375, 84, 976, 1),
(3376, 54, 976, 1),
(3377, 66, 976, 8),
(3378, 42, 976, 11),
(3379, 39, 976, 8),
(3380, 33, 976, 2),
(3381, 23, 976, 11),
(3382, 78, 976, 11),
(3383, 37, 976, 8),
(3384, 29, 976, 8),
(3385, 2, 977, 8),
(3386, 74, 977, 4),
(3387, 17, 977, 2),
(3388, 37, 977, 7),
(3389, 84, 977, 1),
(3390, 86, 977, 8),
(3391, 40, 977, 8),
(3392, 83, 977, 3),
(3393, 42, 977, 10),
(3394, 4, 977, 7),
(3395, 76, 977, 4),
(3396, 48, 977, 1),
(3397, 65, 977, 10),
(3398, 34, 977, 1),
(3399, 9, 977, 8),
(3400, 26, 977, 2),
(3401, 61, 977, 9),
(3402, 39, 977, 7),
(3403, 46, 977, 4),
(3404, 50, 977, 1),
(3405, 70, 977, 7),
(3406, 15, 977, 7),
(3407, 1, 977, 9),
(3408, 75, 977, 4),
(3409, 43, 977, 2),
(3410, 59, 977, 7),
(3411, 19, 977, 7),
(3412, 60, 977, 5),
(3413, 21, 977, 3),
(3414, 68, 977, 6),
(3415, 11, 977, 9),
(3416, 56, 977, 6),
(3417, 28, 977, 3),
(3418, 25, 977, 10),
(3419, 20, 977, 8),
(3420, 78, 977, 10),
(3421, 35, 977, 4),
(3422, 77, 977, 4),
(3423, 47, 977, 1),
(3424, 12, 977, 7),
(3425, 72, 977, 3),
(3426, 54, 977, 1),
(3427, 79, 977, 4),
(3428, 80, 977, 1),
(3429, 64, 977, 5),
(3430, 5, 977, 4),
(3431, 22, 977, 7),
(3432, 85, 977, 5),
(3433, 69, 977, 8),
(3434, 67, 977, 4),
(3435, 41, 977, 7),
(3436, 29, 977, 8),
(3437, 66, 977, 7),
(3438, 73, 977, 7),
(3439, 32, 977, 10),
(3440, 14, 977, 8),
(3441, 49, 977, 9),
(3442, 63, 977, 7),
(3443, 6, 977, 10),
(3444, 81, 977, 1),
(3445, 18, 977, 8),
(3446, 62, 977, 6),
(3447, 8, 977, 3),
(3448, 53, 977, 2),
(3449, 33, 977, 1),
(3450, 55, 977, 4),
(3451, 82, 977, 3),
(3452, 52, 977, 7),
(3453, 57, 977, 4),
(3454, 45, 977, 1),
(3455, 51, 977, 5),
(3456, 3, 977, 9),
(3457, 10, 977, 5),
(3458, 44, 977, 10),
(3459, 13, 977, 4),
(3460, 71, 977, 10),
(3461, 38, 977, 2),
(3462, 16, 977, 4),
(3463, 7, 977, 5),
(3464, 31, 977, 10),
(3465, 30, 977, 2),
(3466, 23, 977, 10),
(3467, 24, 978, 2),
(3468, 9, 978, 7),
(3469, 15, 978, 5),
(3470, 64, 978, 4),
(3471, 38, 978, 1),
(3472, 26, 978, 2),
(3473, 10, 978, 6),
(3474, 40, 978, 7),
(3475, 83, 978, 3),
(3476, 81, 978, 1),
(3477, 35, 978, 4),
(3478, 61, 978, 7),
(3479, 4, 978, 7),
(3480, 75, 978, 4),
(3481, 39, 978, 4),
(3482, 67, 978, 3),
(3483, 36, 978, 1),
(3484, 20, 978, 9),
(3485, 21, 978, 3),
(3486, 74, 978, 3),
(3487, 19, 978, 4),
(3488, 2, 978, 10),
(3489, 18, 978, 7),
(3490, 31, 978, 9),
(3491, 1, 978, 6),
(3492, 55, 978, 9),
(3493, 3, 978, 7),
(3494, 17, 978, 3),
(3495, 29, 978, 4),
(3496, 6, 978, 9),
(3497, 32, 978, 9),
(3498, 34, 978, 1),
(3499, 80, 978, 1),
(3500, 49, 978, 9),
(3501, 37, 978, 4),
(3502, 41, 978, 4),
(3503, 7, 978, 3),
(3504, 14, 978, 7),
(3505, 72, 978, 5),
(3506, 44, 978, 9),
(3507, 76, 978, 4),
(3508, 33, 978, 1),
(3509, 25, 978, 9),
(3510, 59, 978, 7),
(3511, 68, 978, 5),
(3512, 66, 978, 7),
(3513, 63, 978, 4),
(3514, 52, 978, 5),
(3515, 65, 978, 8),
(3516, 71, 978, 10),
(3517, 70, 978, 6),
(3518, 82, 978, 4),
(3519, 51, 978, 5),
(3520, 13, 978, 4),
(3521, 28, 978, 3),
(3522, 8, 978, 3),
(3523, 16, 978, 3),
(3524, 77, 978, 3),
(3525, 56, 978, 3),
(3526, 46, 978, 4),
(3527, 45, 978, 1),
(3528, 85, 978, 2),
(3529, 73, 978, 6),
(3530, 53, 978, 1),
(3531, 60, 978, 5),
(3532, 5, 978, 4),
(3533, 84, 978, 1),
(3534, 62, 978, 6),
(3535, 86, 978, 6),
(3536, 57, 978, 1),
(3537, 79, 978, 6),
(3538, 22, 978, 8),
(3539, 12, 978, 8),
(3540, 69, 978, 9),
(3541, 23, 978, 10),
(3542, 78, 978, 10),
(3543, 11, 978, 10),
(3544, 42, 978, 11),
(3545, 24, 979, 2),
(3546, 78, 979, 11),
(3547, 61, 979, 10),
(3548, 80, 979, 1),
(3549, 14, 979, 10),
(3550, 72, 979, 4),
(3551, 71, 979, 10),
(3552, 8, 979, 4),
(3553, 18, 979, 7),
(3554, 37, 979, 7),
(3555, 76, 979, 4),
(3556, 9, 979, 8),
(3557, 66, 979, 7),
(3558, 51, 979, 5),
(3559, 4, 979, 8),
(3560, 46, 979, 4),
(3561, 81, 979, 2),
(3562, 20, 979, 10),
(3563, 60, 979, 6),
(3564, 79, 979, 4),
(3565, 11, 979, 9),
(3566, 23, 979, 10),
(3567, 77, 979, 3),
(3568, 59, 979, 7),
(3569, 7, 979, 4),
(3570, 1, 979, 10),
(3571, 34, 979, 1),
(3572, 68, 979, 6),
(3573, 63, 979, 7),
(3574, 57, 979, 6),
(3575, 29, 979, 7),
(3576, 50, 979, 2),
(3577, 52, 979, 9),
(3578, 67, 979, 4),
(3579, 53, 979, 1),
(3580, 44, 979, 10),
(3581, 41, 979, 7),
(3582, 74, 979, 4),
(3583, 16, 979, 3),
(3584, 42, 979, 10),
(3585, 35, 979, 3),
(3586, 86, 979, 6),
(3587, 17, 979, 5),
(3588, 31, 979, 10),
(3589, 83, 979, 4),
(3590, 56, 979, 5),
(3591, 82, 979, 4),
(3592, 5, 979, 4),
(3593, 48, 979, 1),
(3594, 54, 979, 2),
(3595, 70, 979, 7),
(3596, 73, 979, 7),
(3597, 39, 979, 7),
(3598, 62, 979, 7),
(3599, 30, 979, 1),
(3600, 65, 979, 10),
(3601, 13, 979, 4),
(3602, 64, 979, 6),
(3603, 85, 979, 1),
(3604, 26, 979, 4),
(3605, 43, 979, 1),
(3606, 45, 979, 4),
(3607, 55, 979, 8),
(3608, 15, 979, 6),
(3609, 21, 979, 4),
(3610, 69, 979, 7),
(3611, 12, 979, 7),
(3612, 84, 979, 1),
(3613, 25, 979, 9),
(3614, 49, 979, 10),
(3615, 10, 979, 4),
(3616, 2, 979, 10),
(3617, 28, 979, 5),
(3618, 75, 979, 4),
(3619, 27, 979, 1),
(3620, 22, 979, 8),
(3621, 3, 979, 10),
(3622, 33, 979, 2),
(3623, 32, 979, 10),
(3624, 40, 979, 8),
(3625, 19, 979, 7),
(3626, 6, 979, 10),
(3627, 24, 980, 2),
(3628, 11, 980, 8),
(3629, 62, 980, 5),
(3630, 9, 980, 3),
(3631, 3, 980, 8),
(3632, 69, 980, 2),
(3633, 68, 980, 1),
(3634, 65, 980, 4),
(3635, 59, 980, 7),
(3636, 75, 980, 3),
(3637, 60, 980, 3),
(3638, 6, 980, 8),
(3639, 14, 980, 8),
(3640, 78, 980, 8),
(3641, 8, 980, 3),
(3642, 63, 980, 1),
(3643, 79, 980, 3),
(3644, 70, 980, 5),
(3645, 44, 980, 9),
(3646, 18, 980, 4),
(3647, 19, 980, 5),
(3648, 21, 980, 3),
(3649, 23, 980, 8),
(3650, 15, 980, 7),
(3651, 64, 980, 3),
(3652, 32, 980, 6),
(3653, 20, 980, 9),
(3654, 73, 980, 6),
(3655, 37, 980, 1),
(3656, 17, 980, 3),
(3657, 55, 980, 7),
(3658, 67, 980, 1),
(3659, 58, 980, 1),
(3660, 12, 980, 7),
(3661, 22, 980, 6),
(3662, 72, 980, 3),
(3663, 40, 980, 4),
(3664, 77, 980, 1),
(3665, 29, 980, 2),
(3666, 5, 980, 2),
(3667, 25, 980, 9),
(3668, 66, 980, 1),
(3669, 28, 980, 3),
(3670, 34, 980, 2),
(3671, 10, 980, 3),
(3672, 4, 980, 6),
(3673, 74, 980, 2),
(3674, 49, 980, 9),
(3675, 1, 980, 9),
(3676, 39, 980, 3),
(3677, 76, 980, 4),
(3678, 31, 980, 3),
(3679, 42, 980, 8),
(3680, 56, 980, 1),
(3681, 26, 980, 3),
(3682, 35, 980, 1),
(3683, 41, 980, 3),
(3684, 45, 980, 1),
(3685, 46, 980, 1),
(3686, 85, 980, 4),
(3687, 51, 980, 1),
(3688, 61, 980, 7),
(3689, 53, 980, 1),
(3690, 80, 980, 1),
(3691, 82, 980, 2),
(3692, 84, 980, 2),
(3693, 38, 980, 1),
(3694, 83, 980, 3),
(3695, 36, 980, 1),
(3696, 52, 980, 1),
(3697, 86, 980, 1),
(3698, 57, 980, 1),
(3699, 7, 980, 5),
(3700, 16, 980, 5),
(3701, 2, 980, 11),
(3702, 71, 980, 12),
(3703, 27, 980, 1),
(3704, 13, 980, 5),
(3705, 54, 980, 2),
(3706, 43, 980, 1),
(3707, 60, 981, 1),
(3708, 3, 981, 1),
(3709, 12, 981, 1),
(3710, 77, 981, 1),
(3711, 20, 981, 1),
(3712, 32, 981, 7),
(3713, 4, 981, 4),
(3714, 6, 981, 1),
(3715, 11, 981, 1),
(3716, 68, 981, 1),
(3717, 13, 981, 1),
(3718, 63, 981, 1),
(3719, 2, 981, 6),
(3720, 59, 981, 1),
(3721, 9, 981, 1),
(3722, 70, 981, 3),
(3723, 73, 981, 1),
(3724, 64, 981, 1),
(3725, 5, 981, 1),
(3726, 23, 981, 1),
(3727, 65, 981, 1),
(3728, 22, 981, 1),
(3729, 21, 981, 3),
(3730, 62, 981, 1),
(3731, 67, 981, 1),
(3732, 76, 981, 1),
(3733, 69, 981, 4),
(3734, 1, 981, 8),
(3735, 17, 981, 3),
(3736, 15, 981, 5),
(3737, 79, 981, 3),
(3738, 7, 981, 3),
(3739, 37, 981, 1),
(3740, 66, 981, 1),
(3741, 8, 981, 3),
(3742, 55, 981, 1),
(3743, 61, 981, 1),
(3744, 49, 981, 1),
(3745, 56, 981, 1),
(3746, 40, 981, 1),
(3747, 84, 981, 1),
(3748, 53, 981, 1),
(3749, 45, 981, 1),
(3750, 78, 981, 8),
(3751, 16, 981, 3),
(3752, 19, 981, 7),
(3753, 71, 981, 9),
(3754, 14, 981, 8),
(3755, 72, 981, 4),
(3756, 18, 981, 7),
(3757, 10, 981, 4),
(3758, 65, 982, 10),
(3759, 36, 982, 1),
(3760, 27, 982, 1),
(3761, 85, 982, 5),
(3762, 63, 982, 7),
(3763, 28, 982, 4),
(3764, 53, 982, 3),
(3765, 34, 982, 2),
(3766, 5, 982, 4),
(3767, 78, 982, 10),
(3768, 9, 982, 10),
(3769, 72, 982, 3),
(3770, 47, 982, 2),
(3771, 56, 982, 5),
(3772, 7, 982, 4),
(3773, 61, 982, 10),
(3774, 54, 982, 2),
(3775, 6, 982, 9),
(3776, 40, 982, 7),
(3777, 68, 982, 6),
(3778, 66, 982, 6),
(3779, 1, 982, 10),
(3780, 38, 982, 1),
(3781, 49, 982, 10),
(3782, 76, 982, 4),
(3783, 16, 982, 3),
(3784, 69, 982, 7),
(3785, 13, 982, 4),
(3786, 55, 982, 7),
(3787, 21, 982, 3),
(3788, 75, 982, 3),
(3789, 84, 982, 3),
(3790, 4, 982, 7),
(3791, 41, 982, 7),
(3792, 24, 982, 2),
(3793, 35, 982, 4),
(3794, 42, 982, 10),
(3795, 30, 982, 1),
(3796, 39, 982, 6),
(3797, 74, 982, 4),
(3798, 57, 982, 1),
(3799, 25, 982, 10),
(3800, 62, 982, 7),
(3801, 29, 982, 7),
(3802, 81, 982, 2),
(3803, 20, 982, 9),
(3804, 8, 982, 4),
(3805, 51, 982, 5),
(3806, 79, 982, 3),
(3807, 37, 982, 7),
(3808, 26, 982, 4),
(3809, 11, 982, 9),
(3810, 59, 982, 10),
(3811, 23, 982, 10),
(3812, 17, 982, 4),
(3813, 64, 982, 6),
(3814, 60, 982, 6),
(3815, 86, 982, 7),
(3816, 31, 982, 10),
(3817, 14, 982, 9),
(3818, 73, 982, 7),
(3819, 18, 982, 7),
(3820, 10, 982, 3),
(3821, 52, 982, 7),
(3822, 83, 982, 3),
(3823, 67, 982, 2),
(3824, 45, 982, 2),
(3825, 71, 982, 10),
(3826, 82, 982, 4),
(3827, 77, 982, 4),
(3828, 2, 982, 10),
(3829, 44, 982, 10),
(3830, 3, 982, 10),
(3831, 15, 982, 7),
(3832, 58, 982, 1),
(3833, 50, 982, 2),
(3834, 70, 982, 7),
(3835, 22, 982, 7),
(3836, 32, 982, 11),
(3837, 12, 982, 7),
(3838, 19, 982, 8),
(3839, 43, 982, 1),
(3840, 46, 982, 4),
(3841, 75, 983, 3),
(3842, 4, 983, 7),
(3843, 66, 983, 4),
(3844, 9, 983, 9),
(3845, 12, 983, 6),
(3846, 78, 983, 10),
(3847, 63, 983, 7),
(3848, 15, 983, 5),
(3849, 76, 983, 4),
(3850, 27, 983, 1),
(3851, 42, 983, 10),
(3852, 65, 983, 9),
(3853, 14, 983, 7),
(3854, 28, 983, 4),
(3855, 37, 983, 5),
(3856, 62, 983, 4),
(3857, 59, 983, 7),
(3858, 5, 983, 3),
(3859, 67, 983, 3),
(3860, 18, 983, 7),
(3861, 30, 983, 1),
(3862, 77, 983, 2),
(3863, 1, 983, 9),
(3864, 19, 983, 5),
(3865, 32, 983, 9),
(3866, 61, 983, 10),
(3867, 20, 983, 10),
(3868, 6, 983, 9),
(3869, 22, 983, 8),
(3870, 79, 983, 2),
(3871, 2, 983, 9),
(3872, 25, 983, 10),
(3873, 33, 983, 2),
(3874, 82, 983, 4),
(3875, 8, 983, 2),
(3876, 29, 983, 3),
(3877, 40, 983, 2),
(3878, 46, 983, 4),
(3879, 80, 983, 2),
(3880, 10, 983, 3),
(3881, 21, 983, 4),
(3882, 13, 983, 4),
(3883, 26, 983, 1),
(3884, 70, 983, 7),
(3885, 68, 983, 6),
(3886, 17, 983, 5),
(3887, 73, 983, 7),
(3888, 31, 983, 3),
(3889, 49, 983, 9),
(3890, 11, 983, 7),
(3891, 39, 983, 1),
(3892, 3, 983, 10),
(3893, 35, 983, 2),
(3894, 44, 983, 10),
(3895, 60, 983, 7),
(3896, 64, 983, 6),
(3897, 41, 983, 2),
(3898, 34, 983, 1),
(3899, 56, 983, 1),
(3900, 83, 983, 4),
(3901, 24, 983, 1),
(3902, 55, 983, 3),
(3903, 85, 983, 1),
(3904, 45, 983, 3),
(3905, 53, 983, 1),
(3906, 81, 983, 1),
(3907, 50, 983, 1),
(3908, 48, 983, 1),
(3909, 51, 983, 1),
(3910, 38, 983, 1),
(3911, 84, 983, 1),
(3912, 52, 983, 1),
(3913, 86, 983, 1),
(3914, 57, 983, 1),
(3915, 23, 983, 12),
(3916, 72, 983, 6),
(3917, 16, 983, 5),
(3918, 36, 983, 2),
(3919, 69, 983, 9),
(3920, 7, 983, 5),
(3921, 74, 983, 6),
(3922, 71, 983, 12),
(3923, 22, 984, 7),
(3924, 27, 984, 1),
(3925, 9, 984, 9),
(3926, 21, 984, 2),
(3927, 29, 984, 7),
(3928, 7, 984, 3),
(3929, 8, 984, 2),
(3930, 60, 984, 6),
(3931, 57, 984, 1),
(3932, 26, 984, 2),
(3933, 75, 984, 3),
(3934, 28, 984, 2),
(3935, 13, 984, 2),
(3936, 68, 984, 6),
(3937, 49, 984, 8),
(3938, 65, 984, 6),
(3939, 76, 984, 3),
(3940, 59, 984, 10),
(3941, 72, 984, 3),
(3942, 85, 984, 6),
(3943, 61, 984, 6),
(3944, 2, 984, 10),
(3945, 24, 984, 1),
(3946, 20, 984, 7),
(3947, 82, 984, 4),
(3948, 15, 984, 7),
(3949, 62, 984, 7),
(3950, 34, 984, 1),
(3951, 79, 984, 3),
(3952, 44, 984, 10),
(3953, 52, 984, 7),
(3954, 64, 984, 6),
(3955, 86, 984, 1),
(3956, 42, 984, 9),
(3957, 74, 984, 3),
(3958, 83, 984, 3),
(3959, 11, 984, 10),
(3960, 63, 984, 5),
(3961, 35, 984, 4),
(3962, 70, 984, 7),
(3963, 41, 984, 6),
(3964, 69, 984, 7),
(3965, 32, 984, 9),
(3966, 23, 984, 8),
(3967, 77, 984, 3),
(3968, 19, 984, 7),
(3969, 37, 984, 6),
(3970, 31, 984, 10),
(3971, 16, 984, 3),
(3972, 1, 984, 10),
(3973, 71, 984, 9),
(3974, 46, 984, 3),
(3975, 40, 984, 7),
(3976, 39, 984, 7),
(3977, 55, 984, 6),
(3978, 73, 984, 7),
(3979, 25, 984, 10),
(3980, 67, 984, 4),
(3981, 56, 984, 1),
(3982, 14, 984, 7),
(3983, 53, 984, 3),
(3984, 45, 984, 2),
(3985, 17, 984, 3),
(3986, 4, 984, 7),
(3987, 51, 984, 3),
(3988, 84, 984, 1),
(3989, 5, 984, 3),
(3990, 10, 984, 5),
(3991, 66, 984, 7),
(3992, 3, 984, 10),
(3993, 78, 984, 10),
(3994, 6, 984, 11),
(3995, 18, 984, 7),
(3996, 12, 984, 7),
(3997, 80, 984, 2),
(3998, 23, 985, 9),
(3999, 32, 985, 8),
(4000, 13, 985, 3),
(4001, 83, 985, 2),
(4002, 4, 985, 6),
(4003, 74, 985, 3),
(4004, 59, 985, 7),
(4005, 71, 985, 9),
(4006, 22, 985, 6),
(4007, 84, 985, 2),
(4008, 77, 985, 4),
(4009, 70, 985, 6),
(4010, 66, 985, 5),
(4011, 61, 985, 8),
(4012, 76, 985, 3),
(4013, 31, 985, 5),
(4014, 16, 985, 4),
(4015, 78, 985, 8),
(4016, 72, 985, 4),
(4017, 64, 985, 5),
(4018, 39, 985, 3),
(4019, 69, 985, 5),
(4020, 19, 985, 6),
(4021, 12, 985, 6),
(4022, 28, 985, 2),
(4023, 45, 985, 1),
(4024, 65, 985, 5),
(4025, 26, 985, 3),
(4026, 2, 985, 9),
(4027, 63, 985, 5),
(4028, 25, 985, 7),
(4029, 49, 985, 6),
(4030, 14, 985, 9),
(4031, 73, 985, 6),
(4032, 55, 985, 5),
(4033, 67, 985, 3),
(4034, 7, 985, 4),
(4035, 21, 985, 3),
(4036, 5, 985, 4),
(4037, 20, 985, 9),
(4038, 3, 985, 6),
(4039, 10, 985, 3),
(4040, 62, 985, 6),
(4041, 17, 985, 4),
(4042, 9, 985, 9),
(4043, 6, 985, 6),
(4044, 37, 985, 5),
(4045, 79, 985, 3),
(4046, 68, 985, 5),
(4047, 60, 985, 4),
(4048, 11, 985, 9),
(4049, 75, 985, 4),
(4050, 53, 985, 1),
(4051, 1, 985, 9),
(4052, 18, 985, 6),
(4053, 40, 985, 4),
(4054, 15, 985, 6),
(4055, 8, 985, 4),
(4056, 82, 985, 2),
(4057, 29, 985, 5),
(4058, 44, 985, 8),
(4059, 74, 981, 1),
(4060, 47, 980, 1),
(4061, 34, 17, 1),
(4062, 56, 985, 3),
(4063, 33, 985, 1),
(4064, 11, 986, 7),
(4065, 40, 986, 5),
(4066, 14, 986, 7),
(4067, 4, 986, 5),
(4068, 68, 986, 5),
(4069, 85, 986, 5),
(4070, 6, 986, 8),
(4071, 9, 986, 8),
(4072, 72, 986, 3),
(4073, 60, 986, 5),
(4074, 1, 986, 7),
(4075, 69, 986, 4),
(4076, 79, 986, 3),
(4077, 49, 986, 7),
(4078, 37, 986, 5),
(4079, 15, 986, 5),
(4080, 3, 986, 7),
(4081, 64, 986, 3),
(4082, 70, 986, 5),
(4083, 75, 986, 1),
(4084, 59, 986, 7),
(4085, 19, 986, 6),
(4086, 62, 986, 4),
(4087, 18, 986, 5),
(4088, 61, 986, 7),
(4089, 52, 986, 6),
(4090, 67, 986, 3),
(4091, 86, 986, 7),
(4092, 66, 986, 5),
(4093, 16, 986, 2),
(4094, 20, 986, 6),
(4095, 42, 986, 7),
(4096, 25, 986, 6),
(4097, 39, 986, 5),
(4098, 76, 986, 3),
(4099, 2, 986, 7),
(4100, 74, 986, 4),
(4101, 63, 986, 4),
(4102, 29, 986, 4),
(4103, 44, 986, 6),
(4104, 22, 986, 5),
(4105, 24, 986, 1),
(4106, 83, 986, 2),
(4107, 57, 986, 6),
(4108, 56, 986, 4),
(4109, 38, 986, 2),
(4110, 77, 986, 3),
(4111, 55, 986, 6),
(4112, 50, 986, 1),
(4113, 8, 986, 1),
(4114, 41, 986, 3),
(4115, 82, 986, 2),
(4116, 31, 986, 6),
(4117, 10, 986, 3),
(4118, 28, 986, 2),
(4119, 35, 986, 2),
(4120, 46, 986, 2),
(4121, 45, 986, 1),
(4122, 26, 986, 3),
(4123, 7, 986, 2),
(4124, 73, 986, 4),
(4125, 21, 986, 1),
(4126, 5, 986, 3),
(4127, 36, 986, 1),
(4128, 53, 986, 1),
(4129, 17, 986, 5),
(4130, 12, 986, 8),
(4131, 78, 986, 9),
(4132, 32, 986, 9),
(4133, 13, 986, 4),
(4134, 71, 986, 8),
(4135, 65, 986, 8),
(4136, 23, 986, 9),
(4137, 87, 605, 1),
(4138, 49, 987, 9),
(4139, 5, 987, 3),
(4140, 19, 987, 7),
(4141, 62, 987, 6),
(4142, 76, 987, 4),
(4143, 9, 987, 11),
(4144, 64, 987, 5),
(4145, 82, 987, 4),
(4146, 2, 987, 8),
(4147, 44, 987, 9),
(4148, 41, 987, 7),
(4149, 61, 987, 7),
(4150, 78, 987, 10),
(4151, 66, 987, 7),
(4152, 31, 987, 10),
(4153, 85, 987, 5),
(4154, 20, 987, 9),
(4155, 65, 987, 10),
(4156, 1, 987, 9),
(4157, 22, 987, 7),
(4158, 48, 987, 1),
(4159, 51, 987, 6),
(4160, 29, 987, 5),
(4161, 57, 987, 5),
(4162, 50, 987, 1),
(4163, 58, 987, 1),
(4164, 4, 987, 6),
(4165, 56, 987, 5),
(4166, 15, 987, 7),
(4167, 52, 987, 7),
(4168, 30, 987, 2),
(4169, 40, 987, 7),
(4170, 17, 987, 4),
(4171, 36, 987, 1),
(4172, 80, 987, 1),
(4173, 26, 987, 3),
(4174, 42, 987, 9),
(4175, 70, 987, 6),
(4176, 77, 987, 4),
(4177, 39, 987, 6),
(4178, 73, 987, 7),
(4179, 33, 987, 2),
(4180, 83, 987, 3),
(4181, 35, 987, 4),
(4182, 27, 987, 1),
(4183, 3, 987, 9),
(4184, 23, 987, 8),
(4185, 14, 987, 8),
(4186, 72, 987, 5),
(4187, 55, 987, 7),
(4188, 37, 987, 7),
(4189, 45, 987, 3),
(4190, 84, 987, 1),
(4191, 11, 987, 7),
(4192, 32, 987, 11),
(4193, 46, 987, 3),
(4194, 79, 987, 4),
(4195, 69, 987, 7),
(4196, 25, 987, 8),
(4197, 63, 987, 7),
(4198, 81, 987, 2),
(4199, 60, 987, 7),
(4200, 10, 987, 4),
(4201, 6, 987, 7),
(4202, 67, 987, 4),
(4203, 71, 987, 9),
(4204, 74, 987, 4),
(4205, 59, 987, 7),
(4206, 21, 987, 4),
(4207, 86, 987, 8),
(4208, 53, 987, 3),
(4209, 28, 987, 4),
(4210, 75, 987, 4),
(4211, 68, 987, 6),
(4212, 13, 987, 4),
(4213, 18, 987, 9),
(4214, 12, 987, 8),
(4215, 43, 987, 2),
(4216, 16, 987, 4),
(4217, 8, 987, 6),
(4218, 7, 987, 6),
(4219, 47, 987, 1),
(4220, 50, 40, 1),
(4221, 36, 37, 1),
(4222, 41, 988, 7),
(4223, 42, 988, 9),
(4224, 61, 988, 7),
(4225, 82, 988, 3),
(4226, 49, 988, 10),
(4227, 59, 988, 9),
(4228, 65, 988, 9),
(4229, 2, 988, 9),
(4230, 30, 988, 2),
(4231, 39, 988, 7),
(4232, 79, 988, 4),
(4233, 68, 988, 7),
(4234, 34, 988, 2),
(4235, 19, 988, 7),
(4236, 47, 988, 1),
(4237, 22, 988, 7),
(4238, 53, 988, 3),
(4239, 8, 988, 4),
(4240, 64, 988, 6),
(4241, 37, 988, 8),
(4242, 16, 988, 4),
(4243, 32, 988, 10),
(4244, 25, 988, 9),
(4245, 74, 988, 4),
(4246, 48, 988, 1),
(4247, 72, 988, 3),
(4248, 60, 988, 6),
(4249, 69, 988, 7),
(4250, 62, 988, 7),
(4251, 5, 988, 4),
(4252, 84, 988, 2),
(4253, 7, 988, 4),
(4254, 31, 988, 9),
(4255, 80, 988, 2),
(4256, 29, 988, 7),
(4257, 18, 988, 7),
(4258, 20, 988, 9),
(4259, 28, 988, 3),
(4260, 1, 988, 9),
(4261, 76, 988, 4),
(4262, 33, 988, 1),
(4263, 11, 988, 7),
(4264, 85, 988, 6),
(4265, 43, 988, 2),
(4266, 21, 988, 3),
(4267, 44, 988, 9),
(4268, 15, 988, 7),
(4269, 9, 988, 10),
(4270, 35, 988, 4),
(4271, 55, 988, 8),
(4272, 57, 988, 6),
(4273, 51, 988, 6),
(4274, 63, 988, 6),
(4275, 83, 988, 4),
(4276, 14, 988, 9),
(4277, 40, 988, 7),
(4278, 86, 988, 9),
(4279, 75, 988, 3),
(4280, 67, 988, 4),
(4281, 50, 988, 1),
(4282, 26, 988, 4),
(4283, 3, 988, 9),
(4284, 4, 988, 7),
(4285, 56, 988, 7),
(4286, 52, 988, 9),
(4287, 46, 988, 3),
(4288, 45, 988, 3),
(4289, 73, 988, 7),
(4290, 6, 988, 10),
(4291, 77, 988, 4),
(4292, 66, 988, 7),
(4293, 54, 988, 1),
(4294, 71, 988, 10),
(4295, 10, 988, 4),
(4296, 36, 988, 2),
(4297, 38, 988, 1),
(4298, 23, 988, 10),
(4299, 78, 988, 10),
(4300, 17, 988, 4),
(4301, 13, 988, 4),
(4302, 12, 988, 7),
(4303, 70, 988, 7),
(4304, 50, 15, 1),
(4305, 58, 45, 1),
(4306, 58, 988, 1),
(4307, 87, 12, 1),
(4308, 87, 988, 6),
(4309, 87, 27, 5),
(4310, 54, 27, 1),
(4311, 87, 2, 1),
(4312, 87, 9, 1),
(4313, 87, 15, 7),
(4314, 87, 28, 6),
(4315, 87, 42, 7),
(4316, 87, 42, 7),
(4317, 87, 45, 1),
(4318, 87, 983, 1),
(4319, 87, 3, 6),
(4320, 87, 4, 4),
(4321, 87, 6, 1),
(4322, 87, 10, 7),
(4323, 87, 14, 1),
(4324, 87, 19, 1),
(4325, 87, 21, 1),
(4326, 87, 977, 1),
(4327, 87, 20, 3),
(4328, 87, 26, 5),
(4329, 87, 1, 1),
(4330, 87, 32, 1),
(4331, 87, 36, 5),
(4332, 87, 39, 1),
(4333, 87, 979, 1),
(4334, 87, 16, 5),
(4335, 58, 973, 1),
(4336, 87, 976, 1),
(4337, 87, 7, 1),
(4338, 87, 609, 1),
(4339, 85, 981, 1),
(4340, 87, 17, 4),
(4341, 87, 40, 1),
(4342, 87, 37, 1),
(4343, 75, 981, 1),
(4344, 87, 29, 1),
(4345, 87, 8, 7),
(4346, 87, 22, 1),
(4347, 87, 981, 1),
(4348, 50, 12, 1),
(4349, 87, 978, 1),
(4350, 87, 987, 3),
(4351, 25, 981, 1),
(4352, 33, 31, 1),
(4353, 29, 981, 1),
(4354, 87, 973, 1),
(4355, 87, 31, 4),
(4356, 87, 34, 1),
(4357, 26, 981, 1),
(4358, 58, 37, 1),
(4359, 58, 9, 1),
(4360, 58, 10, 1),
(4361, 87, 18, 1),
(4362, 54, 973, 1),
(4363, 87, 980, 1);

-- --------------------------------------------------------

--
-- Table structure for table `decks`
--

CREATE TABLE `decks` (
  `id` int(6) NOT NULL
) ENGINE=InnoDB DEFAULT CHARSET=latin1;

--
-- Dumping data for table `decks`
--

INSERT INTO `decks` (`id`) VALUES
(1),
(2),
(3),
(4),
(5),
(6),
(7),
(8),
(9),
(10),
(11),
(12),
(13),
(14),
(15),
(16),
(17),
(18),
(19),
(20),
(21),
(22),
(23),
(24),
(25),
(26),
(27),
(28),
(29),
(30),
(31),
(32),
(33),
(34),
(35),
(36),
(37),
(38),
(39),
(40),
(41),
(42),
(43),
(44),
(45),
(46),
(47),
(48),
(49),
(50),
(51),
(52),
(53),
(54),
(55),
(56),
(57),
(58),
(59),
(60),
(61),
(62),
(63),
(64),
(65),
(66),
(67),
(68),
(69),
(70),
(71),
(72),
(73),
(74),
(75),
(76),
(77),
(78),
(79),
(80),
(81),
(82),
(83),
(84),
(85),
(86),
(87),
(88),
(89),
(90),
(91),
(92),
(93),
(94),
(95),
(96),
(97),
(98),
(99),
(100),
(101),
(102),
(103),
(104),
(105),
(106),
(107),
(108),
(109),
(110),
(111),
(112),
(113),
(114),
(115),
(116),
(117),
(118),
(119),
(120),
(121),
(122),
(123),
(124),
(125),
(126),
(127),
(128),
(129),
(130),
(131),
(132),
(133),
(134),
(135),
(136),
(137),
(138),
(139),
(140),
(141),
(142),
(143),
(144),
(145),
(146),
(147),
(148),
(149),
(150),
(151),
(152),
(153),
(154),
(155),
(156),
(157),
(158),
(159),
(160),
(161),
(162),
(163),
(164),
(165),
(166),
(167),
(168),
(169),
(170),
(171),
(172),
(173),
(174),
(175),
(176),
(177),
(178),
(179),
(180),
(181),
(182),
(183),
(184),
(185),
(186),
(187),
(188),
(189),
(190),
(191),
(192),
(193),
(194),
(195),
(196),
(197),
(198),
(199),
(200),
(201),
(202),
(203),
(204),
(205),
(206),
(207),
(208),
(209),
(210),
(211),
(212),
(213),
(214),
(215),
(216),
(217),
(218),
(219),
(220),
(221),
(222),
(223),
(224),
(225),
(226),
(227),
(228),
(229),
(230),
(231),
(232),
(233),
(234),
(235),
(236),
(237),
(238),
(239),
(240),
(241),
(242),
(243),
(244),
(245),
(246),
(247),
(248),
(249),
(250),
(251),
(252),
(253),
(254),
(255),
(256),
(257),
(258),
(259),
(260),
(261),
(262),
(263),
(264),
(265),
(266),
(267),
(268),
(269),
(270),
(271),
(272),
(273),
(274),
(275),
(276),
(277),
(278),
(279),
(280),
(281),
(282),
(283),
(284),
(285),
(286),
(287),
(288),
(289),
(290),
(291),
(292),
(293),
(294),
(295),
(296),
(297),
(298),
(299),
(300),
(301),
(302),
(303),
(304),
(305),
(306),
(307),
(308),
(309),
(310),
(311),
(312),
(313),
(314),
(315),
(316),
(317),
(318),
(319),
(320),
(321),
(322),
(323),
(324),
(325),
(326),
(327),
(328),
(329),
(330),
(331),
(332),
(333),
(334),
(335),
(336),
(337),
(338),
(339),
(340),
(341),
(342),
(343),
(344),
(345),
(346),
(347),
(348),
(349),
(350),
(351),
(352),
(353),
(354),
(355),
(356),
(357),
(358),
(359),
(360),
(361),
(362),
(363),
(364),
(365),
(366),
(367),
(368),
(369),
(370),
(371),
(372),
(373),
(374),
(375),
(376),
(377),
(378),
(379),
(380),
(381),
(382),
(383),
(384),
(385),
(386),
(387),
(388),
(389),
(390),
(391),
(392),
(393),
(394),
(395),
(396),
(397),
(398),
(399),
(400),
(401),
(402),
(403),
(404),
(405),
(406),
(407),
(408),
(409),
(410),
(411),
(412),
(413),
(414),
(415),
(416),
(417),
(418),
(419),
(420),
(421),
(422),
(423),
(424),
(425),
(426),
(427),
(428),
(429),
(430),
(431),
(432),
(433),
(434),
(435),
(436),
(437),
(438),
(439),
(440),
(441),
(442),
(443),
(444),
(445),
(446),
(447),
(448),
(449),
(450),
(451),
(452),
(453),
(454),
(455),
(456),
(457),
(458),
(459),
(460),
(461),
(462),
(463),
(464),
(465),
(466),
(467),
(468),
(469),
(470),
(471),
(472),
(473),
(474),
(475),
(476),
(477),
(478),
(479),
(480),
(481),
(482),
(483),
(484),
(485),
(486),
(487),
(488),
(489),
(490),
(491),
(492),
(493),
(494),
(495),
(496),
(497),
(498),
(499),
(500),
(501),
(502),
(503),
(504),
(505),
(506),
(507),
(508),
(509),
(510),
(511);

-- --------------------------------------------------------

--
-- Table structure for table `deck_results`
--

CREATE TABLE `deck_results` (
  `id` int(8) NOT NULL,
  `deck_id` int(5) NOT NULL,
  `win` tinyint(1) NOT NULL COMMENT '1 sur match gagn',
  `crowns` tinyint(1) NOT NULL COMMENT 'nombre de couronnes remporte',
  `time` int(11) DEFAULT NULL COMMENT 'date du combat'
) ENGINE=InnoDB DEFAULT CHARSET=latin1;

--
-- Dumping data for table `deck_results`
--

INSERT INTO `deck_results` (`id`, `deck_id`, `win`, `crowns`, `time`) VALUES
(1, 50, 0, 0, 1532791355),
(2, 51, 1, 1, 1532783221),
(3, 52, 1, 3, 1532781869),
(4, 53, 0, 0, 1532781141),
(5, 54, 1, 1, 1532780944),
(6, 55, 0, 0, 1532780633),
(7, 56, 0, 0, 1532778382),
(8, 57, 1, 1, 1532776842),
(9, 58, 1, 1, 1532775374),
(10, 59, 1, 1, 1532773950),
(11, 59, 0, 1, 1532773702),
(12, 60, 0, 0, 1532771658),
(13, 61, 0, 0, 1532770274),
(14, 62, 1, 3, 1532770043),
(15, 63, 0, 0, 1532769714),
(16, 64, 0, 1, 1532767975),
(17, 65, 0, 0, 1532767645),
(18, 66, 0, 0, 1532767458),
(19, 67, 1, 1, 1532765294),
(20, 68, 0, 1, 1532764945),
(21, 69, 0, 0, 1532764572),
(22, 70, 1, 2, 1532763871),
(23, 71, 0, 0, 1532763676),
(24, 72, 1, 1, 1532763489),
(25, 73, 0, 1, 1532763201),
(26, 74, 1, 1, 1532762914),
(27, 75, 1, 1, 1532762380),
(28, 76, 1, 1, 1532761653),
(29, 77, 1, 2, 1532756860),
(30, 78, 0, 0, 1532754873),
(31, 79, 1, 3, 1532753438),
(32, 80, 0, 2, 1532750968),
(33, 81, 1, 1, 1532734179),
(34, 82, 0, 0, 1532733908),
(35, 59, 1, 1, 1532733614),
(36, 83, 0, 0, 1532733171),
(37, 59, 1, 1, 1532808303),
(38, 86, 1, 2, 1532807492),
(39, 122, 1, 2, 1532907067),
(40, 123, 0, 1, 1532906878),
(41, 124, 0, 0, 1532906589),
(42, 125, 0, 0, 1532907337),
(43, 127, 0, 0, 1532914572),
(44, 128, 1, 1, 1532913387),
(45, 129, 1, 1, 1532922089),
(46, 130, 0, 1, 1532920162),
(47, 131, 1, 2, 1532926042),
(48, 132, 1, 1, 1532932950),
(49, 133, 1, 1, 1532930090),
(50, 135, 0, 0, 1532935843),
(51, 137, 0, 0, 1532940073),
(52, 138, 0, 0, 1532939533),
(53, 132, 0, 0, 1532938122),
(54, 139, 0, 1, 1532943575),
(55, 132, 0, 0, 1532943253),
(56, 140, 0, 1, 1532943054),
(57, 141, 1, 1, 1532942757),
(58, 142, 0, 0, 1532942029),
(59, 143, 1, 2, 1532940455),
(60, 145, 1, 3, 1532946595),
(61, 146, 1, 1, 1532946368),
(62, 147, 0, 0, 1532944447),
(63, 148, 1, 3, 1532944064),
(64, 149, 1, 3, 1532948432),
(65, 150, 0, 0, 1532947563),
(66, 151, 1, 1, 1532949517),
(67, 152, 1, 1, 1532953344),
(68, 153, 0, 0, 1532952915),
(69, 157, 1, 3, 1532961546),
(70, 158, 1, 3, 1532958923),
(71, 161, 0, 1, 1532965483),
(72, 162, 0, 0, 1532970706),
(73, 164, 1, 3, 1532975079),
(74, 165, 1, 1, 1532974944),
(75, 168, 0, 0, 1532982180),
(76, 182, 1, 1, 1533079779),
(77, 183, 0, 1, 1533079574),
(78, 185, 0, 0, 1533083231),
(79, 186, 0, 0, 1533082581),
(80, 187, 0, 0, 1533080748),
(81, 188, 0, 0, 1533091961),
(82, 189, 0, 0, 1533098375),
(83, 190, 0, 0, 1533097527),
(84, 191, 1, 1, 1533101793),
(85, 192, 0, 0, 1533101091),
(86, 193, 0, 0, 1533100895),
(87, 194, 0, 0, 1533103318),
(88, 195, 0, 0, 1533102992),
(89, 196, 0, 1, 1533102702),
(90, 197, 0, 0, 1533108533),
(91, 198, 0, 0, 1533112152),
(92, 181, 1, 1, 1533111387),
(93, 199, 1, 2, 1533116341),
(94, 200, 0, 0, 1533116096),
(95, 201, 0, 0, 1533113257),
(96, 203, 1, 1, 1533118545),
(97, 204, 1, 1, 1533118972),
(98, 205, 0, 1, 1533123194),
(99, 206, 1, 2, 1533122456),
(100, 206, 0, 0, 1533122264),
(101, 207, 0, 0, 1533120708),
(102, 208, 1, 3, 1533127376),
(103, 209, 0, 1, 1533126608),
(104, 210, 1, 1, 1533125204),
(105, 211, 1, 2, 1533128079),
(106, 212, 1, 2, 1533127622),
(107, 214, 0, 1, 1533134203),
(108, 215, 0, 0, 1533133737),
(109, 216, 1, 1, 1533140201),
(110, 217, 0, 0, 1533138843),
(111, 218, 0, 0, 1533143943),
(112, 220, 1, 1, 1533146940),
(113, 222, 0, 0, 1533155461),
(114, 223, 0, 0, 1533153968),
(115, 224, 0, 1, 1533156793),
(116, 225, 0, 0, 1533159058),
(117, 238, 1, 3, 1533253337),
(118, 239, 1, 3, 1533252993),
(119, 240, 1, 2, 1533252751),
(120, 239, 1, 2, 1533252563),
(121, 241, 0, 0, 1533254409),
(122, 242, 0, 0, 1533253949),
(123, 243, 1, 3, 1533271913),
(124, 243, 1, 1, 1533271758),
(125, 244, 1, 3, 1533277466),
(126, 245, 0, 0, 1533277093),
(127, 246, 1, 1, 1533275334),
(128, 248, 1, 1, 1533281190),
(129, 234, 0, 0, 1533280987),
(130, 234, 1, 1, 1533280711),
(131, 249, 1, 1, 1533285474),
(132, 250, 0, 1, 1533284904),
(133, 250, 1, 1, 1533284687),
(134, 238, 1, 1, 1533283845),
(135, 251, 0, 0, 1533283574),
(136, 251, 0, 0, 1533282770),
(137, 253, 0, 1, 1533288868),
(138, 254, 0, 0, 1533286348),
(139, 255, 1, 1, 1533289931),
(140, 256, 0, 0, 1533292395),
(141, 257, 0, 0, 1533291673),
(142, 258, 1, 3, 1533296108),
(143, 259, 0, 0, 1533300068),
(144, 260, 1, 2, 1533296676),
(145, 261, 0, 0, 1533302967),
(146, 262, 1, 1, 1533302579),
(147, 263, 1, 3, 1533305105),
(148, 265, 0, 0, 1533309773),
(149, 266, 1, 1, 1533307810),
(150, 267, 1, 1, 1533317041),
(151, 268, 0, 0, 1533320702),
(152, 269, 1, 1, 1533334075),
(153, 342, 0, 0, 1533427790),
(154, 343, 1, 1, 1533427283),
(155, 343, 0, 0, 1533427076),
(156, 343, 1, 3, 1533426803),
(157, 344, 1, 2, 1533426616),
(158, 345, 1, 1, 1533426248),
(159, 346, 1, 3, 1533425808),
(160, 347, 0, 0, 1533425637),
(161, 346, 1, 1, 1533425391),
(162, 348, 1, 1, 1533425199),
(163, 349, 1, 1, 1533435299),
(164, 350, 0, 0, 1533434584),
(165, 351, 1, 1, 1533444839),
(166, 352, 0, 0, 1533444627),
(167, 354, 1, 1, 1533448299),
(168, 354, 1, 1, 1533448008),
(169, 357, 0, 1, 1533453483),
(170, 358, 0, 0, 1533453227),
(171, 359, 0, 1, 1533452157),
(172, 361, 0, 0, 1533458330),
(173, 362, 1, 1, 1533458123),
(174, 363, 0, 1, 1533457678),
(175, 364, 0, 1, 1533457372),
(176, 366, 0, 0, 1533459027),
(177, 367, 1, 2, 1533461229),
(178, 368, 1, 1, 1533460492),
(179, 354, 0, 0, 1533463194),
(180, 371, 0, 1, 1533468226),
(181, 372, 1, 3, 1533467943),
(182, 361, 0, 0, 1533465988),
(183, 375, 0, 0, 1533476268),
(184, 376, 1, 1, 1533474106),
(185, 377, 0, 0, 1533473263),
(186, 378, 0, 0, 1533477103),
(187, 383, 1, 2, 1533490472),
(188, 384, 1, 2, 1533487631),
(189, 475, 1, 1, 1533681134),
(190, 476, 0, 1, 1533680441),
(191, 476, 1, 1, 1533680242),
(192, 477, 1, 1, 1533680032),
(193, 478, 1, 2, 1533679744),
(194, 479, 1, 1, 1533679484),
(195, 480, 1, 1, 1533682020),
(196, 481, 0, 1, 1533683679),
(197, 481, 0, 0, 1533683497),
(198, 482, 0, 1, 1533683235),
(199, 483, 1, 1, 1533686858),
(200, 484, 1, 1, 1533698228),
(201, 485, 1, 3, 1533701886),
(202, 486, 1, 2, 1533706756),
(203, 486, 1, 3, 1533706482),
(204, 487, 1, 1, 1533705754),
(205, 488, 0, 0, 1533704971),
(206, 489, 1, 1, 1533708551),
(207, 490, 1, 1, 1533712537),
(208, 491, 0, 0, 1533717803),
(209, 492, 0, 1, 1533717136),
(210, 493, 0, 0, 1533715837),
(211, 492, 0, 1, 1533715540),
(212, 494, 1, 1, 1533715237),
(213, 494, 0, 0, 1533715032),
(214, 495, 0, 0, 1533714839),
(215, 498, 1, 2, 1533721360),
(216, 499, 1, 3, 1533723624),
(217, 500, 0, 1, 1533721743),
(218, 502, 1, 1, 1533728496),
(219, 503, 0, 0, 1533727124),
(220, 504, 0, 0, 1533726042),
(221, 505, 1, 2, 1533725506),
(222, 508, 0, 0, 1533729419),
(223, 509, 0, 1, 1533734731);

-- --------------------------------------------------------

--
-- Table structure for table `last_updated`
--

CREATE TABLE `last_updated` (
  `id` int(3) NOT NULL,
  `page_name` varchar(50) NOT NULL,
  `updated` datetime DEFAULT NULL,
  `tag` varchar(10) DEFAULT NULL
) ENGINE=InnoDB DEFAULT CHARSET=latin1;

--
-- Dumping data for table `last_updated`
--

INSERT INTO `last_updated` (`id`, `page_name`, `updated`, `tag`) VALUES
(1, 'index', '2018-08-08 17:01:02', NULL),
(3, 'war', '2018-08-08 17:01:03', NULL),
(4, 'war_stats', '2018-08-08 16:56:05', NULL),
(5, 'war_decks', '2018-08-08 16:44:16', NULL),
(7, 'player', '2018-08-08 16:49:10', '90VG2292'),
(8, 'player', '2018-08-08 16:49:27', 'LLG0QGR9'),
(9, 'player', '2018-08-08 16:49:40', '88V0L8LQG'),
(10, 'player', '2018-08-08 16:49:58', '9YPLPGRQL'),
(11, 'player', '2018-08-08 16:49:51', '80LR8GCR0'),
(12, 'player', '2018-08-08 16:49:24', '2YPJR9Q0'),
(13, 'player', '2018-08-08 16:49:16', '9LJL09CQ'),
(14, 'player', '2018-08-08 16:49:30', 'QCY9YPC9'),
(15, 'player', '2018-08-08 16:49:12', '2J88RVQRY'),
(16, 'player', '2018-08-08 16:49:32', '22PL0J8JG'),
(17, 'player', '2018-08-08 16:49:13', '2JPC2G0G'),
(18, 'player', '2018-08-08 16:50:06', 'VYJ00PJL'),
(19, 'player', '2018-08-08 16:49:08', '8YG908L08'),
(20, 'player', '2018-08-08 16:49:55', '9U9G90RYV'),
(21, 'player', '2018-08-08 15:50:19', 'P0JVUQVRV'),
(22, 'player', '2018-08-08 16:50:19', '9VGV88GC'),
(23, 'player', '2018-08-08 15:50:24', '8LU920GLP'),
(24, 'player', '2018-08-08 16:50:11', '9UP2QQCQ'),
(25, 'player', '2018-08-08 16:49:04', '2P9QYR2P'),
(26, 'player', '2018-08-08 16:49:07', 'PURCPRVJ'),
(27, 'player', '2018-08-08 16:49:15', '9JQ82G0P'),
(28, 'player', '2018-08-08 16:49:18', 'PYU2QP8J'),
(29, 'player', '2018-08-08 16:49:19', '2YJ0PJ0U'),
(30, 'player', '2018-08-08 16:49:21', 'QLLLLQVQ'),
(31, 'player', '2018-08-08 16:49:22', '8G8VGQL88'),
(32, 'player', '2018-08-08 16:49:25', '8JRGRGGGR'),
(33, 'player', '2018-08-08 16:49:28', 'LJV8928C'),
(34, 'player', '2018-08-08 16:49:33', '9G2JPRY8'),
(35, 'player', '2018-08-08 16:49:34', '9Y82JPP9'),
(36, 'player', '2018-08-08 16:49:36', '8V0RVRRJV'),
(37, 'player', '2018-08-08 16:49:37', '908GUL0G'),
(38, 'player', '2018-08-08 16:49:41', '8PU0R0GYV'),
(39, 'player', '2018-08-08 16:49:43', '28V08R0PY'),
(40, 'player', '2018-08-08 16:49:44', '8Y02YJU2U'),
(41, 'player', '2018-08-08 16:49:46', '8YQU8JCC8'),
(42, 'player', '2018-08-08 16:49:47', '29CJ980P'),
(43, 'player', '2018-08-08 16:49:49', '2C89G8UQ9'),
(44, 'player', '2018-07-29 14:49:59', 'LUQUJR2Q'),
(45, 'player', '2018-08-08 15:49:54', '8Y8GYC298'),
(46, 'player', '2018-08-08 16:49:53', 'YV9R20G'),
(47, 'player', '2018-08-08 16:49:56', '29YR2VQCR'),
(48, 'player', '2018-08-08 16:50:00', 'P8PRYQR2'),
(49, 'player', '2018-08-08 16:50:02', '9QJVJ0JG9'),
(50, 'player', '2018-08-08 16:50:04', '2JJQ0V2QP'),
(51, 'player', '2018-08-08 15:50:10', '2U8V8GGQ'),
(52, 'player', '2018-08-08 15:50:14', '2U8ULL9P'),
(53, 'player', '2018-08-08 16:50:13', '2YCPCYU9'),
(54, 'player', '2018-08-08 16:50:16', '8QGJQPVC8'),
(55, 'player', '2018-08-08 15:50:21', '2L220QY0G'),
(56, 'player', '2018-07-30 10:50:27', '990VG0YY'),
(57, 'player', '2018-07-30 21:50:24', 'P8JGYRLPU'),
(58, 'player', '2018-08-08 16:50:21', '2VLY9V09L'),
(59, 'player', '2018-08-08 16:50:23', '92VG298J9');

-- --------------------------------------------------------

--
-- Table structure for table `players`
--

CREATE TABLE `players` (
  `id` int(4) NOT NULL,
  `tag` varchar(10) CHARACTER SET utf8 NOT NULL COMMENT 'Tag du joueur',
  `name` varchar(50) CHARACTER SET utf8 NOT NULL COMMENT 'Nom du joueur',
  `rank` int(2) NOT NULL COMMENT 'Placement dans le clan',
  `trophies` int(5) NOT NULL COMMENT 'Nombre de trophe du joueur',
  `role_id` int(1) NOT NULL,
  `exp_level` int(2) NOT NULL COMMENT 'Niveau de la tour',
  `in_clan` tinyint(1) NOT NULL DEFAULT '0',
  `arena` int(3) NOT NULL,
  `donations` int(10) NOT NULL,
  `donations_received` int(10) NOT NULL,
  `donations_delta` int(10) NOT NULL,
  `donations_ratio` float NOT NULL,
  `max_trophies` int(5) NOT NULL DEFAULT '0'
) ENGINE=InnoDB DEFAULT CHARSET=utf8 COLLATE=utf8_unicode_ci;

--
-- Dumping data for table `players`
--

INSERT INTO `players` (`id`, `tag`, `name`, `rank`, `trophies`, `role_id`, `exp_level`, `in_clan`, `arena`, `donations`, `donations_received`, `donations_delta`, `donations_ratio`, `max_trophies`) VALUES
(1, '2P9QYR2P', 'Tomawaak', 4, 4265, 2, 12, 1, 13, 96, 160, -64, 0.6, 4629),
(2, 'PURCPRVJ', 'vabz', 3, 4292, 2, 12, 1, 13, 419, 240, 179, 2.61, 4605),
(3, '8YG908L08', 'BadPoussin', 6, 4165, 1, 12, 1, 13, 385, 280, 105, 2.4, 4387),
(4, '90VG2292', 'Rocky', 1, 4525, 3, 12, 1, 14, 555, 320, 235, 3.45, 4737),
(5, '2J88RVQRY', 'OnyaGamer', 19, 4001, 3, 11, 1, 13, 0, 0, 0, 0, 4259),
(6, '2JPC2G0G', 'Majin Freeza', 2, 4302, 4, 12, 1, 14, 216, 240, -24, 1.34, 4552),
(7, '9JQ82G0P', 'bolognaise', 9, 4155, 3, 11, 1, 13, 8, 160, -152, 0.05, 4309),
(8, '9LJL09CQ', 'Stph', 7, 4161, 3, 12, 1, 13, 340, 320, 20, 2.12, 4321),
(9, 'PYU2QP8J', 'Zypher', 20, 4000, 3, 10, 1, 13, 295, 200, 95, 1.84, 4199),
(10, '2YJ0PJ0U', 'Sup3r-K', 11, 4108, 3, 12, 1, 13, 261, 200, 61, 1.62, 4449),
(11, 'QLLLLQVQ', 'MightyChicken', 21, 3996, 3, 11, 1, 12, 0, 0, 0, 0, 4218),
(12, '8G8VGQL88', 'youpi', 5, 4210, 3, 11, 1, 13, 542, 280, 262, 3.37, 4337),
(13, 'PUU8PUQY', 'Ruilucenzo', 14, 4098, 3, 12, 0, 13, 292, 320, -28, 1.13, 0),
(14, '2YPJR9Q0', 'Kaldor', 10, 4135, 2, 11, 1, 13, 319, 240, 79, 1.98, 4262),
(15, '8JRGRGGGR', 'CJ21', 17, 4004, 3, 11, 1, 13, 399, 320, 79, 2.48, 4212),
(16, 'LLG0QGR9', 'Patatepower', 12, 4084, 3, 11, 1, 13, 102, 120, -18, 0.63, 4167),
(17, 'LJV8928C', 'lolo', 22, 3917, 3, 11, 1, 12, 196, 200, -4, 1.22, 4012),
(18, 'QCY9YPC9', '??Willen??', 28, 3815, 3, 11, 1, 12, 18, 0, 18, 0.11, 3816),
(19, '22PL0J8JG', 'chamb', 15, 4016, 3, 10, 1, 13, 89, 104, -15, 0.55, 4200),
(20, '9G2JPRY8', 'oui', 27, 3833, 3, 11, 1, 12, 222, 280, -58, 1.38, 3884),
(21, '9Y82JPP9', 'Maped', 18, 4002, 3, 11, 1, 13, 122, 120, 2, 0.76, 4029),
(22, '8V0RVRRJV', 'morgan', 25, 3882, 3, 10, 1, 12, 223, 160, 63, 1.39, 3882),
(23, '2RUU0V209', 'Olympia', 31, 3640, 3, 10, 0, 11, 360, 320, 40, 1.33, 0),
(24, '2J8CRU22G', 'lexrider', 30, 3606, 3, 10, 0, 11, 0, 0, 0, 0, 0),
(25, '2U2002JQ0', 'Jack-So', 33, 3712, 4, 10, 0, 11, 54, 120, -66, 0.42, 0),
(26, '908GUL0G', 'osiris', 26, 3856, 4, 11, 1, 12, 30, 80, -50, 0.19, 3885),
(27, '88V0L8LQG', 'Kaoulombre', 13, 4037, 2, 11, 1, 13, 472, 320, 152, 2.94, 4037),
(28, '8PU0R0GYV', 'daoshine', 30, 3801, 3, 10, 1, 12, 164, 200, -36, 1.02, 3801),
(29, '28V08R0PY', 'jojo95', 24, 3883, 3, 11, 1, 12, 324, 240, 84, 2.02, 3953),
(30, 'RGCGVJRL', 'domidom97', 33, 3535, 4, 11, 0, 11, 8, 0, 8, 0.03, 3660),
(31, '8Y02YJU2U', 'SorcireDuJour', 38, 3463, 3, 10, 1, 11, 94, 112, -18, 0.58, 3578),
(32, '8YQU8JCC8', 'Karu24', 29, 3802, 3, 11, 1, 12, 50, 160, -110, 0.31, 3802),
(33, '29CJ980P', 'pate lorrain', 42, 3298, 3, 10, 1, 10, 0, 0, 0, 0, 3762),
(34, '2C89G8UQ9', '?\\WEEED//?', 40, 3321, 3, 10, 1, 10, 66, 120, -54, 0.41, 3393),
(35, 'LUQUJR2Q', 'tictac', 31, 3702, 3, 11, 0, 11, 44, 40, 4, 0.11, 3757),
(36, '80LR8GCR0', 'peyo le grand', 37, 3465, 3, 10, 1, 11, 257, 200, 57, 1.6, 3499),
(37, '8Y8GYC298', 'EddiE', 32, 3661, 3, 10, 0, 11, 20, 120, -100, 0.13, 3696),
(38, 'YV9R20G', 'beryllus', 41, 3313, 3, 10, 1, 10, 0, 0, 0, 0, 3505),
(39, '9U9G90RYV', 'Fumseck', 43, 3254, 3, 10, 1, 10, 97, 160, -63, 0.6, 3391),
(40, '29YR2VQCR', 'jojoooo', 31, 3724, 3, 11, 1, 11, 165, 240, -75, 1.03, 3743),
(41, '8GCQPG08', 'THOR', 49, 2656, 3, 10, 0, 9, 74, 30, 44, 0.58, 2656),
(42, '9YPLPGRQL', 'nano', 44, 3198, 3, 9, 1, 10, 377, 320, 57, 2.35, 3257),
(45, 'P8PRYQR2', 'Kapt723', 16, 4011, 3, 11, 1, 13, 273, 240, 33, 1.7, 4021),
(605, '9QJVJ0JG9', 'Saga', 32, 3628, 3, 9, 1, 11, 68, 160, -92, 0.42, 3834),
(606, '2LRV22890', 'Haroune2retour', 14, 3861, 4, 11, 0, 12, 73, 80, -7, 0.22, 0),
(607, '8JCPGR9U0', 'topmonellz', 38, 3409, 4, 10, 0, 11, 48, 160, -112, 0.17, 0),
(608, 'V99UQPGY', 'Bahiano', 37, 3414, 4, 10, 0, 11, 10, 40, -30, 0.03, 0),
(609, '2JJQ0V2QP', 'Bonobo', 14, 4037, 3, 10, 1, 13, 20, 80, -60, 0.12, 4092),
(610, '9RGPL8PC', 'CLAN', 0, 0, 1, 0, 0, 0, 0, 0, 0, 0, 0),
(611, '8CQYJ9R', 'DrBoubou', 37, 3426, 4, 10, 0, 11, 38, 40, -2, 0.15, 3426),
(612, '8UQ28Q8P', 'Pablo', 17, 3911, 4, 10, 0, 12, 0, 0, 0, 0, 0),
(973, 'VYJ00PJL', 'Kaboum971', 8, 4158, 3, 11, 1, 13, 99, 200, -101, 0.62, 4316),
(974, 'V9YCLVJV', 'B.F.A', 36, 3497, 4, 10, 0, 11, 26, 0, 26, 0.41, 0),
(975, '2VCURRJUC', 'MrDjerbou57', 40, 3405, 4, 10, 0, 11, 36, 0, 36, 0.12, 0),
(976, '2U8V8GGQ', 'zermazeubihass', 48, 2757, 4, 11, 0, 9, 0, 0, 0, 0, 3898),
(977, '9UP2QQCQ', 'maxouille', 23, 3909, 3, 10, 1, 12, 99, 200, -101, 0.62, 3922),
(978, '2U8ULL9P', 'TBSF 2nd class', 37, 3553, 4, 10, 0, 11, 20, 40, -20, 0.13, 3579),
(979, '2YCPCYU9', 'Watrax EU', 34, 3561, 4, 11, 1, 11, 64, 80, -16, 0.4, 3663),
(980, '8QGJQPVC8', 'Aplecraf', 36, 3500, 4, 10, 1, 11, 76, 160, -84, 0.47, 3538),
(981, 'P0JVUQVRV', 'Parpino', 49, 2080, 4, 8, 0, 7, 156, 210, -54, 0.98, 2103),
(982, '2L220QY0G', 'KenalLeTheg', 35, 3574, 4, 11, 0, 11, 0, 0, 0, 0, 3835),
(983, '9VGV88GC', 'PedrO!', 35, 3529, 3, 11, 1, 11, 106, 210, -104, 0.66, 3764),
(984, '990VG0YY', 'juliusYT', 26, 3818, 4, 10, 0, 12, 0, 0, 0, 0, 3845),
(985, '8LU920GLP', 'AXEL', 50, 2039, 4, 9, 0, 7, 0, 0, 0, 0, 2402),
(986, 'P8JGYRLPU', '???MAURICIO???', 41, 3421, 4, 9, 0, 11, 98, 80, 18, 1.96, 3421),
(987, '2VLY9V09L', 'MESSI', 33, 3622, 4, 10, 1, 11, 10, 40, -30, 0.06, 3679),
(988, '92VG298J9', 'anto', 39, 3450, 4, 10, 1, 11, 122, 200, -78, 0.76, 3629);

-- --------------------------------------------------------

--
-- Table structure for table `player_deck`
--

CREATE TABLE `player_deck` (
  `id` int(11) NOT NULL,
  `deck_id` int(11) NOT NULL,
  `player_id` int(11) NOT NULL,
  `current` tinyint(1) NOT NULL DEFAULT '1' COMMENT 'deck utilis en ce moment par le joueur'
) ENGINE=InnoDB DEFAULT CHARSET=latin1 COMMENT='Table de jointure des decks aux joueurs';

--
-- Dumping data for table `player_deck`
--

INSERT INTO `player_deck` (`id`, `deck_id`, `player_id`, `current`) VALUES
(1, 1, 1, 1),
(2, 2, 2, 1),
(3, 3, 3, 1),
(4, 4, 4, 0),
(5, 5, 5, 1),
(6, 6, 6, 1),
(7, 7, 7, 1),
(8, 8, 8, 1),
(9, 9, 9, 1),
(10, 10, 10, 0),
(11, 11, 11, 1),
(12, 12, 12, 0),
(13, 13, 14, 1),
(14, 14, 15, 1),
(15, 15, 16, 1),
(16, 16, 17, 1),
(17, 17, 18, 1),
(18, 18, 19, 1),
(19, 19, 20, 1),
(20, 20, 21, 1),
(21, 21, 22, 1),
(22, 22, 26, 1),
(23, 23, 27, 0),
(24, 24, 28, 1),
(25, 25, 29, 1),
(26, 26, 31, 1),
(27, 27, 32, 0),
(28, 28, 33, 0),
(29, 29, 34, 1),
(30, 30, 35, 1),
(31, 31, 36, 0),
(32, 32, 37, 0),
(33, 33, 38, 1),
(34, 34, 39, 1),
(35, 25, 40, 0),
(36, 35, 42, 0),
(37, 36, 45, 0),
(38, 37, 605, 0),
(39, 38, 609, 1),
(40, 39, 973, 0),
(41, 40, 976, 0),
(42, 41, 977, 0),
(43, 42, 978, 1),
(44, 43, 979, 0),
(45, 44, 980, 0),
(46, 45, 981, 1),
(47, 46, 982, 1),
(48, 47, 983, 1),
(49, 48, 984, 1),
(50, 49, 985, 0),
(51, 84, 27, 0),
(52, 85, 3, 0),
(53, 87, 27, 1),
(54, 88, 3, 0),
(55, 89, 976, 0),
(56, 90, 980, 0),
(57, 91, 14, 0),
(58, 92, 15, 0),
(59, 93, 42, 0),
(60, 94, 979, 0),
(61, 95, 26, 0),
(62, 96, 976, 0),
(63, 97, 42, 0),
(64, 98, 3, 0),
(65, 99, 5, 0),
(66, 100, 9, 0),
(67, 101, 12, 0),
(68, 102, 19, 0),
(69, 103, 20, 0),
(70, 104, 22, 0),
(71, 105, 26, 0),
(72, 106, 29, 0),
(73, 107, 34, 0),
(74, 108, 36, 0),
(75, 109, 39, 0),
(76, 110, 605, 0),
(77, 111, 973, 0),
(78, 112, 979, 0),
(79, 113, 982, 0),
(80, 114, 983, 0),
(81, 115, 985, 0),
(82, 116, 977, 0),
(83, 117, 976, 0),
(84, 118, 979, 0),
(85, 119, 984, 0),
(86, 120, 42, 0),
(87, 121, 40, 0),
(88, 126, 985, 1),
(89, 134, 986, 1),
(90, 136, 42, 0),
(91, 144, 20, 0),
(92, 146, 28, 0),
(93, 154, 979, 0),
(94, 155, 987, 1),
(95, 156, 42, 0),
(96, 159, 983, 0),
(97, 160, 4, 1),
(98, 163, 605, 0),
(99, 166, 32, 0),
(100, 167, 976, 0),
(101, 169, 605, 0),
(102, 170, 4, 0),
(103, 171, 977, 0),
(104, 172, 4, 0),
(105, 173, 977, 0),
(106, 174, 4, 0),
(107, 175, 10, 0),
(108, 176, 45, 0),
(109, 177, 37, 0),
(110, 178, 987, 0),
(111, 179, 980, 0),
(112, 180, 39, 0),
(113, 181, 980, 0),
(114, 184, 976, 1),
(115, 202, 15, 0),
(116, 213, 977, 0),
(117, 219, 32, 1),
(118, 221, 988, 0),
(119, 226, 10, 0),
(120, 227, 10, 0),
(121, 228, 42, 0),
(122, 229, 42, 0),
(123, 230, 988, 0),
(124, 231, 10, 0),
(125, 232, 42, 0),
(126, 233, 10, 0),
(127, 219, 1, 0),
(128, 234, 980, 0),
(129, 235, 1, 0),
(130, 236, 4, 0),
(131, 237, 42, 0),
(132, 247, 605, 0),
(133, 252, 40, 1),
(134, 264, 988, 0),
(135, 270, 10, 0),
(136, 271, 10, 0),
(137, 272, 4, 0),
(138, 273, 9, 0),
(139, 274, 10, 0),
(140, 275, 12, 0),
(141, 276, 15, 0),
(142, 277, 17, 0),
(143, 278, 28, 0),
(144, 279, 42, 0),
(145, 280, 45, 0),
(146, 281, 3, 0),
(147, 282, 8, 0),
(148, 283, 10, 0),
(149, 284, 32, 0),
(150, 285, 33, 0),
(151, 286, 34, 0),
(152, 287, 42, 0),
(153, 288, 45, 0),
(154, 289, 977, 0),
(155, 290, 981, 0),
(156, 291, 983, 0),
(157, 292, 2, 0),
(158, 293, 8, 0),
(159, 294, 10, 0),
(160, 295, 18, 0),
(161, 296, 26, 0),
(162, 297, 28, 0),
(163, 298, 981, 0),
(164, 299, 1, 0),
(165, 300, 2, 0),
(166, 301, 3, 0),
(167, 302, 4, 0),
(168, 303, 10, 0),
(169, 304, 15, 0),
(170, 305, 16, 0),
(171, 306, 19, 0),
(172, 307, 21, 0),
(173, 308, 981, 0),
(174, 309, 4, 0),
(175, 310, 10, 0),
(176, 311, 11, 0),
(177, 312, 15, 0),
(178, 313, 19, 0),
(179, 314, 22, 0),
(180, 315, 26, 0),
(181, 316, 982, 0),
(182, 317, 983, 0),
(183, 318, 988, 0),
(184, 319, 27, 0),
(185, 320, 5, 0),
(186, 321, 985, 0),
(187, 322, 977, 0),
(188, 323, 976, 0),
(189, 324, 988, 0),
(190, 325, 3, 0),
(191, 326, 9, 0),
(192, 327, 17, 0),
(193, 328, 12, 0),
(194, 329, 45, 0),
(195, 330, 3, 0),
(196, 331, 10, 0),
(197, 332, 32, 0),
(198, 333, 45, 0),
(199, 334, 10, 0),
(200, 335, 21, 0),
(201, 336, 37, 0),
(202, 337, 45, 0),
(203, 338, 10, 0),
(204, 338, 45, 0),
(205, 339, 10, 0),
(206, 340, 45, 0),
(207, 341, 983, 0),
(208, 353, 42, 0),
(209, 355, 33, 1),
(210, 356, 42, 0),
(211, 360, 42, 0),
(212, 365, 979, 0),
(213, 369, 10, 0),
(214, 369, 45, 0),
(215, 370, 983, 0),
(216, 373, 10, 0),
(217, 374, 45, 0),
(218, 379, 10, 0),
(219, 379, 45, 0),
(220, 380, 42, 0),
(221, 381, 979, 1),
(222, 382, 3, 0),
(223, 385, 17, 0),
(224, 386, 2, 0),
(225, 387, 10, 0),
(226, 388, 976, 0),
(227, 389, 977, 0),
(228, 390, 980, 0),
(229, 391, 982, 0),
(230, 392, 31, 0),
(231, 393, 605, 0),
(232, 394, 976, 0),
(233, 395, 978, 0),
(234, 396, 2, 0),
(235, 397, 3, 0),
(236, 398, 5, 0),
(237, 399, 6, 0),
(238, 400, 8, 0),
(239, 401, 18, 0),
(240, 402, 21, 0),
(241, 403, 26, 0),
(242, 404, 31, 0),
(243, 405, 34, 0),
(244, 406, 39, 0),
(245, 407, 1, 0),
(246, 408, 2, 0),
(247, 409, 3, 0),
(248, 410, 4, 0),
(249, 411, 5, 0),
(250, 412, 6, 0),
(251, 413, 7, 0),
(252, 414, 8, 0),
(253, 415, 9, 0),
(254, 416, 10, 0),
(255, 417, 11, 0),
(256, 418, 12, 0),
(257, 419, 14, 0),
(258, 420, 15, 0),
(259, 421, 16, 0),
(260, 422, 17, 0),
(261, 423, 18, 0),
(262, 424, 19, 0),
(263, 425, 20, 0),
(264, 426, 21, 0),
(265, 427, 22, 0),
(266, 428, 26, 0),
(267, 429, 27, 0),
(268, 430, 28, 0),
(269, 431, 29, 0),
(270, 432, 31, 0),
(271, 433, 32, 0),
(272, 434, 33, 0),
(273, 435, 34, 0),
(274, 436, 36, 0),
(275, 437, 37, 0),
(276, 438, 38, 0),
(277, 439, 39, 0),
(278, 440, 40, 0),
(279, 441, 42, 0),
(280, 442, 45, 0),
(281, 443, 605, 0),
(282, 444, 609, 0),
(283, 445, 973, 0),
(284, 446, 988, 0),
(285, 87, 983, 0),
(286, 447, 36, 0),
(287, 448, 988, 1),
(288, 449, 973, 1),
(289, 450, 977, 0),
(290, 451, 2, 0),
(291, 452, 976, 0),
(292, 453, 10, 0),
(293, 454, 4, 0),
(294, 455, 10, 0),
(295, 456, 42, 1),
(296, 457, 988, 0),
(297, 458, 10, 0),
(298, 459, 977, 0),
(299, 460, 9, 0),
(300, 461, 4, 0),
(301, 462, 977, 0),
(302, 463, 15, 0),
(303, 464, 977, 0),
(304, 465, 980, 0),
(305, 466, 7, 0),
(306, 467, 977, 0),
(307, 468, 36, 1),
(308, 469, 2, 0),
(309, 470, 605, 0),
(310, 471, 977, 1),
(311, 472, 605, 1),
(312, 473, 10, 0),
(313, 473, 45, 0),
(314, 474, 10, 0),
(315, 474, 45, 0),
(316, 496, 8, 0),
(317, 497, 42, 0),
(318, 501, 37, 1),
(319, 506, 10, 0),
(320, 507, 980, 1),
(321, 510, 12, 1),
(322, 511, 10, 1),
(323, 511, 45, 1);

-- --------------------------------------------------------

--
-- Table structure for table `player_pause`
--

CREATE TABLE `player_pause` (
  `id` int(11) NOT NULL,
  `account_id` int(11) NOT NULL,
  `pause` varchar(16) NOT NULL
) ENGINE=InnoDB DEFAULT CHARSET=latin1;

-- --------------------------------------------------------

--
-- Table structure for table `player_war`
--

CREATE TABLE `player_war` (
  `id` int(10) NOT NULL,
  `player_id` int(5) NOT NULL,
  `cards_earned` int(4) NOT NULL,
  `collection_played` int(1) NOT NULL,
  `collection_won` int(1) NOT NULL,
  `battle_played` int(1) NOT NULL,
  `battle_won` int(1) NOT NULL,
  `war_id` int(4) NOT NULL
) ENGINE=InnoDB DEFAULT CHARSET=latin1;

--
-- Dumping data for table `player_war`
--

INSERT INTO `player_war` (`id`, `player_id`, `cards_earned`, `collection_played`, `collection_won`, `battle_played`, `battle_won`, `war_id`) VALUES
(395, 1, 640, 0, 0, 1, 0, 24),
(396, 2, 640, 0, 0, 1, 1, 24),
(397, 3, 800, 0, 0, 1, 1, 24),
(398, 4, 960, 0, 0, 1, 1, 24),
(399, 5, 640, 0, 0, 1, 1, 24),
(400, 6, 800, 0, 0, 1, 0, 24),
(401, 7, 640, 0, 0, 1, 0, 24),
(402, 8, 0, 0, 0, 0, 0, 24),
(403, 9, 750, 0, 0, 1, 1, 24),
(404, 10, 750, 0, 0, 1, 0, 24),
(405, 11, 750, 0, 0, 1, 1, 24),
(406, 12, 750, 0, 0, 1, 1, 24),
(407, 13, 600, 0, 0, 1, 0, 24),
(408, 14, 750, 0, 0, 1, 1, 24),
(409, 15, 750, 0, 0, 1, 0, 24),
(410, 16, 600, 0, 0, 1, 1, 24),
(411, 17, 600, 0, 0, 1, 0, 24),
(412, 18, 750, 0, 0, 1, 0, 24),
(413, 19, 450, 0, 0, 1, 0, 24),
(414, 20, 700, 0, 0, 1, 1, 24),
(415, 21, 700, 0, 0, 1, 0, 24),
(416, 22, 560, 0, 0, 1, 0, 24),
(417, 23, 560, 0, 0, 1, 0, 24),
(418, 24, 0, 0, 0, 0, 0, 24),
(419, 25, 560, 0, 0, 1, 1, 24),
(420, 26, 0, 0, 0, 0, 0, 24),
(421, 27, 700, 0, 0, 1, 1, 24),
(422, 28, 700, 0, 0, 1, 0, 24),
(423, 29, 420, 0, 0, 1, 1, 24),
(424, 30, 0, 0, 0, 0, 0, 24),
(425, 31, 700, 0, 0, 1, 1, 24),
(426, 32, 650, 0, 0, 1, 0, 24),
(427, 33, 650, 0, 0, 1, 0, 24),
(428, 34, 520, 0, 0, 1, 1, 24),
(429, 35, 420, 0, 0, 1, 0, 24),
(430, 36, 390, 0, 0, 1, 0, 24),
(431, 37, 780, 0, 0, 1, 1, 24),
(432, 38, 650, 0, 0, 1, 1, 24),
(433, 39, 650, 0, 0, 1, 1, 24),
(434, 40, 390, 0, 0, 1, 1, 24),
(435, 41, 480, 0, 0, 1, 0, 24),
(436, 42, 360, 0, 0, 1, 1, 24),
(437, 45, 700, 0, 0, 1, 0, 24),
(438, 605, 840, 0, 0, 1, 0, 24),
(439, 606, 450, 0, 0, 1, 1, 24),
(440, 607, 0, 0, 0, 0, 0, 24),
(441, 608, 700, 3, 2, 1, 1, 24),
(449, 1, 480, 0, 0, 1, 0, 23),
(450, 2, 480, 0, 0, 1, 1, 23),
(451, 3, 800, 0, 0, 1, 0, 23),
(452, 4, 800, 0, 0, 1, 1, 23),
(453, 5, 640, 0, 0, 1, 1, 23),
(454, 6, 320, 0, 0, 1, 0, 23),
(455, 7, 960, 0, 0, 1, 0, 23),
(456, 8, 0, 0, 0, 0, 0, 23),
(457, 9, 900, 0, 0, 1, 1, 23),
(458, 10, 700, 0, 0, 1, 1, 23),
(459, 11, 450, 0, 0, 1, 0, 23),
(460, 12, 960, 0, 0, 1, 1, 23),
(461, 13, 600, 0, 0, 1, 1, 23),
(462, 14, 750, 0, 0, 1, 1, 23),
(463, 15, 750, 0, 0, 1, 0, 23),
(464, 16, 600, 0, 0, 1, 0, 23),
(465, 17, 420, 0, 0, 1, 0, 23),
(466, 18, 600, 0, 0, 1, 0, 23),
(467, 19, 750, 0, 0, 1, 1, 23),
(468, 20, 700, 0, 0, 1, 0, 23),
(469, 21, 840, 0, 0, 1, 0, 23),
(470, 22, 700, 0, 0, 1, 0, 23),
(471, 23, 0, 0, 0, 0, 0, 23),
(472, 25, 390, 0, 0, 1, 0, 23),
(473, 26, 700, 0, 0, 1, 0, 23),
(474, 27, 700, 0, 0, 1, 0, 23),
(475, 28, 560, 0, 0, 1, 1, 23),
(476, 29, 560, 0, 0, 1, 1, 23),
(477, 31, 700, 0, 0, 1, 1, 23),
(478, 32, 520, 0, 0, 1, 0, 23),
(479, 33, 520, 0, 0, 1, 0, 23),
(480, 34, 650, 0, 0, 1, 0, 23),
(481, 35, 410, 0, 0, 1, 1, 23),
(482, 36, 390, 0, 0, 1, 0, 23),
(483, 37, 650, 0, 0, 1, 1, 23),
(484, 38, 520, 0, 0, 1, 0, 23),
(485, 39, 520, 0, 0, 1, 1, 23),
(486, 40, 520, 0, 0, 1, 1, 23),
(487, 41, 0, 0, 0, 0, 0, 23),
(488, 42, 550, 0, 0, 1, 0, 23),
(489, 45, 560, 0, 0, 1, 1, 23),
(490, 605, 0, 0, 0, 0, 0, 23),
(491, 606, 0, 0, 0, 0, 0, 23),
(492, 609, 0, 0, 0, 0, 0, 23),
(493, 609, 0, 0, 0, 0, 0, 24),
(494, 1, 640, 3, 1, 1, 1, 25),
(495, 2, 800, 3, 2, 1, 1, 25),
(496, 3, 800, 3, 2, 1, 1, 25),
(497, 4, 640, 3, 1, 1, 1, 25),
(498, 5, 600, 3, 1, 1, 0, 25),
(499, 6, 320, 2, 0, 1, 0, 25),
(500, 7, 640, 3, 1, 1, 0, 25),
(501, 8, 0, 0, 0, 0, 0, 25),
(502, 9, 600, 3, 2, 1, 1, 25),
(503, 10, 750, 3, 2, 1, 0, 25),
(504, 11, 750, 3, 2, 1, 1, 25),
(505, 12, 750, 3, 2, 1, 1, 25),
(506, 13, 150, 1, 0, 2, 1, 25),
(507, 14, 960, 3, 3, 1, 1, 25),
(508, 15, 600, 3, 1, 1, 0, 25),
(509, 16, 600, 3, 1, 1, 1, 25),
(510, 17, 750, 3, 2, 1, 0, 25),
(511, 18, 750, 3, 2, 1, 1, 25),
(512, 19, 0, 0, 0, 0, 0, 25),
(513, 20, 0, 0, 0, 0, 0, 25),
(514, 21, 700, 3, 2, 1, 1, 25),
(515, 22, 560, 3, 1, 1, 0, 25),
(516, 23, 0, 0, 0, 0, 0, 25),
(517, 25, 560, 3, 1, 0, 0, 25),
(518, 26, 0, 0, 0, 0, 0, 25),
(519, 27, 700, 3, 2, 1, 1, 25),
(520, 28, 700, 3, 2, 2, 2, 25),
(521, 29, 700, 3, 2, 1, 0, 25),
(522, 31, 560, 3, 1, 1, 0, 25),
(523, 32, 520, 3, 1, 2, 1, 25),
(524, 33, 0, 0, 0, 0, 0, 25),
(525, 34, 520, 3, 1, 1, 1, 25),
(526, 35, 280, 1, 1, 1, 1, 25),
(527, 36, 520, 1, 0, 1, 0, 25),
(528, 37, 130, 1, 0, 0, 0, 25),
(529, 38, 0, 0, 0, 0, 0, 25),
(530, 39, 390, 3, 0, 1, 0, 25),
(531, 40, 650, 3, 2, 1, 1, 25),
(532, 41, 360, 2, 1, 2, 0, 25),
(533, 42, 720, 3, 3, 1, 0, 25),
(534, 45, 560, 3, 1, 1, 1, 25),
(535, 605, 700, 3, 3, 1, 0, 25),
(536, 606, 0, 0, 0, 0, 0, 25),
(537, 609, 420, 3, 0, 1, 1, 25),
(538, 1, 800, 3, 2, 1, 1, 26),
(539, 2, 640, 3, 1, 1, 1, 26),
(540, 3, 960, 3, 3, 1, 0, 26),
(541, 4, 800, 3, 2, 1, 1, 26),
(542, 5, 960, 3, 3, 1, 0, 26),
(543, 6, 160, 1, 0, 1, 1, 26),
(544, 7, 960, 3, 3, 1, 1, 26),
(545, 8, 0, 0, 0, 0, 0, 26),
(546, 9, 750, 3, 2, 1, 0, 26),
(547, 10, 0, 0, 0, 0, 0, 26),
(548, 11, 800, 3, 2, 1, 1, 26),
(549, 12, 600, 3, 1, 1, 1, 26),
(550, 13, 0, 0, 0, 0, 0, 26),
(551, 14, 640, 3, 1, 1, 1, 26),
(552, 15, 600, 3, 1, 1, 1, 26),
(553, 16, 450, 3, 0, 2, 1, 26),
(554, 17, 560, 3, 1, 2, 2, 26),
(555, 18, 450, 3, 0, 1, 0, 26),
(556, 19, 280, 2, 0, 1, 1, 26),
(557, 20, 560, 3, 1, 1, 0, 26),
(558, 21, 420, 3, 0, 1, 0, 26),
(559, 22, 750, 3, 2, 1, 0, 26),
(560, 23, 700, 3, 2, 1, 1, 26),
(561, 25, 560, 3, 1, 0, 0, 26),
(562, 26, 0, 0, 0, 0, 0, 26),
(563, 27, 840, 3, 3, 1, 1, 26),
(564, 28, 560, 3, 1, 1, 0, 26),
(565, 29, 600, 3, 1, 2, 0, 26),
(566, 31, 560, 3, 1, 2, 0, 26),
(567, 32, 780, 3, 3, 1, 1, 26),
(568, 33, 420, 3, 0, 1, 1, 26),
(569, 34, 520, 3, 1, 1, 0, 26),
(570, 35, 140, 1, 0, 1, 1, 26),
(571, 36, 520, 3, 1, 1, 0, 26),
(572, 37, 650, 3, 2, 1, 1, 26),
(573, 38, 390, 3, 0, 1, 1, 26),
(574, 39, 520, 3, 1, 1, 0, 26),
(575, 40, 520, 3, 1, 1, 0, 26),
(576, 41, 0, 0, 0, 0, 0, 26),
(577, 42, 600, 3, 2, 1, 1, 26),
(578, 45, 700, 3, 2, 1, 0, 26),
(579, 605, 700, 3, 2, 1, 1, 26),
(580, 609, 840, 3, 3, 1, 1, 26),
(581, 611, 0, 0, 0, 0, 0, 26),
(582, 1, 800, 3, 2, 1, 0, 27),
(583, 2, 640, 3, 1, 2, 1, 27),
(584, 3, 480, 3, 0, 1, 0, 27),
(585, 4, 640, 3, 1, 2, 2, 27),
(586, 5, 800, 3, 2, 1, 1, 27),
(587, 6, 160, 1, 0, 1, 1, 27),
(588, 7, 640, 3, 1, 1, 1, 27),
(589, 8, 0, 0, 0, 0, 0, 27),
(590, 9, 600, 3, 1, 1, 0, 27),
(591, 10, 800, 3, 2, 1, 0, 27),
(592, 11, 800, 3, 2, 1, 1, 27),
(593, 12, 640, 3, 1, 1, 0, 27),
(594, 13, 0, 0, 0, 0, 0, 27),
(595, 14, 450, 3, 0, 1, 0, 27),
(596, 15, 750, 3, 2, 1, 1, 27),
(597, 16, 0, 0, 0, 0, 0, 27),
(598, 17, 560, 3, 1, 1, 0, 27),
(599, 18, 600, 3, 1, 1, 0, 27),
(600, 19, 840, 3, 3, 1, 0, 27),
(601, 20, 840, 3, 3, 1, 0, 27),
(602, 21, 700, 3, 2, 1, 1, 27),
(603, 22, 600, 3, 1, 1, 1, 27),
(604, 23, 0, 0, 0, 0, 0, 27),
(605, 25, 700, 3, 2, 1, 0, 27),
(606, 26, 560, 3, 1, 1, 0, 27),
(607, 27, 450, 3, 0, 1, 1, 27),
(608, 28, 0, 0, 0, 0, 0, 27),
(609, 29, 560, 3, 1, 1, 0, 27),
(610, 31, 560, 3, 1, 1, 0, 27),
(611, 32, 650, 3, 2, 1, 0, 27),
(612, 33, 0, 0, 0, 0, 0, 27),
(613, 34, 650, 3, 2, 1, 1, 27),
(614, 35, 0, 0, 0, 0, 0, 27),
(615, 36, 390, 3, 0, 2, 0, 27),
(616, 37, 520, 3, 1, 1, 1, 27),
(617, 38, 0, 0, 0, 0, 0, 27),
(618, 39, 520, 3, 1, 1, 1, 27),
(619, 40, 560, 3, 1, 1, 0, 27),
(620, 41, 240, 1, 1, 1, 1, 27),
(621, 42, 480, 3, 1, 1, 0, 27),
(622, 45, 420, 3, 0, 1, 1, 27),
(623, 605, 840, 3, 3, 1, 1, 27),
(624, 609, 560, 3, 1, 1, 1, 27),
(625, 611, 700, 3, 2, 0, 0, 27),
(626, 612, 450, 2, 1, 0, 0, 27),
(627, 1, 800, 3, 2, 1, 1, 28),
(628, 2, 640, 3, 1, 1, 1, 28),
(629, 3, 800, 3, 0, 1, 1, 28),
(630, 4, 800, 3, 1, 1, 1, 28),
(631, 5, 640, 3, 2, 1, 0, 28),
(632, 6, 640, 3, 3, 2, 1, 28),
(633, 7, 960, 3, 3, 1, 1, 28),
(634, 8, 0, 0, 0, 0, 0, 28),
(635, 9, 750, 3, 2, 1, 0, 28),
(636, 10, 800, 3, 2, 1, 1, 28),
(637, 11, 640, 3, 1, 1, 1, 28),
(638, 12, 640, 3, 1, 1, 1, 28),
(639, 13, 0, 0, 0, 0, 0, 28),
(640, 14, 450, 3, 0, 1, 1, 28),
(641, 15, 640, 3, 1, 1, 1, 28),
(642, 16, 300, 1, 1, 2, 1, 28),
(643, 17, 560, 3, 1, 1, 0, 28),
(644, 18, 600, 3, 1, 1, 0, 28),
(645, 19, 560, 3, 1, 1, 0, 28),
(646, 20, 700, 3, 2, 1, 0, 28),
(647, 21, 700, 3, 2, 1, 1, 28),
(648, 22, 580, 3, 1, 1, 0, 28),
(649, 23, 0, 0, 0, 0, 0, 28),
(650, 25, 700, 3, 2, 1, 0, 28),
(651, 26, 0, 0, 0, 0, 0, 28),
(652, 27, 750, 3, 2, 1, 1, 28),
(653, 28, 560, 3, 1, 1, 1, 28),
(654, 29, 840, 3, 3, 1, 0, 28),
(655, 31, 560, 3, 1, 1, 0, 28),
(656, 32, 520, 3, 1, 1, 1, 28),
(657, 33, 0, 0, 0, 0, 0, 28),
(658, 34, 650, 3, 2, 1, 1, 28),
(659, 35, 0, 0, 0, 0, 0, 28),
(660, 36, 520, 3, 1, 1, 0, 28),
(661, 37, 390, 2, 1, 1, 1, 28),
(662, 38, 0, 0, 0, 0, 0, 28),
(663, 39, 650, 3, 2, 1, 1, 28),
(664, 40, 840, 3, 3, 1, 1, 28),
(665, 41, 720, 3, 3, 1, 0, 28),
(666, 42, 650, 3, 2, 1, 0, 28),
(667, 45, 700, 3, 3, 1, 1, 28),
(668, 605, 0, 0, 0, 0, 0, 28),
(669, 609, 600, 3, 1, 1, 0, 28),
(670, 973, 800, 3, 3, 1, 1, 28),
(671, 1, 800, 3, 2, 1, 0, 29),
(672, 2, 640, 3, 1, 1, 0, 29),
(673, 3, 640, 3, 1, 1, 1, 29),
(674, 4, 480, 3, 0, 1, 1, 29),
(675, 5, 0, 0, 0, 0, 0, 29),
(676, 6, 640, 1, 0, 2, 0, 29),
(677, 7, 320, 1, 1, 2, 1, 29),
(678, 8, 800, 3, 3, 2, 1, 29),
(679, 9, 450, 3, 0, 1, 0, 29),
(680, 10, 480, 3, 1, 2, 1, 29),
(681, 11, 750, 3, 3, 0, 0, 29),
(682, 12, 800, 3, 2, 1, 1, 29),
(683, 13, 0, 0, 0, 0, 0, 29),
(684, 14, 600, 3, 1, 1, 0, 29),
(685, 15, 800, 3, 2, 1, 0, 29),
(686, 16, 750, 3, 2, 1, 0, 29),
(687, 17, 420, 3, 0, 1, 0, 29),
(688, 18, 150, 1, 1, 2, 0, 29),
(689, 19, 140, 1, 0, 1, 1, 29),
(690, 20, 700, 3, 2, 1, 0, 29),
(691, 21, 560, 3, 1, 1, 0, 29),
(692, 22, 700, 3, 3, 1, 0, 29),
(693, 23, 0, 0, 0, 0, 0, 29),
(694, 25, 0, 0, 0, 0, 0, 29),
(695, 26, 0, 0, 0, 0, 0, 29),
(696, 27, 600, 3, 2, 2, 1, 29),
(697, 28, 700, 3, 2, 1, 0, 29),
(698, 29, 700, 3, 2, 1, 1, 29),
(699, 31, 420, 3, 0, 1, 0, 29),
(700, 32, 130, 1, 0, 0, 0, 29),
(701, 33, 0, 0, 0, 0, 0, 29),
(702, 34, 390, 2, 1, 1, 1, 29),
(703, 35, 0, 0, 0, 0, 0, 29),
(704, 36, 650, 3, 2, 1, 1, 29),
(705, 37, 650, 3, 2, 1, 0, 29),
(706, 38, 0, 0, 0, 0, 0, 29),
(707, 39, 650, 3, 2, 2, 1, 29),
(708, 40, 700, 3, 2, 1, 0, 29),
(709, 41, 120, 1, 0, 1, 0, 29),
(710, 42, 600, 3, 2, 1, 0, 29),
(711, 45, 0, 0, 0, 0, 0, 29),
(712, 605, 560, 3, 1, 1, 1, 29),
(713, 609, 960, 1, 1, 1, 1, 29),
(714, 973, 0, 0, 0, 0, 0, 29),
(715, 1, 640, 3, 1, 1, 1, 30),
(716, 2, 800, 3, 2, 1, 0, 30),
(717, 3, 800, 3, 2, 2, 1, 30),
(718, 4, 480, 3, 0, 1, 1, 30),
(719, 5, 640, 3, 1, 1, 1, 30),
(720, 6, 640, 3, 1, 1, 0, 30),
(721, 7, 640, 3, 1, 1, 0, 30),
(722, 8, 640, 3, 1, 1, 0, 30),
(723, 9, 800, 3, 2, 1, 0, 30),
(724, 10, 640, 3, 1, 1, 1, 30),
(725, 11, 800, 3, 2, 1, 1, 30),
(726, 12, 800, 3, 2, 1, 1, 30),
(727, 13, 0, 0, 0, 0, 0, 30),
(728, 14, 600, 3, 1, 1, 0, 30),
(729, 15, 800, 3, 2, 2, 2, 30),
(730, 16, 450, 3, 0, 1, 0, 30),
(731, 17, 560, 3, 1, 1, 0, 30),
(732, 18, 450, 1, 0, 1, 1, 30),
(733, 19, 450, 3, 0, 1, 0, 30),
(734, 20, 750, 3, 2, 1, 1, 30),
(735, 21, 700, 3, 2, 1, 1, 30),
(736, 22, 840, 3, 3, 1, 0, 30),
(737, 23, 0, 0, 0, 0, 0, 30),
(738, 25, 0, 0, 0, 0, 0, 30),
(739, 26, 420, 2, 1, 1, 1, 30),
(740, 27, 700, 3, 2, 1, 1, 30),
(741, 28, 700, 3, 2, 1, 1, 30),
(742, 29, 700, 3, 2, 1, 1, 30),
(743, 31, 560, 3, 1, 1, 0, 30),
(744, 32, 0, 0, 0, 0, 0, 30),
(745, 33, 280, 1, 1, 1, 0, 30),
(746, 34, 780, 3, 3, 1, 0, 30),
(747, 35, 0, 0, 0, 0, 0, 30),
(748, 36, 520, 3, 1, 1, 1, 30),
(749, 37, 780, 3, 3, 2, 1, 30),
(750, 38, 0, 0, 0, 0, 0, 30),
(751, 39, 520, 3, 1, 1, 0, 30),
(752, 40, 700, 3, 2, 1, 0, 30),
(753, 41, 360, 3, 0, 0, 0, 30),
(754, 42, 600, 3, 2, 1, 0, 30),
(755, 45, 700, 3, 2, 1, 0, 30),
(756, 605, 560, 3, 1, 1, 1, 30),
(757, 609, 640, 3, 1, 1, 0, 30),
(758, 973, 0, 0, 0, 0, 0, 30),
(759, 975, 0, 0, 0, 0, 0, 30),
(760, 976, 560, 3, 1, 1, 1, 30),
(761, 1, 800, 3, 2, 1, 0, 31),
(762, 2, 800, 3, 2, 1, 0, 31),
(763, 3, 960, 3, 3, 1, 1, 31),
(764, 4, 640, 3, 1, 1, 1, 31),
(765, 5, 320, 1, 1, 1, 1, 31),
(766, 6, 480, 2, 1, 1, 0, 31),
(767, 7, 800, 3, 2, 1, 1, 31),
(768, 8, 800, 3, 2, 1, 1, 31),
(769, 9, 800, 3, 2, 1, 1, 31),
(770, 10, 640, 3, 1, 1, 1, 31),
(771, 11, 800, 3, 2, 1, 1, 31),
(772, 12, 640, 3, 1, 1, 1, 31),
(773, 13, 0, 0, 0, 0, 0, 31),
(774, 14, 800, 3, 2, 1, 0, 31),
(775, 15, 640, 3, 1, 1, 1, 31),
(776, 16, 450, 3, 0, 0, 0, 31),
(777, 17, 750, 3, 2, 1, 0, 31),
(778, 18, 600, 3, 1, 1, 0, 31),
(779, 19, 840, 3, 3, 1, 1, 31),
(780, 20, 450, 3, 0, 1, 1, 31),
(781, 21, 700, 3, 2, 1, 0, 31),
(782, 22, 0, 0, 0, 0, 0, 31),
(783, 23, 0, 0, 0, 0, 0, 31),
(784, 25, 700, 3, 2, 1, 0, 31),
(785, 26, 0, 0, 0, 0, 0, 31),
(786, 27, 840, 3, 3, 1, 1, 31),
(787, 28, 560, 3, 1, 1, 1, 31),
(788, 29, 420, 3, 0, 1, 1, 31),
(789, 31, 700, 3, 2, 1, 0, 31),
(790, 32, 0, 0, 0, 0, 0, 31),
(791, 33, 0, 0, 0, 0, 0, 31),
(792, 34, 520, 3, 1, 1, 0, 31),
(793, 35, 0, 0, 0, 0, 0, 31),
(794, 36, 560, 3, 1, 1, 1, 31),
(795, 37, 700, 3, 2, 1, 0, 31),
(796, 38, 0, 0, 0, 0, 0, 31),
(797, 39, 520, 3, 1, 1, 0, 31),
(798, 40, 420, 3, 0, 1, 1, 31),
(799, 41, 0, 0, 0, 0, 0, 31),
(800, 42, 600, 3, 2, 1, 1, 31),
(801, 45, 750, 3, 2, 1, 0, 31),
(802, 605, 0, 0, 0, 0, 0, 31),
(803, 609, 900, 3, 3, 1, 0, 31),
(804, 973, 800, 3, 2, 1, 1, 31),
(805, 975, 0, 0, 0, 0, 0, 31),
(806, 976, 840, 3, 3, 1, 0, 31),
(807, 977, 840, 3, 3, 1, 0, 31),
(808, 1, 800, 3, 2, 1, 0, 32),
(809, 2, 640, 3, 1, 1, 0, 32),
(810, 3, 960, 3, 3, 1, 0, 32),
(811, 4, 800, 3, 2, 1, 0, 32),
(812, 5, 480, 3, 0, 1, 0, 32),
(813, 6, 800, 3, 2, 1, 0, 32),
(814, 7, 480, 3, 0, 1, 0, 32),
(815, 8, 640, 3, 1, 1, 0, 32),
(816, 9, 640, 3, 1, 1, 0, 32),
(817, 10, 640, 3, 1, 1, 0, 32),
(818, 11, 800, 3, 2, 1, 0, 32),
(819, 12, 0, 0, 0, 0, 0, 32),
(820, 13, 0, 0, 0, 0, 0, 32),
(821, 14, 640, 3, 1, 1, 0, 32),
(822, 15, 800, 3, 2, 1, 1, 32),
(823, 16, 0, 0, 0, 0, 0, 32),
(824, 17, 750, 3, 2, 1, 0, 32),
(825, 18, 750, 3, 2, 1, 0, 32),
(826, 19, 560, 3, 1, 2, 2, 32),
(827, 20, 750, 3, 2, 1, 1, 32),
(828, 21, 840, 3, 3, 1, 1, 32),
(829, 22, 700, 3, 2, 1, 0, 32),
(830, 25, 560, 3, 1, 1, 0, 32),
(831, 26, 560, 3, 1, 1, 0, 32),
(832, 27, 840, 3, 3, 1, 0, 32),
(833, 28, 700, 3, 2, 1, 1, 32),
(834, 29, 600, 3, 1, 1, 0, 32),
(835, 31, 700, 3, 2, 1, 1, 32),
(836, 32, 520, 3, 1, 1, 1, 32),
(837, 33, 0, 0, 0, 0, 0, 32),
(838, 34, 650, 3, 2, 1, 1, 32),
(839, 35, 0, 0, 0, 0, 0, 32),
(840, 36, 700, 3, 2, 0, 0, 32),
(841, 37, 0, 0, 0, 0, 0, 32),
(842, 38, 0, 0, 0, 0, 0, 32),
(843, 39, 260, 2, 0, 1, 0, 32),
(844, 40, 560, 3, 1, 1, 1, 32),
(845, 41, 0, 0, 0, 0, 0, 32),
(846, 42, 480, 3, 1, 1, 0, 32),
(847, 45, 0, 0, 0, 0, 0, 32),
(848, 605, 0, 0, 0, 0, 0, 32),
(849, 609, 800, 3, 2, 1, 1, 32),
(850, 973, 0, 0, 0, 0, 0, 32),
(851, 975, 0, 0, 0, 0, 0, 32),
(852, 976, 700, 3, 2, 1, 0, 32),
(853, 977, 560, 3, 1, 1, 1, 32),
(854, 978, 420, 3, 0, 1, 0, 32),
(855, 1, 640, 3, 1, 1, 1, 33),
(856, 2, 640, 3, 1, 1, 1, 33),
(857, 3, 480, 3, 0, 1, 0, 33),
(858, 4, 800, 3, 2, 1, 1, 33),
(859, 5, 960, 3, 3, 1, 0, 33),
(860, 6, 160, 1, 0, 1, 0, 33),
(861, 7, 960, 3, 3, 1, 0, 33),
(862, 8, 640, 3, 1, 1, 0, 33),
(863, 9, 480, 3, 0, 1, 0, 33),
(864, 10, 800, 3, 2, 1, 0, 33),
(865, 11, 640, 3, 1, 1, 0, 33),
(866, 12, 800, 3, 2, 1, 1, 33),
(867, 13, 0, 0, 0, 0, 0, 33),
(868, 14, 480, 3, 0, 1, 1, 33),
(869, 15, 800, 3, 2, 1, 0, 33),
(870, 16, 450, 3, 0, 1, 1, 33),
(871, 17, 600, 3, 1, 1, 1, 33),
(872, 18, 450, 3, 0, 1, 0, 33),
(873, 19, 900, 3, 3, 0, 0, 33),
(874, 20, 150, 1, 0, 1, 0, 33),
(875, 21, 700, 3, 2, 1, 1, 33),
(876, 22, 560, 3, 1, 1, 0, 33),
(877, 25, 560, 3, 1, 1, 0, 33),
(878, 26, 700, 3, 2, 1, 0, 33),
(879, 27, 450, 3, 0, 1, 1, 33),
(880, 28, 750, 3, 2, 1, 0, 33),
(881, 29, 750, 3, 2, 1, 1, 33),
(882, 31, 0, 0, 0, 0, 0, 33),
(883, 32, 840, 3, 3, 1, 0, 33),
(884, 33, 0, 0, 0, 0, 0, 33),
(885, 34, 650, 3, 2, 1, 0, 33),
(886, 35, 0, 0, 0, 0, 0, 33),
(887, 36, 0, 0, 0, 0, 0, 33),
(888, 37, 700, 3, 2, 1, 0, 33),
(889, 38, 0, 0, 0, 0, 0, 33),
(890, 39, 650, 3, 2, 1, 1, 33),
(891, 40, 700, 3, 2, 1, 1, 33),
(892, 41, 480, 3, 1, 0, 0, 33),
(893, 42, 520, 3, 1, 1, 0, 33),
(894, 45, 600, 3, 1, 1, 0, 33),
(895, 605, 750, 3, 2, 1, 0, 33),
(896, 609, 800, 3, 2, 1, 1, 33),
(897, 973, 480, 3, 0, 1, 0, 33),
(898, 976, 560, 3, 1, 1, 1, 33),
(899, 977, 420, 3, 0, 1, 1, 33),
(900, 978, 0, 0, 0, 0, 0, 33),
(901, 1, 800, 3, 2, 1, 1, 34),
(902, 2, 480, 3, 0, 1, 0, 34),
(903, 3, 800, 3, 2, 1, 1, 34),
(904, 4, 800, 3, 2, 1, 1, 34),
(905, 5, 800, 3, 2, 1, 0, 34),
(906, 6, 960, 3, 3, 1, 0, 34),
(907, 7, 480, 3, 0, 1, 0, 34),
(908, 8, 960, 3, 3, 1, 1, 34),
(909, 9, 800, 3, 2, 1, 1, 34),
(910, 10, 640, 3, 1, 0, 0, 34),
(911, 11, 640, 3, 1, 1, 0, 34),
(912, 12, 800, 3, 2, 1, 0, 34),
(913, 13, 0, 0, 0, 0, 0, 34),
(914, 14, 640, 3, 1, 1, 1, 34),
(915, 15, 800, 3, 2, 1, 0, 34),
(916, 16, 800, 3, 2, 1, 1, 34),
(917, 17, 450, 3, 0, 1, 0, 34),
(918, 18, 600, 3, 1, 1, 0, 34),
(919, 19, 480, 3, 0, 1, 0, 34),
(920, 20, 750, 3, 2, 0, 0, 34),
(921, 21, 600, 3, 1, 1, 0, 34),
(922, 22, 600, 3, 1, 1, 0, 34),
(923, 25, 0, 0, 0, 0, 0, 34),
(924, 26, 280, 1, 1, 1, 1, 34),
(925, 27, 750, 3, 2, 1, 1, 34),
(926, 28, 600, 3, 1, 1, 1, 34),
(927, 29, 750, 3, 2, 1, 0, 34),
(928, 31, 0, 0, 0, 0, 0, 34),
(929, 32, 560, 3, 1, 1, 1, 34),
(930, 33, 0, 0, 0, 0, 0, 34),
(931, 34, 650, 3, 2, 1, 0, 34),
(932, 35, 0, 0, 0, 0, 0, 34),
(933, 36, 0, 0, 0, 0, 0, 34),
(934, 37, 560, 3, 1, 1, 0, 34),
(935, 38, 0, 0, 0, 0, 0, 34),
(936, 39, 650, 3, 2, 1, 0, 34),
(937, 40, 700, 3, 2, 1, 0, 34),
(938, 41, 0, 0, 0, 0, 0, 34),
(939, 42, 650, 3, 2, 1, 1, 34),
(940, 45, 560, 3, 1, 1, 0, 34),
(941, 605, 750, 3, 2, 1, 1, 34),
(942, 609, 600, 3, 1, 1, 0, 34),
(943, 973, 640, 3, 1, 1, 0, 34),
(944, 976, 0, 0, 0, 0, 0, 34),
(945, 977, 520, 3, 1, 1, 0, 34),
(946, 978, 0, 0, 0, 0, 0, 34),
(947, 979, 700, 3, 2, 1, 0, 34),
(948, 980, 0, 0, 0, 0, 0, 34),
(949, 981, 0, 0, 0, 0, 0, 34),
(950, 982, 0, 0, 0, 0, 0, 34),
(951, 983, 0, 0, 0, 0, 0, 34),
(952, 1, 800, 3, 2, 1, 1, 35),
(953, 2, 160, 1, 0, 1, 0, 35),
(954, 3, 800, 3, 2, 1, 1, 35),
(955, 4, 800, 3, 2, 1, 0, 35),
(956, 5, 640, 3, 1, 1, 0, 35),
(957, 6, 480, 3, 0, 1, 0, 35),
(958, 7, 640, 3, 1, 1, 0, 35),
(959, 8, 800, 3, 2, 1, 1, 35),
(960, 9, 640, 3, 1, 1, 0, 35),
(961, 10, 640, 3, 1, 1, 1, 35),
(962, 11, 640, 3, 1, 1, 1, 35),
(963, 12, 640, 3, 1, 1, 1, 35),
(964, 13, 0, 0, 0, 0, 0, 35),
(965, 14, 480, 3, 0, 1, 0, 35),
(966, 15, 640, 3, 1, 1, 1, 35),
(967, 16, 450, 3, 0, 1, 0, 35),
(968, 17, 600, 3, 1, 1, 0, 35),
(969, 18, 150, 1, 0, 1, 0, 35),
(970, 19, 0, 0, 0, 0, 0, 35),
(971, 20, 750, 3, 2, 1, 1, 35),
(972, 21, 800, 3, 2, 2, 0, 35),
(973, 22, 450, 3, 0, 2, 1, 35),
(974, 26, 0, 0, 0, 0, 0, 35),
(975, 27, 750, 3, 2, 1, 0, 35),
(976, 28, 750, 3, 2, 1, 0, 35),
(977, 29, 750, 3, 2, 1, 0, 35),
(978, 31, 0, 0, 0, 0, 0, 35),
(979, 32, 560, 3, 1, 1, 1, 35),
(980, 33, 0, 0, 0, 0, 0, 35),
(981, 34, 520, 3, 1, 1, 1, 35),
(982, 35, 280, 1, 1, 0, 0, 35),
(983, 36, 0, 0, 0, 0, 0, 35),
(984, 37, 700, 3, 2, 1, 1, 35),
(985, 38, 0, 0, 0, 0, 0, 35),
(986, 39, 520, 3, 1, 1, 1, 35),
(987, 40, 700, 3, 2, 1, 1, 35),
(988, 42, 390, 3, 0, 1, 1, 35),
(989, 45, 0, 0, 0, 0, 0, 35),
(990, 605, 750, 3, 2, 0, 0, 35),
(991, 609, 0, 0, 0, 0, 0, 35),
(992, 973, 800, 3, 2, 1, 1, 35),
(993, 976, 280, 3, 0, 1, 0, 35),
(994, 977, 650, 3, 2, 1, 0, 35),
(995, 978, 0, 0, 0, 0, 0, 35),
(996, 979, 700, 3, 2, 1, 1, 35),
(997, 980, 560, 3, 1, 1, 1, 35),
(998, 981, 0, 0, 0, 0, 0, 35),
(999, 982, 0, 0, 0, 0, 0, 35),
(1000, 983, 700, 3, 2, 1, 0, 35),
(1001, 984, 840, 3, 3, 1, 1, 35),
(1002, 985, 0, 0, 0, 0, 0, 35),
(1253, 1, 800, 3, 2, 1, 1, 36),
(1254, 2, 800, 3, 2, 1, 0, 36),
(1255, 3, 800, 3, 2, 1, 1, 36),
(1256, 4, 480, 3, 0, 1, 1, 36),
(1257, 5, 800, 3, 2, 1, 0, 36),
(1258, 6, 160, 1, 0, 1, 0, 36),
(1259, 7, 960, 3, 3, 1, 0, 36),
(1260, 8, 800, 3, 2, 1, 0, 36),
(1261, 9, 640, 3, 1, 1, 1, 36),
(1262, 10, 960, 3, 3, 1, 0, 36),
(1263, 11, 800, 3, 2, 1, 1, 36),
(1264, 12, 640, 3, 1, 1, 1, 36),
(1265, 14, 800, 3, 2, 1, 1, 36),
(1266, 15, 480, 3, 0, 1, 1, 36),
(1267, 16, 900, 3, 3, 1, 1, 36),
(1268, 17, 750, 3, 2, 1, 0, 36),
(1269, 18, 900, 3, 3, 1, 1, 36),
(1270, 19, 450, 3, 0, 1, 1, 36),
(1271, 20, 750, 3, 2, 1, 0, 36),
(1272, 21, 960, 3, 3, 1, 1, 36),
(1273, 22, 750, 3, 2, 1, 0, 36),
(1274, 26, 0, 0, 0, 0, 0, 36),
(1275, 27, 750, 3, 2, 1, 0, 36),
(1276, 28, 600, 3, 1, 1, 1, 36),
(1277, 29, 560, 3, 1, 1, 0, 36),
(1278, 31, 0, 0, 0, 0, 0, 36),
(1279, 32, 560, 3, 1, 1, 0, 36),
(1280, 33, 0, 0, 0, 0, 0, 36),
(1281, 34, 260, 2, 0, 1, 1, 36),
(1282, 35, 0, 0, 0, 0, 0, 36),
(1283, 36, 0, 0, 0, 0, 0, 36),
(1284, 37, 560, 3, 1, 1, 0, 36),
(1285, 38, 0, 0, 0, 0, 0, 36),
(1286, 39, 520, 3, 1, 1, 1, 36),
(1287, 40, 560, 3, 1, 1, 1, 36),
(1288, 42, 390, 3, 0, 1, 0, 36),
(1289, 45, 0, 0, 0, 0, 0, 36),
(1290, 605, 750, 3, 2, 1, 1, 36),
(1291, 609, 0, 0, 0, 0, 0, 36),
(1292, 973, 800, 3, 2, 1, 0, 36),
(1293, 976, 360, 3, 1, 1, 0, 36),
(1294, 977, 560, 3, 1, 1, 0, 36),
(1295, 978, 560, 3, 1, 0, 0, 36),
(1296, 979, 700, 3, 2, 1, 0, 36),
(1297, 980, 280, 1, 1, 1, 1, 36),
(1298, 981, 0, 0, 0, 0, 0, 36),
(1299, 982, 0, 0, 0, 0, 0, 36),
(1300, 983, 560, 3, 1, 1, 0, 36),
(1301, 984, 900, 3, 3, 0, 0, 36),
(1302, 985, 0, 0, 0, 0, 0, 36),
(1303, 1, 640, 3, 1, 1, 0, 37),
(1304, 2, 480, 3, 0, 1, 0, 37),
(1305, 3, 640, 3, 1, 1, 1, 37),
(1306, 4, 800, 3, 2, 1, 1, 37),
(1307, 5, 0, 0, 0, 0, 0, 37),
(1308, 6, 800, 3, 2, 1, 0, 37),
(1309, 7, 640, 3, 1, 1, 1, 37),
(1310, 8, 640, 3, 1, 1, 1, 37),
(1311, 9, 800, 3, 2, 1, 0, 37),
(1312, 10, 800, 3, 2, 1, 1, 37),
(1313, 11, 600, 3, 1, 1, 0, 37),
(1314, 12, 800, 3, 2, 1, 0, 37),
(1315, 14, 800, 3, 2, 1, 1, 37),
(1316, 15, 800, 3, 2, 1, 0, 37),
(1317, 16, 150, 1, 0, 1, 0, 37),
(1318, 17, 750, 3, 2, 1, 0, 37),
(1319, 18, 600, 3, 1, 2, 0, 37),
(1320, 19, 420, 3, 0, 1, 1, 37),
(1321, 20, 150, 1, 0, 1, 0, 37),
(1322, 21, 640, 3, 1, 1, 0, 37),
(1323, 22, 750, 3, 2, 1, 0, 37),
(1324, 26, 600, 3, 1, 1, 1, 37),
(1325, 27, 600, 3, 1, 1, 1, 37),
(1326, 28, 600, 3, 1, 0, 0, 37),
(1327, 29, 600, 3, 1, 1, 0, 37),
(1328, 31, 0, 0, 0, 0, 0, 37),
(1329, 32, 840, 3, 3, 1, 0, 37),
(1330, 33, 0, 0, 0, 0, 0, 37),
(1331, 34, 260, 1, 1, 1, 0, 37),
(1332, 36, 0, 0, 0, 0, 0, 37),
(1333, 37, 700, 3, 2, 1, 0, 37),
(1334, 38, 0, 0, 0, 0, 0, 37),
(1335, 39, 520, 3, 1, 1, 0, 37),
(1336, 40, 560, 3, 1, 1, 0, 37),
(1337, 42, 780, 3, 3, 1, 0, 37),
(1338, 45, 0, 0, 0, 0, 0, 37),
(1339, 605, 600, 3, 1, 2, 1, 37),
(1340, 609, 900, 3, 3, 1, 0, 37),
(1341, 973, 800, 3, 2, 2, 0, 37),
(1342, 976, 100, 1, 0, 1, 0, 37),
(1343, 977, 840, 3, 3, 1, 1, 37),
(1344, 978, 700, 3, 2, 0, 0, 37),
(1345, 979, 390, 2, 1, 1, 1, 37),
(1346, 980, 560, 3, 1, 1, 1, 37),
(1347, 981, 540, 3, 3, 1, 0, 37),
(1348, 982, 0, 0, 0, 0, 0, 37),
(1349, 983, 700, 3, 2, 1, 0, 37),
(1350, 985, 0, 0, 0, 0, 0, 37),
(1351, 987, 0, 0, 0, 0, 0, 37),
(1352, 1, 800, 0, 0, 1, 1, 38),
(1353, 2, 960, 0, 0, 1, 0, 38),
(1354, 3, 800, 0, 0, 1, 1, 38),
(1355, 4, 640, 0, 0, 1, 1, 38),
(1356, 5, 800, 0, 0, 0, 0, 38),
(1357, 6, 480, 0, 0, 1, 0, 38),
(1358, 7, 800, 0, 0, 1, 0, 38),
(1359, 8, 640, 0, 0, 1, 0, 38),
(1360, 9, 640, 0, 0, 1, 1, 38),
(1361, 10, 480, 0, 0, 1, 1, 38),
(1362, 11, 0, 0, 0, 0, 0, 38),
(1363, 12, 960, 0, 0, 1, 1, 38),
(1364, 14, 480, 0, 0, 2, 1, 38),
(1365, 15, 960, 0, 0, 2, 2, 38),
(1366, 16, 480, 0, 0, 1, 0, 38),
(1367, 17, 640, 0, 0, 1, 1, 38),
(1368, 18, 300, 0, 0, 0, 0, 38),
(1369, 19, 750, 0, 0, 1, 0, 38),
(1370, 20, 0, 0, 0, 0, 0, 38),
(1371, 21, 640, 0, 0, 1, 0, 38),
(1372, 22, 600, 0, 0, 1, 0, 38),
(1373, 26, 0, 0, 0, 0, 0, 38),
(1374, 27, 750, 0, 0, 1, 1, 38),
(1375, 28, 0, 0, 0, 0, 0, 38),
(1376, 29, 450, 0, 0, 1, 1, 38),
(1377, 31, 0, 0, 0, 0, 0, 38),
(1378, 32, 840, 0, 0, 1, 1, 38),
(1379, 33, 0, 0, 0, 0, 0, 38),
(1380, 34, 260, 0, 0, 1, 1, 38),
(1381, 36, 0, 0, 0, 0, 0, 38),
(1382, 37, 700, 0, 0, 1, 0, 38),
(1383, 38, 0, 0, 0, 0, 0, 38),
(1384, 39, 780, 0, 0, 1, 0, 38),
(1385, 40, 420, 0, 0, 1, 1, 38),
(1386, 42, 780, 0, 0, 1, 1, 38),
(1387, 45, 0, 0, 0, 0, 0, 38),
(1388, 605, 420, 0, 0, 1, 1, 38),
(1389, 609, 0, 0, 0, 0, 0, 38),
(1390, 973, 960, 0, 0, 1, 1, 38),
(1391, 976, 300, 0, 0, 1, 0, 38),
(1392, 977, 700, 1, 0, 1, 1, 38),
(1393, 978, 0, 0, 0, 0, 0, 38),
(1394, 979, 0, 0, 0, 0, 0, 38),
(1395, 980, 840, 0, 0, 2, 1, 38),
(1396, 981, 0, 0, 0, 0, 0, 38),
(1397, 982, 0, 0, 0, 0, 0, 38),
(1398, 983, 420, 0, 0, 1, 0, 38),
(1399, 985, 0, 0, 0, 0, 0, 38),
(1400, 987, 700, 0, 0, 2, 0, 38),
(1401, 988, 560, 0, 0, 1, 1, 38),
(1402, 1, 0, 0, 0, 0, 0, 39),
(1403, 2, 480, 3, 0, 1, 1, 39),
(1404, 3, 640, 3, 1, 1, 1, 39),
(1405, 4, 480, 3, 0, 1, 1, 39),
(1406, 5, 0, 0, 0, 0, 0, 39),
(1407, 6, 800, 3, 2, 1, 0, 39),
(1408, 7, 800, 3, 2, 0, 0, 39),
(1409, 8, 0, 0, 0, 0, 0, 39),
(1410, 9, 960, 3, 3, 1, 1, 39),
(1411, 10, 960, 3, 3, 1, 1, 39),
(1412, 11, 0, 0, 0, 0, 0, 39),
(1413, 12, 640, 3, 1, 1, 1, 39),
(1414, 14, 800, 3, 2, 1, 0, 39),
(1415, 15, 640, 3, 1, 1, 1, 39),
(1416, 16, 640, 3, 1, 1, 1, 39),
(1417, 17, 750, 3, 2, 1, 1, 39),
(1418, 18, 0, 0, 0, 0, 0, 39),
(1419, 19, 900, 3, 3, 1, 0, 39),
(1420, 20, 600, 3, 1, 1, 1, 39),
(1421, 21, 800, 3, 2, 2, 2, 39),
(1422, 22, 750, 3, 2, 1, 0, 39),
(1423, 26, 0, 0, 0, 0, 0, 39),
(1424, 27, 600, 3, 1, 1, 1, 39),
(1425, 28, 0, 0, 0, 0, 0, 39),
(1426, 29, 450, 3, 0, 1, 0, 39),
(1427, 31, 0, 0, 0, 0, 0, 39),
(1428, 32, 840, 3, 3, 1, 0, 39),
(1429, 33, 0, 0, 0, 0, 0, 39),
(1430, 34, 650, 1, 0, 2, 0, 39),
(1431, 36, 0, 0, 0, 0, 0, 39),
(1432, 37, 560, 3, 1, 1, 0, 39),
(1433, 38, 0, 0, 0, 0, 0, 39),
(1434, 39, 0, 0, 0, 0, 0, 39),
(1435, 40, 420, 3, 0, 1, 0, 39),
(1436, 42, 390, 3, 0, 2, 2, 39),
(1437, 45, 900, 3, 3, 2, 1, 39),
(1438, 605, 0, 0, 0, 0, 0, 39),
(1439, 609, 0, 0, 0, 0, 0, 39),
(1440, 973, 800, 3, 2, 1, 0, 39),
(1441, 976, 440, 3, 1, 1, 1, 39),
(1442, 977, 560, 3, 1, 1, 0, 39),
(1443, 978, 0, 0, 0, 0, 0, 39),
(1444, 979, 520, 3, 1, 1, 0, 39),
(1445, 980, 560, 1, 1, 1, 0, 39),
(1446, 981, 360, 3, 1, 1, 0, 39),
(1447, 982, 0, 0, 0, 0, 0, 39),
(1448, 983, 700, 3, 2, 1, 0, 39),
(1449, 985, 0, 0, 0, 0, 0, 39),
(1450, 987, 560, 3, 1, 1, 1, 39),
(1451, 988, 420, 3, 0, 1, 0, 39),
(1452, 1, 640, 3, 1, 1, 0, 40),
(1453, 2, 640, 3, 1, 1, 1, 40),
(1454, 3, 800, 3, 2, 1, 1, 40),
(1455, 4, 800, 3, 2, 1, 1, 40),
(1456, 5, 0, 0, 0, 0, 0, 40),
(1457, 6, 640, 3, 1, 2, 0, 40),
(1458, 7, 640, 3, 1, 0, 0, 40),
(1459, 8, 800, 3, 2, 2, 1, 40),
(1460, 9, 800, 3, 2, 1, 1, 40),
(1461, 10, 600, 3, 1, 1, 1, 40),
(1462, 11, 0, 0, 0, 0, 0, 40),
(1463, 12, 640, 3, 1, 1, 1, 40),
(1464, 14, 960, 3, 3, 1, 0, 40),
(1465, 15, 450, 3, 0, 1, 1, 40),
(1466, 16, 800, 3, 2, 0, 0, 40),
(1467, 17, 900, 3, 3, 1, 1, 40),
(1468, 18, 0, 0, 0, 0, 0, 40),
(1469, 19, 920, 3, 3, 1, 1, 40),
(1470, 20, 600, 3, 1, 1, 1, 40),
(1471, 21, 480, 3, 0, 1, 0, 40),
(1472, 22, 600, 3, 1, 1, 0, 40),
(1473, 26, 0, 0, 0, 0, 0, 40),
(1474, 27, 800, 3, 2, 1, 0, 40),
(1475, 28, 900, 3, 3, 1, 1, 40),
(1476, 29, 710, 3, 2, 1, 0, 40),
(1477, 31, 280, 1, 1, 1, 1, 40),
(1478, 32, 0, 0, 0, 0, 0, 40),
(1479, 33, 0, 0, 0, 0, 0, 40),
(1480, 34, 390, 2, 1, 1, 0, 40),
(1481, 36, 560, 3, 1, 2, 0, 40),
(1482, 37, 700, 3, 2, 1, 0, 40),
(1483, 38, 0, 0, 0, 0, 0, 40),
(1484, 39, 390, 3, 0, 0, 0, 40),
(1485, 40, 700, 3, 2, 2, 2, 40),
(1486, 42, 650, 3, 2, 1, 0, 40),
(1487, 45, 640, 3, 1, 2, 1, 40),
(1488, 605, 700, 3, 2, 0, 0, 40),
(1489, 609, 0, 0, 0, 0, 0, 40),
(1490, 973, 160, 1, 0, 1, 0, 40),
(1491, 976, 0, 0, 0, 0, 0, 40),
(1492, 977, 700, 3, 2, 1, 1, 40),
(1493, 978, 0, 0, 0, 0, 0, 40),
(1494, 979, 0, 0, 0, 0, 0, 40),
(1495, 980, 700, 3, 2, 0, 0, 40),
(1496, 981, 500, 3, 2, 1, 1, 40),
(1497, 982, 0, 0, 0, 0, 0, 40),
(1498, 983, 700, 3, 2, 0, 0, 40),
(1499, 985, 0, 0, 0, 0, 0, 40),
(1500, 987, 700, 3, 2, 0, 0, 40),
(1501, 988, 420, 3, 0, 1, 1, 40);

-- --------------------------------------------------------

--
-- Table structure for table `role`
--

CREATE TABLE `role` (
  `id` int(1) NOT NULL,
  `name` varchar(50) CHARACTER SET utf8 NOT NULL,
  `machine_name` varchar(20) CHARACTER SET utf8 DEFAULT NULL
) ENGINE=InnoDB DEFAULT CHARSET=utf8 COLLATE=utf8_unicode_ci;

--
-- Dumping data for table `role`
--

INSERT INTO `role` (`id`, `name`, `machine_name`) VALUES
(1, 'Chef', 'leader'),
(2, 'Chef Adjoint', 'coLeader'),
(3, 'Ain', 'elder'),
(4, 'Membre', 'member');

-- --------------------------------------------------------

--
-- Table structure for table `standings`
--

CREATE TABLE `standings` (
  `id` int(5) NOT NULL,
  `tag` varchar(10) NOT NULL,
  `name` varchar(35) NOT NULL,
  `participants` int(2) NOT NULL,
  `battles_played` int(2) NOT NULL,
  `battles_won` int(2) NOT NULL,
  `crowns` int(4) NOT NULL,
  `war_trophies` int(5) NOT NULL,
  `war_id` int(5) NOT NULL
) ENGINE=InnoDB DEFAULT CHARSET=latin1;

--
-- Dumping data for table `standings`
--

INSERT INTO `standings` (`id`, `tag`, `name`, `participants`, `battles_played`, `battles_won`, `crowns`, `war_trophies`, `war_id`) VALUES
(1, 'LGCP', 'Aussie Avengers', 36, 35, 18, 37, 1300, 13),
(2, '9RGPL8PC', 'Iron', 37, 28, 18, 37, 894, 13),
(3, '8UQ0ULU', 'Night Wolves', 36, 32, 18, 25, 1399, 13),
(4, 'R8Q8GL', 'CROATIA', 35, 33, 11, 31, 1210, 13),
(5, '8VPG2YQ8', 'Nom Arabe ou chinois', 34, 33, 8, 23, 934, 13),
(6, '9RGPL8PC', 'Iron', 36, 33, 11, 29, 987, 22),
(7, 'P80C2C9', 'royale lol', 33, 33, 22, 44, 1095, 22),
(8, '2LLLUPVJ', 'os lend?rios', 32, 29, 16, 25, 1184, 22),
(9, '8Y80Y0RL', 'Macei? Elit', 32, 34, 16, 31, 1263, 22),
(10, '2JUPGVVR', '?Kings Activos!', 33, 27, 13, 20, 1387, 22),
(11, '2GCCQ2GC', 'Nom Arabe ou chinois', 35, 36, 21, 41, 1158, 23),
(12, '2P98J0CJ', 'Imperio Peruano', 36, 33, 21, 38, 1038, 23),
(13, '2GP8LJ0C', 'Deathly Hallows', 35, 38, 18, 30, 1022, 23),
(14, '9RGPL8PC', 'Iron', 38, 37, 16, 32, 938, 23),
(15, '9YYR088', 'Abbey\'s Army', 34, 28, 5, 14, 1240, 23),
(16, '9RGPL8PC', 'Iron', 42, 42, 22, 43, 925, 24),
(17, 'PLU99U0', 'BRASIL ELITE', 36, 36, 23, 44, 1187, 24),
(18, '908P2J8U', 'TEAM CLASH MT', 38, 39, 17, 40, 1156, 24),
(19, '2L2CGY0Q', '???????????', 37, 40, 22, 37, 1385, 24),
(20, 'YCGCY0Q', 'Sesto Fut Team', 39, 40, 23, 41, 1475, 24),
(21, '8PC89RLG', 'Nom Arabe ou chinois', 40, 37, 25, 46, 1360, 25),
(22, 'P0C2CUQ2', 'nova eSport2.0', 36, 30, 21, 38, 975, 25),
(23, '9RGPL8PC', 'Iron', 36, 38, 21, 41, 932, 25),
(24, '2VUYUJLR', 'Nom Arabe ou chinois', 36, 37, 18, 29, 1493, 25),
(25, 'YPLL200', 'Nom Arabe ou chinois', 40, 37, 21, 34, 1098, 25),
(26, '28J2PUP', 'KSA', 42, 37, 19, 37, 1439, 26),
(27, '9RGPL8PC', 'Iron', 38, 41, 23, 46, 1003, 26),
(28, '9J8YY28', 'The Colt Myth', 36, 38, 22, 38, 1263, 26),
(29, 'QL02RJ9', 'herdez vicio MX', 39, 38, 15, 29, 1409, 26),
(30, '9Y0G2VPC', 'the red master', 35, 35, 9, 21, 1208, 26),
(31, '229R9LQ2', 'TOP BR', 36, 37, 15, 33, 1337, 27),
(32, '9RGPL8PC', 'Iron', 37, 38, 18, 38, 1076, 27),
(33, 'YYQ98Q', '?? ??', 41, 35, 14, 30, 1328, 27),
(34, '2L9U0J8L', 'Nom Arabe ou chinois', 37, 39, 14, 31, 1266, 27),
(35, '2RR0G8YY', 'Legends Royale', 39, 38, 9, 27, 1208, 27),
(36, '9RGPL8PC', 'Iron', 36, 38, 22, 37, 1194, 28),
(37, '9PR0R90P', 'Genei Ryodan', 37, 37, 18, 46, 1453, 28),
(38, '2G92VQ', 'Tesla Supremacy', 38, 35, 20, 35, 1296, 28),
(39, 'PP2GCLQ', 'Nom Arabe ou chinois', 36, 35, 22, 34, 1041, 28),
(40, '8VC0UYV', 'Korea', 35, 31, 12, 28, 1331, 28),
(41, 'GQL2RL', 'Type1', 41, 37, 19, 36, 1019, 29),
(42, '92U98JCR', 'ROOT GAMING', 41, 35, 17, 30, 1359, 29),
(43, '8CRULYCY', 'bachelor', 33, 38, 23, 40, 1211, 29),
(44, '9299CL8J', 'Nom Arabe ou chinois', 31, 35, 14, 31, 1257, 29),
(45, '9RGPL8PC', 'Iron', 34, 39, 14, 29, 1316, 29),
(46, 'C22PCY', 'Nom Arabe ou chinois', 40, 38, 24, 45, 1185, 30),
(47, '9RGPL8PC', 'Iron', 38, 40, 20, 34, 1250, 30),
(48, 'GQL2RL', 'Type1', 41, 39, 11, 29, 1089, 30),
(49, '9LG8LJ0P', 'NOVA I ELITE', 38, 37, 11, 24, 1255, 30),
(50, '8CG9R9LP', 'Power clash', 39, 31, 12, 27, 963, 30),
(51, '8YGPUCCY', 'Royale Team', 35, 33, 18, 30, 1354, 31),
(52, '99RGPVVQ', 'INVENC?VEIS', 35, 35, 18, 36, 1471, 31),
(53, 'RRUY8J', 'Red Raiders', 36, 32, 21, 41, 1287, 31),
(54, '8CG9R9LP', 'Power clash', 35, 26, 13, 27, 960, 31),
(55, '9RGPL8PC', 'Iron', 36, 35, 19, 41, 1320, 31),
(56, '9UY0QP9L', 'UNIVERSO 7', 32, 33, 22, 46, 1460, 32),
(57, '99GU80JY', 'Exiliados clan', 33, 33, 12, 19, 968, 32),
(58, '9RGPL8PC', 'Iron', 35, 35, 12, 22, 1389, 32),
(59, '9RGUC9QL', 'MEXICAN EMPIRE', 36, 32, 20, 36, 1391, 32),
(60, 'U00YUV', 'America', 36, 31, 17, 30, 1220, 32),
(61, '2CLQQYPP', 'Fam?lia BR', 35, 36, 21, 39, 1000, 33),
(62, '9YRVR2LG', '??', 37, 35, 17, 38, 951, 33),
(63, '2998CG0J', 'ARGENTOS', 38, 37, 19, 40, 1344, 33),
(64, '8VGUV9QV', 'the ultimate', 38, 37, 19, 31, 1314, 33),
(65, '9RGPL8PC', 'Iron', 39, 37, 15, 34, 1361, 33),
(66, '8P8VJVLL', 'MTwins', 34, 34, 14, 37, 1202, 34),
(67, '8VGUV9QV', 'the ultimate', 36, 34, 13, 22, 1313, 34),
(68, '9RGPL8PC', 'Iron', 37, 35, 13, 30, 1296, 34),
(69, '2JPLPRR9', 'ItasPro', 35, 30, 14, 24, 1201, 34),
(70, '9C80VPVR', 'Per? legends', 37, 33, 14, 26, 1249, 34),
(71, '8P8VJVLL', 'MTwins', 37, 38, 17, 30, 1316, 35),
(72, '9YJYCYV', 'NIBIRU', 36, 35, 16, 29, 1025, 35),
(73, 'YY8GQPL', 'Brasil', 36, 36, 19, 38, 1017, 35),
(74, '9RGPL8PC', 'Iron', 38, 38, 19, 34, 1269, 35),
(75, 'P0LCYQY2', 'UNIVERSO 7 GT', 40, 36, 12, 25, 1372, 35),
(76, '8J22088V', '50Muggles', 31, 36, 27, 48, 1486, 36),
(77, '8880VC09', '#WarriOrs Of RD', 33, 35, 13, 31, 1180, 36),
(78, '9RGPL8PC', 'Iron', 39, 37, 18, 38, 1338, 36),
(79, '8R8QYLLV', 'TRIPOLI HEREOS', 31, 38, 25, 51, 1183, 36),
(80, '2VUJRGVL', 'DUNKSBERRO', 35, 37, 25, 50, 1322, 36),
(81, '2CRU9Y8V', 'Chile', 41, 40, 22, 46, 1319, 37),
(82, '8G9JC8LV', 'Shadow People', 42, 42, 19, 30, 1467, 37),
(83, 'P88JCCY', 'united nation', 43, 39, 15, 29, 1253, 37),
(84, '2YQ0Y0J9', '#Legendarys', 39, 40, 22, 49, 1081, 37),
(85, '9RGPL8PC', 'Iron', 40, 41, 13, 25, 1316, 37),
(86, '9RGPL8PC', 'Iron', 35, 37, 21, 38, 1249, 38),
(87, '2RR2V00Y', 'mar del plata97', 38, 36, 17, 28, 1381, 38),
(88, 'VQV289', 'BrozHood', 34, 34, 17, 40, 987, 38),
(89, '2CRU9Y8V', 'Chile', 40, 38, 16, 32, 1442, 38),
(90, 'YUG8UY', 'Autodidactas', 36, 33, 18, 36, 1482, 38),
(91, '9UQ0C8', 'The Division', 37, 36, 18, 40, 1391, 39),
(92, '99C098GG', 'Adults Only', 34, 35, 18, 33, 953, 39),
(93, '9YJ2PPJ2', 'Alto Valle', 31, 32, 17, 36, 621, 39),
(94, '9RGPL8PC', 'Iron', 33, 36, 18, 33, 1370, 39),
(95, '8VUQUVLQ', 'Brothers Royale', 33, 33, 22, 34, 886, 39),
(96, '92LV08UP', 'I SAUTAFOSSI', 37, 27, 12, 20, 1164, 40),
(97, '9QQLGGQJ', 'NEO EVOLUTION', 44, 38, 30, 55, 1273, 40),
(98, '80LJRL92', '< ? TW8 ? >', 41, 35, 19, 41, 1471, 40),
(99, '9RGPL8PC', 'Iron', 37, 35, 19, 36, 1358, 40),
(100, '9VJCP8C0', 'Monterrey', 41, 36, 15, 38, 1253, 40);

-- --------------------------------------------------------

--
-- Table structure for table `war`
--

CREATE TABLE `war` (
  `id` int(4) NOT NULL,
  `created` int(15) NOT NULL,
  `past_war` tinyint(1) NOT NULL COMMENT 'boolean, vrai si c''est une ancienne guerre',
  `season` int(5) NOT NULL COMMENT 'numro de saison'
) ENGINE=InnoDB DEFAULT CHARSET=latin1;

--
-- Dumping data for table `war`
--

INSERT INTO `war` (`id`, `created`, `past_war`, `season`) VALUES
(12, 1530223645, 1, 0),
(13, 1530396482, 1, 0),
(22, 1530569765, 1, 0),
(23, 1530743005, 1, 0),
(24, 1530916877, 1, 0),
(25, 1531090228, 1, 6),
(26, 1531263126, 1, 6),
(27, 1531435947, 1, 7),
(28, 1531609438, 1, 7),
(29, 1531782263, 1, 7),
(30, 1531955107, 1, 7),
(31, 1532127930, 1, 7),
(32, 1532300751, 1, 7),
(33, 1532473646, 1, 7),
(34, 1532646488, 1, 8),
(35, 1532819376, 1, 8),
(36, 1532992504, 1, 8),
(37, 1533165515, 1, 8),
(38, 1533338354, 1, 8),
(39, 1533511254, 1, 8),
(40, 0, 0, 0);

-- --------------------------------------------------------

--
-- Table structure for table `war_decks`
--

CREATE TABLE `war_decks` (
  `id` int(11) NOT NULL,
  `deck_id` int(11) NOT NULL,
  `war_id` int(11) NOT NULL
) ENGINE=InnoDB DEFAULT CHARSET=latin1 COMMENT='Table de jointure - quel deck est dans quelle guerre';

--
-- Dumping data for table `war_decks`
--

INSERT INTO `war_decks` (`id`, `deck_id`, `war_id`) VALUES
(1, 50, 35),
(2, 51, 35),
(3, 52, 35),
(4, 53, 35),
(5, 54, 35),
(6, 55, 35),
(7, 56, 35),
(8, 57, 35),
(9, 58, 35),
(10, 59, 35),
(11, 60, 35),
(12, 61, 35),
(13, 62, 35),
(14, 63, 35),
(15, 64, 35),
(16, 65, 35),
(17, 66, 35),
(18, 67, 35),
(19, 68, 35),
(20, 69, 35),
(21, 70, 35),
(22, 71, 35),
(23, 72, 35),
(24, 73, 35),
(25, 74, 35),
(26, 75, 35),
(27, 76, 35),
(28, 77, 35),
(29, 78, 35),
(30, 79, 35),
(31, 80, 35),
(32, 81, 35),
(33, 82, 35),
(34, 83, 35),
(35, 86, 35),
(36, 122, 36),
(37, 123, 36),
(38, 124, 36),
(39, 125, 36),
(40, 127, 36),
(41, 128, 36),
(42, 129, 36),
(43, 130, 36),
(44, 131, 36),
(45, 132, 36),
(46, 133, 36),
(47, 135, 36),
(48, 137, 36),
(49, 138, 36),
(50, 139, 36),
(51, 140, 36),
(52, 141, 36),
(53, 142, 36),
(54, 143, 36),
(55, 145, 36),
(56, 146, 36),
(57, 147, 36),
(58, 148, 36),
(59, 149, 36),
(60, 150, 36),
(61, 151, 36),
(62, 152, 36),
(63, 153, 36),
(64, 157, 36),
(65, 158, 36),
(66, 161, 36),
(67, 162, 36),
(68, 164, 36),
(69, 165, 36),
(70, 168, 36),
(71, 182, 37),
(72, 183, 37),
(73, 185, 37),
(74, 186, 37),
(75, 187, 37),
(76, 188, 37),
(77, 189, 37),
(78, 190, 37),
(79, 191, 37),
(80, 192, 37),
(81, 193, 37),
(82, 194, 37),
(83, 195, 37),
(84, 196, 37),
(85, 197, 37),
(86, 198, 37),
(87, 181, 37),
(88, 199, 37),
(89, 200, 37),
(90, 201, 37),
(91, 203, 37),
(92, 204, 37),
(93, 205, 37),
(94, 206, 37),
(95, 207, 37),
(96, 208, 37),
(97, 209, 37),
(98, 210, 37),
(99, 211, 37),
(100, 212, 37),
(101, 214, 37),
(102, 215, 37),
(103, 216, 37),
(104, 217, 37),
(105, 218, 37),
(106, 220, 37),
(107, 222, 37),
(108, 223, 37),
(109, 224, 37),
(110, 225, 37),
(111, 238, 38),
(112, 239, 38),
(113, 240, 38),
(114, 241, 38),
(115, 242, 38),
(116, 243, 38),
(117, 244, 38),
(118, 245, 38),
(119, 246, 38),
(120, 248, 38),
(121, 234, 38),
(122, 249, 38),
(123, 250, 38),
(124, 251, 38),
(125, 253, 38),
(126, 254, 38),
(127, 255, 38),
(128, 256, 38),
(129, 257, 38),
(130, 258, 38),
(131, 259, 38),
(132, 260, 38),
(133, 261, 38),
(134, 262, 38),
(135, 263, 38),
(136, 265, 38),
(137, 266, 38),
(138, 267, 38),
(139, 268, 38),
(140, 269, 38),
(141, 342, 39),
(142, 343, 39),
(143, 344, 39),
(144, 345, 39),
(145, 346, 39),
(146, 347, 39),
(147, 348, 39),
(148, 349, 39),
(149, 350, 39),
(150, 351, 39),
(151, 352, 39),
(152, 354, 39),
(153, 357, 39),
(154, 358, 39),
(155, 359, 39),
(156, 361, 39),
(157, 362, 39),
(158, 363, 39),
(159, 364, 39),
(160, 366, 39),
(161, 367, 39),
(162, 368, 39),
(163, 371, 39),
(164, 372, 39),
(165, 375, 39),
(166, 376, 39),
(167, 377, 39),
(168, 378, 39),
(169, 383, 39),
(170, 384, 39),
(171, 475, 40),
(172, 476, 40),
(173, 477, 40),
(174, 478, 40),
(175, 479, 40),
(176, 480, 40),
(177, 481, 40),
(178, 482, 40),
(179, 483, 40),
(180, 484, 40),
(181, 485, 40),
(182, 486, 40),
(183, 487, 40),
(184, 488, 40),
(185, 489, 40),
(186, 490, 40),
(187, 491, 40),
(188, 492, 40),
(189, 493, 40),
(190, 494, 40),
(191, 495, 40),
(192, 498, 40),
(193, 499, 40),
(194, 500, 40),
(195, 502, 40),
(196, 503, 40),
(197, 504, 40),
(198, 505, 40),
(199, 508, 40),
(200, 509, 40);

--
-- Indexes for dumped tables
--

--
-- Indexes for table `account`
--
ALTER TABLE `account`
  ADD PRIMARY KEY (`id`),
  ADD KEY `player_id` (`player_id`);

--
-- Indexes for table `arena`
--
ALTER TABLE `arena`
  ADD PRIMARY KEY (`id`),
  ADD KEY `arena_id` (`arena_id`);

--
-- Indexes for table `cards`
--
ALTER TABLE `cards`
  ADD PRIMARY KEY (`id`),
  ADD KEY `arena` (`arena`),
  ADD KEY `cr_id` (`cr_id`),
  ADD KEY `card_key` (`card_key`);

--
-- Indexes for table `card_deck`
--
ALTER TABLE `card_deck`
  ADD PRIMARY KEY (`id`),
  ADD KEY `card_id` (`card_id`),
  ADD KEY `deck_id` (`deck_id`);

--
-- Indexes for table `card_level`
--
ALTER TABLE `card_level`
  ADD PRIMARY KEY (`id`);

--
-- Indexes for table `decks`
--
ALTER TABLE `decks`
  ADD PRIMARY KEY (`id`);

--
-- Indexes for table `deck_results`
--
ALTER TABLE `deck_results`
  ADD PRIMARY KEY (`id`),
  ADD KEY `deck_id` (`deck_id`);

--
-- Indexes for table `last_updated`
--
ALTER TABLE `last_updated`
  ADD PRIMARY KEY (`id`);

--
-- Indexes for table `players`
--
ALTER TABLE `players`
  ADD PRIMARY KEY (`id`),
  ADD UNIQUE KEY `tag` (`tag`),
  ADD KEY `fk_role_id` (`role_id`);

--
-- Indexes for table `player_deck`
--
ALTER TABLE `player_deck`
  ADD PRIMARY KEY (`id`),
  ADD KEY `deck_id` (`deck_id`),
  ADD KEY `player_id` (`player_id`);

--
-- Indexes for table `player_pause`
--
ALTER TABLE `player_pause`
  ADD PRIMARY KEY (`id`),
  ADD KEY `account_id` (`account_id`);

--
-- Indexes for table `player_war`
--
ALTER TABLE `player_war`
  ADD PRIMARY KEY (`id`),
  ADD KEY `player_id` (`player_id`),
  ADD KEY `war_id` (`war_id`),
  ADD KEY `battle_played` (`battle_played`),
  ADD KEY `collection_played` (`collection_played`);

--
-- Indexes for table `role`
--
ALTER TABLE `role`
  ADD PRIMARY KEY (`id`);

--
-- Indexes for table `standings`
--
ALTER TABLE `standings`
  ADD PRIMARY KEY (`id`),
  ADD KEY `war_id` (`war_id`);

--
-- Indexes for table `war`
--
ALTER TABLE `war`
  ADD PRIMARY KEY (`id`);

--
-- Indexes for table `war_decks`
--
ALTER TABLE `war_decks`
  ADD PRIMARY KEY (`id`),
  ADD KEY `deck_id` (`deck_id`),
  ADD KEY `war_id` (`war_id`);

--
-- AUTO_INCREMENT for dumped tables
--

--
-- AUTO_INCREMENT for table `account`
--
ALTER TABLE `account`
  MODIFY `id` int(11) NOT NULL AUTO_INCREMENT, AUTO_INCREMENT=4;
--
-- AUTO_INCREMENT for table `arena`
--
ALTER TABLE `arena`
  MODIFY `id` int(2) NOT NULL AUTO_INCREMENT, AUTO_INCREMENT=23;
--
-- AUTO_INCREMENT for table `cards`
--
ALTER TABLE `cards`
  MODIFY `id` int(6) NOT NULL AUTO_INCREMENT, AUTO_INCREMENT=88;
--
-- AUTO_INCREMENT for table `card_deck`
--
ALTER TABLE `card_deck`
  MODIFY `id` int(11) NOT NULL AUTO_INCREMENT, AUTO_INCREMENT=4089;
--
-- AUTO_INCREMENT for table `card_level`
--
ALTER TABLE `card_level`
  MODIFY `id` int(11) NOT NULL AUTO_INCREMENT, AUTO_INCREMENT=4364;
--
-- AUTO_INCREMENT for table `decks`
--
ALTER TABLE `decks`
  MODIFY `id` int(6) NOT NULL AUTO_INCREMENT, AUTO_INCREMENT=512;
--
-- AUTO_INCREMENT for table `deck_results`
--
ALTER TABLE `deck_results`
  MODIFY `id` int(8) NOT NULL AUTO_INCREMENT, AUTO_INCREMENT=224;
--
-- AUTO_INCREMENT for table `last_updated`
--
ALTER TABLE `last_updated`
  MODIFY `id` int(3) NOT NULL AUTO_INCREMENT, AUTO_INCREMENT=60;
--
-- AUTO_INCREMENT for table `players`
--
ALTER TABLE `players`
  MODIFY `id` int(4) NOT NULL AUTO_INCREMENT, AUTO_INCREMENT=989;
--
-- AUTO_INCREMENT for table `player_deck`
--
ALTER TABLE `player_deck`
  MODIFY `id` int(11) NOT NULL AUTO_INCREMENT, AUTO_INCREMENT=324;
--
-- AUTO_INCREMENT for table `player_pause`
--
ALTER TABLE `player_pause`
  MODIFY `id` int(11) NOT NULL AUTO_INCREMENT, AUTO_INCREMENT=2;
--
-- AUTO_INCREMENT for table `player_war`
--
ALTER TABLE `player_war`
  MODIFY `id` int(10) NOT NULL AUTO_INCREMENT, AUTO_INCREMENT=1502;
--
-- AUTO_INCREMENT for table `role`
--
ALTER TABLE `role`
  MODIFY `id` int(1) NOT NULL AUTO_INCREMENT, AUTO_INCREMENT=5;
--
-- AUTO_INCREMENT for table `standings`
--
ALTER TABLE `standings`
  MODIFY `id` int(5) NOT NULL AUTO_INCREMENT, AUTO_INCREMENT=101;
--
-- AUTO_INCREMENT for table `war`
--
ALTER TABLE `war`
  MODIFY `id` int(4) NOT NULL AUTO_INCREMENT, AUTO_INCREMENT=41;
--
-- AUTO_INCREMENT for table `war_decks`
--
ALTER TABLE `war_decks`
  MODIFY `id` int(11) NOT NULL AUTO_INCREMENT, AUTO_INCREMENT=201;
--
-- Constraints for dumped tables
--

--
-- Constraints for table `account`
--
ALTER TABLE `account`
  ADD CONSTRAINT `account_ibfk_1` FOREIGN KEY (`player_id`) REFERENCES `players` (`id`);

--
-- Constraints for table `cards`
--
ALTER TABLE `cards`
  ADD CONSTRAINT `cards_ibfk_1` FOREIGN KEY (`arena`) REFERENCES `arena` (`arena_id`);

--
-- Constraints for table `card_deck`
--
ALTER TABLE `card_deck`
  ADD CONSTRAINT `card_deck_ibfk_1` FOREIGN KEY (`card_id`) REFERENCES `cards` (`id`),
  ADD CONSTRAINT `card_deck_ibfk_2` FOREIGN KEY (`deck_id`) REFERENCES `decks` (`id`);

--
-- Constraints for table `deck_results`
--
ALTER TABLE `deck_results`
  ADD CONSTRAINT `deck_results_ibfk_1` FOREIGN KEY (`deck_id`) REFERENCES `decks` (`id`);

--
-- Constraints for table `players`
--
ALTER TABLE `players`
  ADD CONSTRAINT `fk_role_id` FOREIGN KEY (`role_id`) REFERENCES `role` (`id`);

--
-- Constraints for table `player_deck`
--
ALTER TABLE `player_deck`
  ADD CONSTRAINT `player_deck_ibfk_1` FOREIGN KEY (`deck_id`) REFERENCES `decks` (`id`),
  ADD CONSTRAINT `player_deck_ibfk_2` FOREIGN KEY (`player_id`) REFERENCES `players` (`id`);

--
-- Constraints for table `player_pause`
--
ALTER TABLE `player_pause`
  ADD CONSTRAINT `player_pause_ibfk_1` FOREIGN KEY (`account_id`) REFERENCES `account` (`id`);

--
-- Constraints for table `player_war`
--
ALTER TABLE `player_war`
  ADD CONSTRAINT `player_war_ibfk_1` FOREIGN KEY (`player_id`) REFERENCES `players` (`id`),
  ADD CONSTRAINT `player_war_ibfk_2` FOREIGN KEY (`war_id`) REFERENCES `war` (`id`);

--
-- Constraints for table `standings`
--
ALTER TABLE `standings`
  ADD CONSTRAINT `standings_ibfk_1` FOREIGN KEY (`war_id`) REFERENCES `war` (`id`);

--
-- Constraints for table `war_decks`
--
ALTER TABLE `war_decks`
  ADD CONSTRAINT `war_decks_ibfk_1` FOREIGN KEY (`deck_id`) REFERENCES `decks` (`id`),
  ADD CONSTRAINT `war_decks_ibfk_2` FOREIGN KEY (`war_id`) REFERENCES `war` (`id`);
COMMIT;

/*!40101 SET CHARACTER_SET_CLIENT=@OLD_CHARACTER_SET_CLIENT */;
/*!40101 SET CHARACTER_SET_RESULTS=@OLD_CHARACTER_SET_RESULTS */;
/*!40101 SET COLLATION_CONNECTION=@OLD_COLLATION_CONNECTION */;
