-- phpMyAdmin SQL Dump
-- version 4.7.3
-- https://www.phpmyadmin.net/
--
-- Host: ironmanauedata.mysql.db
-- Generation Time: Jul 27, 2018 at 10:59 AM
-- Server version: 5.6.39-log
-- PHP Version: 7.0.30

SET SQL_MODE = "NO_AUTO_VALUE_ON_ZERO";
SET AUTOCOMMIT = 0;
START TRANSACTION;
SET time_zone = "+00:00";


/*!40101 SET @OLD_CHARACTER_SET_CLIENT=@@CHARACTER_SET_CLIENT */;
/*!40101 SET @OLD_CHARACTER_SET_RESULTS=@@CHARACTER_SET_RESULTS */;
/*!40101 SET @OLD_COLLATION_CONNECTION=@@COLLATION_CONNECTION */;
/*!40101 SET NAMES utf8mb4 */;

--
-- Database: `ironmanauedata`
--

-- --------------------------------------------------------

--
-- Table structure for table `arena`
--

CREATE TABLE `arena` (
  `id` int(2) NOT NULL,
  `arena_id` int(2) NOT NULL,
  `name` varchar(35) NOT NULL,
  `arena` varchar(35) NOT NULL,
  `trophy_limit` int(5) NOT NULL
) ENGINE=InnoDB DEFAULT CHARSET=utf8;

--
-- Dumping data for table `arena`
--

INSERT INTO `arena` (`id`, `arena_id`, `name`, `arena`, `trophy_limit`) VALUES
(1, 0, 'Training Camp', 'Training Camp', 0),
(2, 1, 'Goblin Stadium', 'Arena 1', 0),
(3, 2, 'Bone Pit', 'Arena 2', 400),
(4, 3, 'Barbarian Bowl', 'Arena 3', 800),
(5, 4, 'P.E.K.K.A\'s Playhouse', 'Arena 4', 1100),
(6, 5, 'Spell Valley', 'Arena 5', 1400),
(7, 6, 'Builder\'s Workshop', 'Arena 6', 1700),
(8, 7, 'Royal Arena', 'Arena 7', 2000),
(9, 8, 'Frozen Peak', 'Arena 8', 2300),
(10, 9, 'Jungle Arena', 'Arena 9', 2600),
(11, 10, 'Hog Mountain', 'Arena 10', 3000),
(12, 11, 'Electro Valley', 'Arena 11', 3400),
(13, 12, 'Legendary Arena', 'Arena 12', 3800),
(14, 13, 'Challenger I', 'League 1', 4000),
(15, 14, 'Challenger II', 'League 2', 4300),
(16, 15, 'Challenger III', 'League 3', 4600),
(17, 16, 'Master I', 'League 4', 4900),
(18, 17, 'Master II', 'League 5', 5200),
(19, 18, 'Master III', 'League 6', 5500),
(20, 19, 'Champion', 'League 7', 5800),
(21, 20, 'Grand Champion', 'League 8', 6100),
(22, 21, 'Ultimate Champion', 'League 9', 6400);

-- --------------------------------------------------------

--
-- Table structure for table `cards`
--

CREATE TABLE `cards` (
  `id` int(6) NOT NULL,
  `card_key` varchar(25) NOT NULL,
  `name` varchar(25) NOT NULL,
  `elixir` int(2) NOT NULL,
  `type` varchar(15) NOT NULL,
  `rarity` varchar(15) NOT NULL,
  `cr_id` int(12) NOT NULL,
  `arena` int(3) NOT NULL
) ENGINE=InnoDB DEFAULT CHARSET=latin1;

--
-- Dumping data for table `cards`
--

INSERT INTO `cards` (`id`, `card_key`, `name`, `elixir`, `type`, `rarity`, `cr_id`, `arena`) VALUES
(1, 'knight', 'Knight', 3, 'Troop', 'Common', 26000000, 0),
(2, 'archers', 'Archers', 3, 'Troop', 'Common', 26000001, 0),
(3, 'goblins', 'Goblins', 2, 'Troop', 'Common', 26000002, 1),
(4, 'giant', 'Giant', 5, 'Troop', 'Rare', 26000003, 0),
(5, 'pekka', 'P.E.K.K.A', 7, 'Troop', 'Epic', 26000004, 4),
(6, 'minions', 'Minions', 3, 'Troop', 'Common', 26000005, 0),
(7, 'balloon', 'Balloon', 5, 'Troop', 'Epic', 26000006, 2),
(8, 'witch', 'Witch', 5, 'Troop', 'Epic', 26000007, 0),
(9, 'barbarians', 'Barbarians', 5, 'Troop', 'Common', 26000008, 3),
(10, 'golem', 'Golem', 8, 'Troop', 'Epic', 26000009, 3),
(11, 'skeletons', 'Skeletons', 1, 'Troop', 'Common', 26000010, 2),
(12, 'valkyrie', 'Valkyrie', 4, 'Troop', 'Rare', 26000011, 2),
(13, 'skeleton-army', 'Skeleton Army', 3, 'Troop', 'Epic', 26000012, 0),
(14, 'bomber', 'Bomber', 3, 'Troop', 'Common', 26000013, 2),
(15, 'musketeer', 'Musketeer', 4, 'Troop', 'Rare', 26000014, 0),
(16, 'baby-dragon', 'Baby Dragon', 4, 'Troop', 'Epic', 26000015, 0),
(17, 'prince', 'Prince', 5, 'Troop', 'Epic', 26000016, 0),
(18, 'wizard', 'Wizard', 5, 'Troop', 'Rare', 26000017, 5),
(19, 'mini-pekka', 'Mini P.E.K.K.A', 4, 'Troop', 'Rare', 26000018, 0),
(20, 'spear-goblins', 'Spear Goblins', 2, 'Troop', 'Common', 26000019, 1),
(21, 'giant-skeleton', 'Giant Skeleton', 6, 'Troop', 'Epic', 26000020, 2),
(22, 'hog-rider', 'Hog Rider', 4, 'Troop', 'Rare', 26000021, 1),
(23, 'minion-horde', 'Minion Horde', 5, 'Troop', 'Common', 26000022, 4),
(24, 'ice-wizard', 'Ice Wizard', 3, 'Troop', 'Legendary', 26000023, 8),
(25, 'royal-giant', 'Royal Giant', 6, 'Troop', 'Common', 26000024, 7),
(26, 'guards', 'Guards', 3, 'Troop', 'Epic', 26000025, 7),
(27, 'princess', 'Princess', 3, 'Troop', 'Legendary', 26000026, 7),
(28, 'dark-prince', 'Dark Prince', 4, 'Troop', 'Epic', 26000027, 7),
(29, 'three-musketeers', 'Three Musketeers', 9, 'Troop', 'Rare', 26000028, 7),
(30, 'lava-hound', 'Lava Hound', 7, 'Troop', 'Legendary', 26000029, 4),
(31, 'ice-spirit', 'Ice Spirit', 1, 'Troop', 'Common', 26000030, 8),
(32, 'fire-spirits', 'Fire Spirits', 2, 'Troop', 'Common', 26000031, 5),
(33, 'miner', 'Miner', 3, 'Troop', 'Legendary', 26000032, 4),
(34, 'sparky', 'Sparky', 6, 'Troop', 'Legendary', 26000033, 11),
(35, 'bowler', 'Bowler', 5, 'Troop', 'Epic', 26000034, 8),
(36, 'lumberjack', 'Lumberjack', 4, 'Troop', 'Legendary', 26000035, 8),
(37, 'battle-ram', 'Battle Ram', 4, 'Troop', 'Rare', 26000036, 3),
(38, 'inferno-dragon', 'Inferno Dragon', 4, 'Troop', 'Legendary', 26000037, 6),
(39, 'ice-golem', 'Ice Golem', 2, 'Troop', 'Rare', 26000038, 8),
(40, 'mega-minion', 'Mega Minion', 3, 'Troop', 'Rare', 26000039, 4),
(41, 'dart-goblin', 'Dart Goblin', 3, 'Troop', 'Rare', 26000040, 9),
(42, 'goblin-gang', 'Goblin Gang', 3, 'Troop', 'Common', 26000041, 9),
(43, 'electro-wizard', 'Electro Wizard', 4, 'Troop', 'Legendary', 26000042, 11),
(44, 'elite-barbarians', 'Elite Barbarians', 6, 'Troop', 'Common', 26000043, 10),
(45, 'hunter', 'Hunter', 4, 'Troop', 'Epic', 26000044, 1),
(46, 'executioner', 'Executioner', 5, 'Troop', 'Epic', 26000045, 9),
(47, 'bandit', 'Bandit', 3, 'Troop', 'Legendary', 26000046, 9),
(48, 'night-witch', 'Night Witch', 4, 'Troop', 'Legendary', 26000048, 5),
(49, 'bats', 'Bats', 2, 'Troop', 'Common', 26000049, 5),
(50, 'royal-ghost', 'Royal Ghost', 3, 'Troop', 'Legendary', 26000050, 7),
(51, 'zappies', 'Zappies', 4, 'Troop', 'Rare', 26000052, 11),
(52, 'rascals', 'Rascals', 5, 'Troop', 'Common', 26000053, 9),
(53, 'cannon-cart', 'Cannon Cart', 5, 'Troop', 'Epic', 26000054, 6),
(54, 'mega-knight', 'Mega Knight', 7, 'Troop', 'Legendary', 26000055, 10),
(55, 'skeleton-barrel', 'Skeleton Barrel', 3, 'Troop', 'Common', 26000056, 6),
(56, 'flying-machine', 'Flying Machine', 4, 'Troop', 'Rare', 26000057, 6),
(57, 'royal-hogs', 'Royal Hogs', 5, 'Troop', 'Rare', 26000059, 10),
(58, 'magic-archer', 'Magic Archer', 4, 'Troop', 'Legendary', 26000062, 10),
(59, 'cannon', 'Cannon', 3, 'Building', 'Common', 27000000, 3),
(60, 'goblin-hut', 'Goblin Hut', 5, 'Building', 'Rare', 27000001, 1),
(61, 'mortar', 'Mortar', 4, 'Building', 'Common', 27000002, 6),
(62, 'inferno-tower', 'Inferno Tower', 5, 'Building', 'Rare', 27000003, 4),
(63, 'bomb-tower', 'Bomb Tower', 5, 'Building', 'Rare', 27000004, 10),
(64, 'barbarian-hut', 'Barbarian Hut', 7, 'Building', 'Rare', 27000005, 3),
(65, 'tesla', 'Tesla', 4, 'Building', 'Common', 27000006, 11),
(66, 'elixir-collector', 'Elixir Collector', 6, 'Building', 'Rare', 27000007, 8),
(67, 'x-bow', 'X-Bow', 6, 'Building', 'Epic', 27000008, 6),
(68, 'tombstone', 'Tombstone', 3, 'Building', 'Rare', 27000009, 2),
(69, 'furnace', 'Furnace', 4, 'Building', 'Rare', 27000010, 5),
(70, 'fireball', 'Fireball', 4, 'Spell', 'Rare', 28000000, 0),
(71, 'arrows', 'Arrows', 3, 'Spell', 'Common', 28000001, 0),
(72, 'rage', 'Rage', 2, 'Spell', 'Epic', 28000002, 10),
(73, 'rocket', 'Rocket', 6, 'Spell', 'Rare', 28000003, 6),
(74, 'goblin-barrel', 'Goblin Barrel', 3, 'Spell', 'Epic', 28000004, 1),
(75, 'freeze', 'Freeze', 4, 'Spell', 'Epic', 28000005, 5),
(76, 'mirror', 'Mirror', 1, 'Spell', 'Epic', 28000006, 11),
(77, 'lightning', 'Lightning', 6, 'Spell', 'Epic', 28000007, 4),
(78, 'zap', 'Zap', 2, 'Spell', 'Common', 28000008, 4),
(79, 'poison', 'Poison', 4, 'Spell', 'Epic', 28000009, 5),
(80, 'graveyard', 'Graveyard', 5, 'Spell', 'Legendary', 28000010, 5),
(81, 'the-log', 'The Log', 2, 'Spell', 'Legendary', 28000011, 6),
(82, 'tornado', 'Tornado', 3, 'Spell', 'Epic', 28000012, 8),
(83, 'clone', 'Clone', 3, 'Spell', 'Epic', 28000013, 11),
(84, 'barbarian-barrel', 'Barbarian Barrel', 3, 'Spell', 'Epic', 28000015, 3),
(85, 'heal', 'Heal', 3, 'Spell', 'Rare', 28000016, 7),
(86, 'giant-snowball', 'Giant Snowball', 2, 'Spell', 'Common', 28000017, 8);

-- --------------------------------------------------------

--
-- Table structure for table `card_deck`
--

CREATE TABLE `card_deck` (
  `id` int(11) NOT NULL,
  `deck_id` int(11) NOT NULL,
  `card_id` int(11) NOT NULL
) ENGINE=InnoDB DEFAULT CHARSET=latin1 COMMENT='Table de jointure - quelles cartes dans quels decks';

--
-- Dumping data for table `card_deck`
--

INSERT INTO `card_deck` (`id`, `deck_id`, `card_id`) VALUES
(1, 1, 32),
(2, 1, 42),
(3, 1, 23),
(4, 1, 18),
(5, 1, 17),
(6, 1, 74),
(7, 1, 27),
(8, 1, 81),
(9, 2, 27),
(10, 2, 78),
(11, 2, 3),
(12, 2, 33),
(13, 2, 32),
(14, 2, 22),
(15, 2, 19),
(16, 2, 6),
(17, 3, 72),
(18, 3, 78),
(19, 3, 81),
(20, 3, 6),
(21, 3, 4),
(22, 3, 8),
(23, 3, 18),
(24, 3, 33),
(25, 4, 4),
(26, 4, 19),
(27, 4, 79),
(28, 4, 78),
(29, 4, 40),
(30, 4, 81),
(31, 4, 18),
(32, 4, 33),
(33, 14, 72),
(34, 14, 43),
(35, 14, 12),
(36, 14, 1),
(37, 14, 73),
(38, 14, 27),
(39, 14, 22),
(40, 14, 16),
(41, 15, 1),
(42, 15, 23),
(43, 15, 19),
(44, 15, 70),
(45, 15, 18),
(46, 15, 17),
(47, 15, 24),
(48, 15, 81),
(49, 16, 37),
(50, 16, 8),
(51, 16, 74),
(52, 16, 33),
(53, 16, 81),
(54, 16, 23),
(55, 16, 13),
(56, 16, 18),
(57, 17, 8),
(58, 17, 12),
(59, 17, 13),
(60, 17, 16),
(61, 17, 17),
(62, 17, 18),
(63, 17, 72),
(64, 17, 78),
(65, 18, 78),
(66, 18, 68),
(67, 18, 18),
(68, 18, 32),
(69, 18, 26),
(70, 18, 77),
(71, 18, 7),
(72, 18, 71),
(73, 19, 12),
(74, 19, 10),
(75, 19, 27),
(76, 19, 6),
(77, 19, 62),
(78, 19, 18),
(79, 19, 8),
(80, 19, 72),
(81, 20, 12),
(82, 20, 13),
(83, 20, 15),
(84, 20, 18),
(85, 20, 19),
(86, 20, 67),
(87, 20, 71),
(88, 20, 72),
(89, 21, 42),
(90, 21, 41),
(91, 21, 19),
(92, 21, 22),
(93, 21, 50),
(94, 21, 81),
(95, 21, 72),
(96, 21, 38),
(97, 22, 34),
(98, 22, 36),
(99, 22, 48),
(100, 22, 38),
(101, 22, 30),
(102, 22, 50),
(103, 22, 54),
(104, 22, 43),
(105, 23, 72),
(106, 23, 12),
(107, 23, 71),
(108, 23, 17),
(109, 23, 13),
(110, 23, 23),
(111, 23, 18),
(112, 23, 8),
(113, 24, 36),
(114, 24, 66),
(115, 24, 77),
(116, 24, 42),
(117, 24, 71),
(118, 24, 10),
(119, 24, 48),
(120, 24, 16),
(121, 25, 44),
(122, 25, 23),
(123, 25, 78),
(124, 25, 74),
(125, 25, 81),
(126, 25, 33),
(127, 25, 27),
(128, 25, 8),
(129, 26, 42),
(130, 26, 6),
(131, 26, 18),
(132, 26, 70),
(133, 26, 81),
(134, 26, 10),
(135, 26, 68),
(136, 26, 48),
(145, 31, 11),
(146, 31, 23),
(147, 31, 37),
(148, 31, 66),
(149, 31, 29),
(150, 31, 1),
(151, 31, 85),
(152, 31, 70),
(153, 37, 44),
(154, 37, 22),
(155, 37, 63),
(156, 37, 32),
(157, 37, 75),
(158, 37, 6),
(159, 37, 40),
(160, 37, 12),
(161, 38, 82),
(162, 38, 23),
(163, 38, 19),
(164, 38, 1),
(165, 38, 2),
(166, 38, 7),
(167, 38, 20),
(168, 38, 75),
(169, 39, 1),
(170, 39, 6),
(171, 39, 59),
(172, 39, 71),
(173, 39, 42),
(174, 39, 27),
(175, 39, 73),
(176, 39, 74),
(177, 40, 81),
(178, 40, 33),
(179, 40, 27),
(180, 40, 47),
(181, 40, 36),
(182, 40, 43),
(183, 40, 54),
(184, 40, 38),
(185, 41, 36),
(186, 41, 54),
(187, 41, 7),
(188, 41, 43),
(189, 41, 13),
(190, 41, 16),
(191, 41, 81),
(192, 41, 78),
(193, 98, 78),
(194, 98, 54),
(195, 98, 24),
(196, 98, 80),
(197, 98, 74),
(198, 98, 16),
(199, 98, 56),
(200, 98, 38),
(201, 99, 54),
(202, 99, 19),
(203, 99, 16),
(204, 99, 24),
(205, 99, 71),
(206, 99, 74),
(207, 99, 6),
(208, 99, 22),
(209, 100, 71),
(210, 100, 63),
(211, 100, 73),
(212, 100, 44),
(213, 100, 6),
(214, 100, 74),
(215, 100, 56),
(216, 100, 20),
(217, 101, 6),
(218, 101, 47),
(219, 101, 78),
(220, 101, 5),
(221, 101, 37),
(222, 101, 60),
(223, 101, 44),
(224, 101, 71),
(225, 102, 24),
(226, 102, 19),
(227, 102, 23),
(228, 102, 4),
(229, 102, 74),
(230, 102, 8),
(231, 102, 71),
(232, 102, 33),
(233, 103, 4),
(234, 103, 6),
(235, 103, 74),
(236, 103, 47),
(237, 103, 16),
(238, 103, 71),
(239, 103, 49),
(240, 103, 20),
(241, 104, 71),
(242, 104, 33),
(243, 104, 16),
(244, 104, 19),
(245, 104, 21),
(246, 104, 6),
(247, 104, 20),
(248, 104, 74),
(249, 105, 5),
(250, 105, 47),
(251, 105, 24),
(252, 105, 16),
(253, 105, 8),
(254, 105, 77),
(255, 105, 52),
(256, 105, 56),
(257, 106, 78),
(258, 106, 21),
(259, 106, 16),
(260, 106, 6),
(261, 106, 47),
(262, 106, 20),
(263, 106, 8),
(264, 106, 38),
(265, 107, 16),
(266, 107, 22),
(267, 107, 78),
(268, 107, 77),
(269, 107, 5),
(270, 107, 37),
(271, 107, 6),
(272, 107, 24),
(273, 108, 8),
(274, 108, 4),
(275, 108, 19),
(276, 108, 16),
(277, 108, 71),
(278, 108, 6),
(279, 108, 24),
(280, 108, 38),
(281, 109, 19),
(282, 109, 74),
(283, 109, 49),
(284, 109, 5),
(285, 109, 8),
(286, 109, 71),
(287, 109, 78),
(288, 109, 60),
(289, 110, 52),
(290, 110, 78),
(291, 110, 5),
(292, 110, 8),
(293, 110, 74),
(294, 110, 49),
(295, 110, 23),
(296, 110, 24),
(297, 111, 22),
(298, 111, 60),
(299, 111, 35),
(300, 111, 56),
(301, 111, 6),
(302, 111, 20),
(303, 111, 71),
(304, 111, 24),
(305, 112, 54),
(306, 112, 16),
(307, 112, 78),
(308, 112, 71),
(309, 112, 19),
(310, 112, 8),
(311, 112, 6),
(312, 112, 24),
(313, 113, 78),
(314, 113, 6),
(315, 113, 22),
(316, 113, 33),
(317, 113, 23),
(318, 113, 44),
(319, 113, 20),
(320, 113, 62),
(321, 114, 22),
(322, 114, 8),
(323, 114, 6),
(324, 114, 5),
(325, 114, 49),
(326, 114, 47),
(327, 114, 71),
(328, 114, 24),
(329, 115, 8),
(330, 115, 4),
(331, 115, 22),
(332, 115, 6),
(333, 115, 78),
(334, 115, 33),
(335, 115, 71),
(336, 115, 62),
(337, 116, 4),
(338, 116, 16),
(339, 116, 6),
(340, 116, 49),
(341, 116, 71),
(342, 116, 52),
(343, 116, 74),
(344, 116, 23),
(345, 117, 54),
(346, 117, 62),
(347, 117, 22),
(348, 117, 24),
(349, 117, 16),
(350, 117, 47),
(351, 117, 11),
(352, 117, 78),
(353, 118, 71),
(354, 118, 6),
(355, 118, 19),
(356, 118, 37),
(357, 118, 47),
(358, 118, 38),
(359, 118, 16),
(360, 118, 35),
(361, 119, 76),
(362, 119, 47),
(363, 119, 23),
(364, 119, 8),
(365, 119, 5),
(366, 119, 78),
(367, 119, 22),
(368, 119, 6),
(369, 120, 54),
(370, 120, 44),
(371, 120, 20),
(372, 120, 6),
(373, 120, 78),
(374, 120, 23),
(375, 120, 19),
(376, 120, 22),
(377, 121, 71),
(378, 121, 19),
(379, 121, 8),
(380, 121, 16),
(381, 121, 74),
(382, 121, 6),
(383, 121, 60),
(384, 121, 4),
(385, 124, 4),
(386, 124, 44),
(387, 124, 16),
(388, 124, 38),
(389, 124, 8),
(390, 124, 78),
(391, 124, 6),
(392, 124, 74),
(393, 125, 21),
(394, 125, 8),
(395, 125, 49),
(396, 125, 16),
(397, 125, 19),
(398, 125, 6),
(399, 125, 33),
(400, 125, 35),
(401, 126, 78),
(402, 126, 32),
(403, 126, 22),
(404, 126, 3),
(405, 126, 12),
(406, 126, 36),
(407, 126, 13),
(408, 126, 15),
(409, 127, 15),
(410, 127, 33),
(411, 127, 12),
(412, 127, 13),
(413, 127, 70),
(414, 127, 22),
(415, 127, 18),
(416, 127, 75),
(417, 128, 16),
(418, 128, 61),
(419, 128, 24),
(420, 128, 47),
(421, 128, 22),
(422, 128, 6),
(423, 128, 60),
(424, 128, 56),
(425, 129, 42),
(426, 129, 29),
(427, 129, 66),
(428, 129, 28),
(429, 129, 37),
(430, 129, 78),
(431, 129, 23),
(432, 129, 50),
(433, 130, 27),
(434, 130, 47),
(435, 130, 7),
(436, 130, 38),
(437, 130, 18),
(438, 130, 23),
(439, 130, 72),
(440, 130, 73),
(441, 131, 12),
(442, 131, 13),
(443, 131, 17),
(444, 131, 18),
(445, 131, 22),
(446, 131, 23),
(447, 131, 74),
(448, 131, 78),
(449, 132, 71),
(450, 132, 68),
(451, 132, 40),
(452, 132, 15),
(453, 132, 4),
(454, 132, 35),
(455, 132, 77),
(456, 132, 81),
(457, 133, 70),
(458, 133, 38),
(459, 133, 13),
(460, 133, 22),
(461, 133, 27),
(462, 133, 42),
(463, 133, 81),
(464, 133, 44),
(465, 134, 7),
(466, 134, 75),
(467, 134, 81),
(468, 134, 40),
(469, 134, 19),
(470, 134, 1),
(471, 134, 18),
(472, 134, 78),
(473, 135, 1),
(474, 135, 18),
(475, 135, 24),
(476, 135, 17),
(477, 135, 70),
(478, 135, 40),
(479, 135, 22),
(480, 135, 72),
(481, 136, 1),
(482, 136, 70),
(483, 136, 32),
(484, 136, 24),
(485, 136, 42),
(486, 136, 57),
(487, 136, 69),
(488, 136, 20),
(489, 137, 32),
(490, 137, 42),
(491, 137, 22),
(492, 137, 23),
(493, 137, 43),
(494, 137, 70),
(495, 137, 20),
(496, 137, 62),
(497, 138, 22),
(498, 138, 46),
(499, 138, 43),
(500, 138, 28),
(501, 138, 17),
(502, 138, 62),
(503, 138, 40),
(504, 138, 42),
(505, 139, 21),
(506, 139, 18),
(507, 139, 46),
(508, 139, 28),
(509, 139, 1),
(510, 139, 49),
(511, 139, 78),
(512, 139, 42),
(513, 140, 78),
(514, 140, 42),
(515, 140, 21),
(516, 140, 27),
(517, 140, 46),
(518, 140, 17),
(519, 140, 71),
(520, 140, 69),
(521, 141, 78),
(522, 141, 1),
(523, 141, 40),
(524, 141, 35),
(525, 141, 7),
(526, 141, 43),
(527, 141, 18),
(528, 141, 62),
(529, 142, 71),
(530, 142, 18),
(531, 142, 43),
(532, 142, 7),
(533, 142, 70),
(534, 142, 22),
(535, 142, 28),
(536, 142, 1),
(537, 143, 71),
(538, 143, 18),
(539, 143, 43),
(540, 143, 7),
(541, 143, 35),
(542, 143, 27),
(543, 143, 28),
(544, 143, 1),
(545, 144, 46),
(546, 144, 42),
(547, 144, 78),
(548, 144, 70),
(549, 144, 17),
(550, 144, 23),
(551, 144, 43),
(552, 144, 69),
(553, 145, 78),
(554, 145, 43),
(555, 145, 23),
(556, 145, 17),
(557, 145, 46),
(558, 145, 70),
(559, 145, 62),
(560, 145, 42),
(561, 146, 18),
(562, 146, 23),
(563, 146, 21),
(564, 146, 78),
(565, 146, 22),
(566, 146, 70),
(567, 146, 42),
(568, 146, 72),
(569, 147, 78),
(570, 147, 70),
(571, 147, 18),
(572, 147, 7),
(573, 147, 62),
(574, 147, 23),
(575, 147, 42),
(576, 147, 46),
(577, 148, 78),
(578, 148, 1),
(579, 148, 40),
(580, 148, 17),
(581, 148, 7),
(582, 148, 43),
(583, 148, 18),
(584, 148, 62),
(585, 149, 70),
(586, 149, 22),
(587, 149, 18),
(588, 149, 42),
(589, 149, 72),
(590, 149, 43),
(591, 149, 21),
(592, 149, 78),
(593, 150, 78),
(594, 150, 21),
(595, 150, 40),
(596, 150, 1),
(597, 150, 24),
(598, 150, 27),
(599, 150, 70),
(600, 150, 62),
(601, 151, 43),
(602, 151, 27),
(603, 151, 22),
(604, 151, 70),
(605, 151, 49),
(606, 151, 18),
(607, 151, 62),
(608, 151, 32),
(609, 152, 22),
(610, 152, 70),
(611, 152, 49),
(612, 152, 27),
(613, 152, 43),
(614, 152, 18),
(615, 152, 42),
(616, 152, 35),
(617, 153, 10),
(618, 153, 48),
(619, 153, 71),
(620, 153, 42),
(621, 153, 40),
(622, 153, 78),
(623, 153, 70),
(624, 153, 43),
(625, 154, 10),
(626, 154, 48),
(627, 154, 78),
(628, 154, 49),
(629, 154, 40),
(630, 154, 24),
(631, 154, 20),
(632, 154, 23),
(633, 155, 72),
(634, 155, 7),
(635, 155, 71),
(636, 155, 43),
(637, 155, 32),
(638, 155, 24),
(639, 155, 18),
(640, 155, 42),
(641, 156, 17),
(642, 156, 28),
(643, 156, 18),
(644, 156, 22),
(645, 156, 70),
(646, 156, 24),
(647, 156, 20),
(648, 156, 78),
(649, 157, 20),
(650, 157, 22),
(651, 157, 70),
(652, 157, 27),
(653, 157, 42),
(654, 157, 23),
(655, 157, 32),
(656, 157, 18),
(657, 158, 7),
(658, 158, 18),
(659, 158, 27),
(660, 158, 72),
(661, 158, 23),
(662, 158, 70),
(663, 158, 46),
(664, 158, 40),
(665, 159, 58),
(666, 159, 27),
(667, 159, 21),
(668, 159, 72),
(669, 159, 80),
(670, 159, 18),
(671, 159, 49),
(672, 159, 78),
(673, 160, 18),
(674, 160, 23),
(675, 160, 28),
(676, 160, 17),
(677, 160, 72),
(678, 160, 27),
(679, 160, 35),
(680, 160, 62),
(681, 161, 1),
(682, 161, 23),
(683, 161, 10),
(684, 161, 62),
(685, 161, 78),
(686, 161, 24),
(687, 161, 18),
(688, 161, 43),
(689, 162, 18),
(690, 162, 17),
(691, 162, 43),
(692, 162, 58),
(693, 162, 22),
(694, 162, 1),
(695, 162, 42),
(696, 162, 71),
(697, 163, 22),
(698, 163, 70),
(699, 163, 49),
(700, 163, 27),
(701, 163, 43),
(702, 163, 18),
(703, 163, 42),
(704, 163, 17),
(705, 164, 17),
(706, 164, 22),
(707, 164, 70),
(708, 164, 49),
(709, 164, 18),
(710, 164, 27),
(711, 164, 43),
(712, 164, 24),
(713, 165, 28),
(714, 165, 17),
(715, 165, 23),
(716, 165, 18),
(717, 165, 72),
(718, 165, 46),
(719, 165, 35),
(720, 165, 62),
(721, 166, 49),
(722, 166, 1),
(723, 166, 42),
(724, 166, 71),
(725, 166, 63),
(726, 166, 17),
(727, 166, 20),
(728, 166, 18),
(729, 167, 63),
(730, 167, 18),
(731, 167, 71),
(732, 167, 23),
(733, 167, 27),
(734, 167, 42),
(735, 167, 22),
(736, 167, 1),
(737, 168, 70),
(738, 168, 22),
(739, 168, 18),
(740, 168, 42),
(741, 168, 69),
(742, 168, 43),
(743, 168, 21),
(744, 168, 78),
(745, 169, 19),
(746, 169, 16),
(747, 169, 4),
(748, 169, 71),
(749, 169, 15),
(750, 169, 13),
(751, 169, 14),
(752, 169, 8),
(753, 170, 78),
(754, 170, 13),
(755, 170, 1),
(756, 170, 22),
(757, 170, 12),
(758, 170, 18),
(759, 170, 23),
(760, 170, 17),
(761, 171, 50),
(762, 171, 6),
(763, 171, 21),
(764, 171, 70),
(765, 171, 81),
(766, 171, 38),
(767, 171, 22),
(768, 171, 2),
(769, 172, 6),
(770, 172, 52),
(771, 172, 37),
(772, 172, 47),
(773, 172, 38),
(774, 172, 28),
(775, 172, 7),
(776, 172, 70),
(777, 173, 20),
(778, 173, 2),
(779, 173, 78),
(780, 173, 65),
(781, 173, 74),
(782, 173, 38),
(783, 173, 21),
(784, 173, 52),
(785, 174, 12),
(786, 174, 81),
(787, 174, 74),
(788, 174, 6),
(789, 174, 45),
(790, 174, 7),
(791, 174, 9),
(792, 174, 40),
(793, 175, 78),
(794, 175, 6),
(795, 175, 21),
(796, 175, 38),
(797, 175, 37),
(798, 175, 8),
(799, 175, 22),
(800, 175, 47),
(801, 176, 4),
(802, 176, 79),
(803, 176, 12),
(804, 176, 47),
(805, 176, 6),
(806, 176, 48),
(807, 176, 65),
(808, 176, 28),
(809, 177, 12),
(810, 177, 4),
(811, 177, 2),
(812, 177, 79),
(813, 177, 20),
(814, 177, 7),
(815, 177, 70),
(816, 177, 62),
(817, 178, 22),
(818, 178, 70),
(819, 178, 47),
(820, 178, 38),
(821, 178, 20),
(822, 178, 6),
(823, 178, 8),
(824, 178, 7),
(825, 179, 4),
(826, 179, 8),
(827, 179, 28),
(828, 179, 20),
(829, 179, 78),
(830, 179, 12),
(831, 179, 2),
(832, 179, 6),
(833, 180, 6),
(834, 180, 74),
(835, 180, 47),
(836, 180, 81),
(837, 180, 78),
(838, 180, 12),
(839, 180, 65),
(840, 180, 28),
(841, 181, 21),
(842, 181, 49),
(843, 181, 81),
(844, 181, 47),
(845, 181, 38),
(846, 181, 8),
(847, 181, 6),
(848, 181, 22),
(849, 182, 49),
(850, 182, 40),
(851, 182, 12),
(852, 182, 28),
(853, 182, 4),
(854, 182, 38),
(855, 182, 8),
(856, 182, 81),
(857, 183, 4),
(858, 183, 6),
(859, 183, 8),
(860, 183, 22),
(861, 183, 70),
(862, 183, 78),
(863, 183, 2),
(864, 183, 65),
(865, 184, 22),
(866, 184, 70),
(867, 184, 49),
(868, 184, 81),
(869, 184, 8),
(870, 184, 4),
(871, 184, 6),
(872, 184, 47),
(873, 185, 50),
(874, 185, 77),
(875, 185, 47),
(876, 185, 40),
(877, 185, 52),
(878, 185, 6),
(879, 185, 78),
(880, 185, 30),
(881, 186, 20),
(882, 186, 3),
(883, 186, 78),
(884, 186, 6),
(885, 186, 25),
(886, 186, 37),
(887, 186, 70),
(888, 186, 9),
(889, 187, 78),
(890, 187, 65),
(891, 187, 40),
(892, 187, 12),
(893, 187, 74),
(894, 187, 30),
(895, 187, 81),
(896, 187, 45),
(897, 188, 25),
(898, 188, 62),
(899, 188, 74),
(900, 188, 22),
(901, 188, 81),
(902, 188, 70),
(903, 188, 12),
(904, 188, 8),
(905, 189, 12),
(906, 189, 4),
(907, 189, 7),
(908, 189, 78),
(909, 189, 6),
(910, 189, 2),
(911, 189, 20),
(912, 189, 40),
(913, 190, 65),
(914, 190, 7),
(915, 190, 38),
(916, 190, 47),
(917, 190, 12),
(918, 190, 22),
(919, 190, 78),
(920, 190, 8),
(921, 191, 78),
(922, 191, 2),
(923, 191, 12),
(924, 191, 70),
(925, 191, 52),
(926, 191, 6),
(927, 191, 7),
(928, 191, 45),
(929, 192, 22),
(930, 192, 9),
(931, 192, 7),
(932, 192, 70),
(933, 192, 81),
(934, 192, 20),
(935, 192, 40),
(936, 192, 79),
(937, 193, 38),
(938, 193, 8),
(939, 193, 7),
(940, 193, 70),
(941, 193, 6),
(942, 193, 28),
(943, 193, 62),
(944, 193, 12),
(945, 194, 86),
(946, 194, 7),
(947, 194, 8),
(948, 194, 79),
(949, 194, 78),
(950, 194, 77),
(951, 194, 62),
(952, 194, 2),
(953, 195, 78),
(954, 195, 77),
(955, 195, 62),
(956, 195, 4),
(957, 195, 8),
(958, 195, 70),
(959, 195, 38),
(960, 195, 47),
(961, 196, 7),
(962, 196, 38),
(963, 196, 8),
(964, 196, 70),
(965, 196, 47),
(966, 196, 6),
(967, 196, 73),
(968, 196, 50),
(969, 197, 78),
(970, 197, 21),
(971, 197, 8),
(972, 197, 74),
(973, 197, 81),
(974, 197, 2),
(975, 197, 7),
(976, 197, 12),
(977, 198, 22),
(978, 198, 70),
(979, 198, 38),
(980, 198, 81),
(981, 198, 20),
(982, 198, 4),
(983, 198, 2),
(984, 198, 74),
(985, 199, 12),
(986, 199, 81),
(987, 199, 74),
(988, 199, 6),
(989, 199, 45),
(990, 199, 7),
(991, 199, 9),
(992, 199, 8),
(993, 200, 4),
(994, 200, 8),
(995, 200, 6),
(996, 200, 78),
(997, 200, 22),
(998, 200, 70),
(999, 200, 20),
(1000, 200, 12),
(1001, 201, 4),
(1002, 201, 8),
(1003, 201, 79),
(1004, 201, 38),
(1005, 201, 12),
(1006, 201, 6),
(1007, 201, 7),
(1008, 201, 3),
(1009, 202, 20),
(1010, 202, 3),
(1011, 202, 78),
(1012, 202, 6),
(1013, 202, 25),
(1014, 202, 65),
(1015, 202, 70),
(1016, 202, 9),
(1017, 203, 58),
(1018, 203, 24),
(1019, 203, 43),
(1020, 203, 38),
(1021, 203, 77),
(1022, 203, 10),
(1023, 203, 23),
(1024, 203, 1),
(1025, 204, 4),
(1026, 204, 8),
(1027, 204, 19),
(1028, 204, 40),
(1029, 204, 41),
(1030, 204, 66),
(1031, 204, 79),
(1032, 204, 78),
(1033, 205, 78),
(1034, 205, 1),
(1035, 205, 65),
(1036, 205, 34),
(1037, 205, 36),
(1038, 205, 81),
(1039, 205, 7),
(1040, 205, 27),
(1041, 206, 1),
(1042, 206, 36),
(1043, 206, 23),
(1044, 206, 44),
(1045, 206, 33),
(1046, 206, 41),
(1047, 206, 65),
(1048, 206, 7),
(1049, 207, 1),
(1050, 207, 65),
(1051, 207, 41),
(1052, 207, 33),
(1053, 207, 81),
(1054, 207, 36),
(1055, 207, 20),
(1056, 207, 23),
(1057, 208, 15),
(1058, 208, 13),
(1059, 208, 74),
(1060, 208, 33),
(1061, 208, 27),
(1062, 208, 69),
(1063, 208, 23),
(1064, 208, 81),
(1065, 209, 66),
(1066, 209, 29),
(1067, 209, 37),
(1068, 209, 81),
(1069, 209, 33),
(1070, 209, 23),
(1071, 209, 26),
(1072, 209, 1),
(1073, 210, 21),
(1074, 210, 78),
(1075, 210, 27),
(1076, 210, 24),
(1077, 210, 1),
(1078, 210, 23),
(1079, 210, 41),
(1080, 210, 77),
(1081, 211, 10),
(1082, 211, 78),
(1083, 211, 41),
(1084, 211, 24),
(1085, 211, 77),
(1086, 211, 26),
(1087, 211, 69),
(1088, 211, 23),
(1089, 212, 33),
(1090, 212, 21),
(1091, 212, 81),
(1092, 212, 13),
(1093, 212, 72),
(1094, 212, 41),
(1095, 212, 23),
(1096, 212, 44),
(1097, 213, 36),
(1098, 213, 44),
(1099, 213, 78),
(1100, 213, 27),
(1101, 213, 13),
(1102, 213, 24),
(1103, 213, 69),
(1104, 213, 41),
(1105, 214, 65),
(1106, 214, 24),
(1107, 214, 78),
(1108, 214, 1),
(1109, 214, 27),
(1110, 214, 21),
(1111, 214, 26),
(1112, 214, 34),
(1113, 215, 27),
(1114, 215, 36),
(1115, 215, 9),
(1116, 215, 20),
(1117, 215, 41),
(1118, 215, 69),
(1119, 215, 7),
(1120, 215, 72),
(1121, 216, 78),
(1122, 216, 34),
(1123, 216, 21),
(1124, 216, 81),
(1125, 216, 27),
(1126, 216, 13),
(1127, 216, 36),
(1128, 216, 23),
(1129, 217, 72),
(1130, 217, 7),
(1131, 217, 23),
(1132, 217, 13),
(1133, 217, 65),
(1134, 217, 41),
(1135, 217, 27),
(1136, 217, 1),
(1137, 218, 7),
(1138, 218, 13),
(1139, 218, 72),
(1140, 218, 81),
(1141, 218, 24),
(1142, 218, 23),
(1143, 218, 44),
(1144, 218, 20),
(1145, 219, 27),
(1146, 219, 78),
(1147, 219, 86),
(1148, 219, 20),
(1149, 219, 37),
(1150, 219, 51),
(1151, 219, 21),
(1152, 219, 23),
(1153, 220, 7),
(1154, 220, 23),
(1155, 220, 13),
(1156, 220, 27),
(1157, 220, 1),
(1158, 220, 78),
(1159, 220, 51),
(1160, 220, 37),
(1161, 221, 36),
(1162, 221, 24),
(1163, 221, 33),
(1164, 221, 44),
(1165, 221, 20),
(1166, 221, 78),
(1167, 221, 23),
(1168, 221, 69),
(1169, 222, 78),
(1170, 222, 26),
(1171, 222, 21),
(1172, 222, 27),
(1173, 222, 55),
(1174, 222, 72),
(1175, 222, 69),
(1176, 222, 23),
(1177, 223, 21),
(1178, 223, 13),
(1179, 223, 23),
(1180, 223, 81),
(1181, 223, 24),
(1182, 223, 27),
(1183, 223, 41),
(1184, 223, 36),
(1185, 224, 1),
(1186, 224, 13),
(1187, 224, 27),
(1188, 224, 41),
(1189, 224, 69),
(1190, 224, 44),
(1191, 224, 36),
(1192, 224, 24),
(1193, 225, 36),
(1194, 225, 13),
(1195, 225, 7),
(1196, 225, 37),
(1197, 225, 44),
(1198, 225, 27),
(1199, 225, 81),
(1200, 225, 72),
(1201, 226, 81),
(1202, 226, 1),
(1203, 226, 7),
(1204, 226, 21),
(1205, 226, 78),
(1206, 226, 84),
(1207, 226, 23),
(1208, 226, 13),
(1209, 227, 7),
(1210, 227, 23),
(1211, 227, 73),
(1212, 227, 27),
(1213, 227, 72),
(1214, 227, 24),
(1215, 227, 51),
(1216, 227, 36),
(1217, 228, 1),
(1218, 228, 65),
(1219, 228, 24),
(1220, 228, 81),
(1221, 228, 7),
(1222, 228, 27),
(1223, 228, 34),
(1224, 228, 78),
(1225, 229, 13),
(1226, 229, 27),
(1227, 229, 44),
(1228, 229, 81),
(1229, 229, 20),
(1230, 229, 69),
(1231, 229, 36),
(1232, 229, 33),
(1233, 230, 69),
(1234, 230, 41),
(1235, 230, 78),
(1236, 230, 33),
(1237, 230, 60),
(1238, 230, 44),
(1239, 230, 13),
(1240, 230, 20),
(1241, 231, 1),
(1242, 231, 34),
(1243, 231, 24),
(1244, 231, 20),
(1245, 231, 13),
(1246, 231, 72),
(1247, 231, 23),
(1248, 231, 78),
(1249, 232, 1),
(1250, 232, 44),
(1251, 232, 72),
(1252, 232, 81),
(1253, 232, 27),
(1254, 232, 69),
(1255, 232, 20),
(1256, 232, 23),
(1257, 233, 21),
(1258, 233, 78),
(1259, 233, 33),
(1260, 233, 72),
(1261, 233, 34),
(1262, 233, 65),
(1263, 233, 23),
(1264, 233, 41),
(1265, 234, 41),
(1266, 234, 1),
(1267, 234, 37),
(1268, 234, 7),
(1269, 234, 81),
(1270, 234, 24),
(1271, 234, 20),
(1272, 234, 86),
(1273, 235, 1),
(1274, 235, 10),
(1275, 235, 23),
(1276, 235, 77),
(1277, 235, 78),
(1278, 235, 24),
(1279, 235, 44),
(1280, 235, 27),
(1281, 236, 65),
(1282, 236, 24),
(1283, 236, 78),
(1284, 236, 1),
(1285, 236, 27),
(1286, 236, 21),
(1287, 236, 26),
(1288, 236, 36),
(1289, 237, 66),
(1290, 237, 44),
(1291, 237, 18),
(1292, 237, 70),
(1293, 237, 16),
(1294, 237, 45),
(1295, 237, 14),
(1296, 237, 32),
(1297, 238, 8),
(1298, 238, 21),
(1299, 238, 14),
(1300, 238, 18),
(1301, 238, 27),
(1302, 238, 26),
(1303, 238, 68),
(1304, 238, 20),
(1305, 239, 20),
(1306, 239, 21),
(1307, 239, 14),
(1308, 239, 33),
(1309, 239, 68),
(1310, 239, 18),
(1311, 239, 32),
(1312, 239, 16),
(1313, 240, 20),
(1314, 240, 21),
(1315, 240, 14),
(1316, 240, 33),
(1317, 240, 68),
(1318, 240, 18),
(1319, 240, 4),
(1320, 240, 16),
(1321, 241, 9),
(1322, 241, 27),
(1323, 241, 33),
(1324, 241, 18),
(1325, 241, 32),
(1326, 241, 20),
(1327, 241, 70),
(1328, 241, 85),
(1329, 242, 18),
(1330, 242, 4),
(1331, 242, 8),
(1332, 242, 20),
(1333, 242, 16),
(1334, 242, 70),
(1335, 242, 65),
(1336, 242, 32),
(1337, 243, 32),
(1338, 243, 44),
(1339, 243, 18),
(1340, 243, 27),
(1341, 243, 70),
(1342, 243, 16),
(1343, 243, 68),
(1344, 243, 33),
(1345, 244, 18),
(1346, 244, 27),
(1347, 244, 21),
(1348, 244, 70),
(1349, 244, 16),
(1350, 244, 65),
(1351, 244, 32),
(1352, 244, 3),
(1353, 245, 65),
(1354, 245, 4),
(1355, 245, 35),
(1356, 245, 32),
(1357, 245, 70),
(1358, 245, 34),
(1359, 245, 14),
(1360, 245, 27),
(1361, 246, 27),
(1362, 246, 32),
(1363, 246, 16),
(1364, 246, 18),
(1365, 246, 4),
(1366, 246, 70),
(1367, 246, 20),
(1368, 246, 35),
(1369, 247, 65),
(1370, 247, 16),
(1371, 247, 8),
(1372, 247, 26),
(1373, 247, 27),
(1374, 247, 34),
(1375, 247, 21),
(1376, 247, 20),
(1377, 248, 44),
(1378, 248, 4),
(1379, 248, 18),
(1380, 248, 14),
(1381, 248, 32),
(1382, 248, 65),
(1383, 248, 33),
(1384, 248, 26),
(1385, 249, 18),
(1386, 249, 70),
(1387, 249, 8),
(1388, 249, 16),
(1389, 249, 21),
(1390, 249, 20),
(1391, 249, 32),
(1392, 249, 65),
(1393, 250, 10),
(1394, 250, 77),
(1395, 250, 8),
(1396, 250, 16),
(1397, 250, 48),
(1398, 250, 26),
(1399, 250, 66),
(1400, 250, 27),
(1401, 251, 65),
(1402, 251, 18),
(1403, 251, 16),
(1404, 251, 34),
(1405, 251, 35),
(1406, 251, 26),
(1407, 251, 77),
(1408, 251, 33),
(1409, 252, 20),
(1410, 252, 44),
(1411, 252, 33),
(1412, 252, 65),
(1413, 252, 32),
(1414, 252, 18),
(1415, 252, 3),
(1416, 252, 26),
(1417, 253, 4),
(1418, 253, 3),
(1419, 253, 18),
(1420, 253, 33),
(1421, 253, 34),
(1422, 253, 70),
(1423, 253, 85),
(1424, 253, 32),
(1425, 254, 32),
(1426, 254, 33),
(1427, 254, 16),
(1428, 254, 44),
(1429, 254, 70),
(1430, 254, 20),
(1431, 254, 25),
(1432, 254, 3),
(1433, 255, 16),
(1434, 255, 18),
(1435, 255, 25),
(1436, 255, 70),
(1437, 255, 45),
(1438, 255, 27),
(1439, 255, 26),
(1440, 255, 55),
(1441, 256, 18),
(1442, 256, 8),
(1443, 256, 44),
(1444, 256, 70),
(1445, 256, 14),
(1446, 256, 16),
(1447, 256, 4),
(1448, 256, 65),
(1449, 257, 18),
(1450, 257, 70),
(1451, 257, 25),
(1452, 257, 8),
(1453, 257, 33),
(1454, 257, 16),
(1455, 257, 27),
(1456, 257, 3),
(1457, 258, 32),
(1458, 258, 26),
(1459, 258, 21),
(1460, 258, 18),
(1461, 258, 77),
(1462, 258, 70),
(1463, 258, 16),
(1464, 258, 14),
(1465, 259, 70),
(1466, 259, 16),
(1467, 259, 32),
(1468, 259, 34),
(1469, 259, 20),
(1470, 259, 60),
(1471, 259, 48),
(1472, 259, 14),
(1473, 260, 70),
(1474, 260, 16),
(1475, 260, 32),
(1476, 260, 30),
(1477, 260, 20),
(1478, 260, 60),
(1479, 260, 48),
(1480, 260, 14),
(1481, 261, 44),
(1482, 261, 27),
(1483, 261, 32),
(1484, 261, 33),
(1485, 261, 20),
(1486, 261, 70),
(1487, 261, 16),
(1488, 261, 18),
(1489, 262, 33),
(1490, 262, 66),
(1491, 262, 80),
(1492, 262, 27),
(1493, 262, 29),
(1494, 262, 16),
(1495, 262, 3),
(1496, 262, 32),
(1497, 263, 27),
(1498, 263, 73),
(1499, 263, 18),
(1500, 263, 8),
(1501, 263, 16),
(1502, 263, 21),
(1503, 263, 48),
(1504, 263, 45),
(1505, 264, 4),
(1506, 264, 16),
(1507, 264, 70),
(1508, 264, 8),
(1509, 264, 20),
(1510, 264, 27),
(1511, 264, 32),
(1512, 264, 18),
(1513, 265, 21),
(1514, 265, 18),
(1515, 265, 8),
(1516, 265, 33),
(1517, 265, 26),
(1518, 265, 20),
(1519, 265, 70),
(1520, 265, 32),
(1521, 266, 8),
(1522, 266, 4),
(1523, 266, 14),
(1524, 266, 32),
(1525, 266, 20),
(1526, 266, 3),
(1527, 266, 60),
(1528, 266, 26),
(1529, 267, 18),
(1530, 267, 44),
(1531, 267, 27),
(1532, 267, 32),
(1533, 267, 20),
(1534, 267, 3),
(1535, 267, 60),
(1536, 267, 26),
(1537, 268, 10),
(1538, 268, 34),
(1539, 268, 27),
(1540, 268, 70),
(1541, 268, 8),
(1542, 268, 16),
(1543, 268, 77),
(1544, 268, 66),
(1545, 269, 1),
(1546, 269, 70),
(1547, 269, 32),
(1548, 269, 47),
(1549, 269, 57),
(1550, 269, 24),
(1551, 269, 61),
(1552, 269, 36),
(1553, 270, 65),
(1554, 270, 70),
(1555, 270, 81),
(1556, 270, 4),
(1557, 270, 7),
(1558, 270, 40),
(1559, 270, 2),
(1560, 270, 8),
(1561, 271, 1),
(1562, 271, 36),
(1563, 271, 24),
(1564, 271, 81),
(1565, 271, 70),
(1566, 271, 18),
(1567, 271, 8),
(1568, 271, 4),
(1569, 272, 1),
(1570, 272, 47),
(1571, 272, 65),
(1572, 272, 81),
(1573, 272, 6),
(1574, 272, 20),
(1575, 272, 12),
(1576, 272, 56),
(1577, 273, 36),
(1578, 273, 47),
(1579, 273, 54),
(1580, 273, 13),
(1581, 273, 18),
(1582, 273, 6),
(1583, 273, 79),
(1584, 273, 7),
(1585, 274, 18),
(1586, 274, 4),
(1587, 274, 28),
(1588, 274, 12),
(1589, 274, 1),
(1590, 274, 81),
(1591, 274, 2),
(1592, 274, 24),
(1593, 275, 15),
(1594, 275, 18),
(1595, 275, 49),
(1596, 275, 70),
(1597, 275, 24),
(1598, 275, 46),
(1599, 275, 81),
(1600, 275, 36),
(1601, 276, 70),
(1602, 276, 4),
(1603, 276, 49),
(1604, 276, 18),
(1605, 276, 46),
(1606, 276, 36),
(1607, 276, 24),
(1608, 276, 6),
(1609, 277, 13),
(1610, 277, 36),
(1611, 277, 81),
(1612, 277, 6),
(1613, 277, 75),
(1614, 277, 7),
(1615, 277, 2),
(1616, 277, 18),
(1617, 278, 47),
(1618, 278, 8),
(1619, 278, 40),
(1620, 278, 52),
(1621, 278, 79),
(1622, 278, 36),
(1623, 278, 24),
(1624, 278, 56),
(1625, 279, 8),
(1626, 279, 65),
(1627, 279, 7),
(1628, 279, 36),
(1629, 279, 70),
(1630, 279, 12),
(1631, 279, 47),
(1632, 279, 81),
(1633, 280, 1),
(1634, 280, 81),
(1635, 280, 7),
(1636, 280, 65),
(1637, 280, 15),
(1638, 280, 56),
(1639, 280, 54),
(1640, 280, 36),
(1641, 281, 54),
(1642, 281, 81),
(1643, 281, 18),
(1644, 281, 2),
(1645, 281, 40),
(1646, 281, 12),
(1647, 281, 70),
(1648, 281, 32),
(1649, 282, 1),
(1650, 282, 6),
(1651, 282, 7),
(1652, 282, 45),
(1653, 282, 81),
(1654, 282, 13),
(1655, 282, 70),
(1656, 282, 65),
(1657, 283, 54),
(1658, 283, 18),
(1659, 283, 79),
(1660, 283, 47),
(1661, 283, 32),
(1662, 283, 6),
(1663, 283, 12),
(1664, 283, 65),
(1665, 284, 4),
(1666, 284, 47),
(1667, 284, 36),
(1668, 284, 18),
(1669, 284, 49),
(1670, 284, 2),
(1671, 284, 40),
(1672, 284, 81),
(1673, 285, 54),
(1674, 285, 18),
(1675, 285, 81),
(1676, 285, 47),
(1677, 285, 36),
(1678, 285, 65),
(1679, 285, 49),
(1680, 285, 8),
(1681, 286, 7),
(1682, 286, 18),
(1683, 286, 8),
(1684, 286, 36),
(1685, 286, 57),
(1686, 286, 46),
(1687, 286, 70),
(1688, 286, 40),
(1689, 287, 7),
(1690, 287, 75),
(1691, 287, 18),
(1692, 287, 2),
(1693, 287, 24),
(1694, 287, 1),
(1695, 287, 81),
(1696, 287, 4),
(1697, 288, 12),
(1698, 288, 15),
(1699, 288, 7),
(1700, 288, 75),
(1701, 288, 32),
(1702, 288, 24),
(1703, 288, 6),
(1704, 288, 13),
(1705, 289, 75),
(1706, 289, 70),
(1707, 289, 40),
(1708, 289, 32),
(1709, 289, 8),
(1710, 289, 44),
(1711, 289, 13),
(1712, 289, 20),
(1713, 290, 4),
(1714, 290, 18),
(1715, 290, 81),
(1716, 290, 47),
(1717, 290, 36),
(1718, 290, 65),
(1719, 290, 70),
(1720, 290, 2),
(1721, 291, 6),
(1722, 291, 47),
(1723, 291, 13),
(1724, 291, 1),
(1725, 291, 61),
(1726, 291, 2),
(1727, 291, 70),
(1728, 291, 46),
(1729, 292, 6),
(1730, 292, 32),
(1731, 292, 36),
(1732, 292, 75),
(1733, 292, 44),
(1734, 292, 70),
(1735, 292, 20),
(1736, 292, 65),
(1737, 293, 4),
(1738, 293, 46),
(1739, 293, 44),
(1740, 293, 70),
(1741, 293, 81),
(1742, 293, 65),
(1743, 293, 6),
(1744, 293, 8),
(1745, 294, 4),
(1746, 294, 18),
(1747, 294, 28),
(1748, 294, 12),
(1749, 294, 1),
(1750, 294, 81),
(1751, 294, 2),
(1752, 294, 15),
(1753, 295, 49),
(1754, 295, 57),
(1755, 295, 7),
(1756, 295, 40),
(1757, 295, 1),
(1758, 295, 15),
(1759, 295, 4),
(1760, 295, 6),
(1761, 296, 13),
(1762, 296, 18),
(1763, 296, 75),
(1764, 296, 7),
(1765, 296, 8),
(1766, 296, 32),
(1767, 296, 15),
(1768, 296, 6),
(1769, 297, 13),
(1770, 297, 18),
(1771, 297, 54),
(1772, 297, 7),
(1773, 297, 8),
(1774, 297, 46),
(1775, 297, 15),
(1776, 297, 6),
(1777, 298, 18),
(1778, 298, 12),
(1779, 298, 54),
(1780, 298, 6),
(1781, 298, 1),
(1782, 298, 65),
(1783, 298, 8),
(1784, 298, 36),
(1785, 299, 4),
(1786, 299, 18),
(1787, 299, 12),
(1788, 299, 6),
(1789, 299, 70),
(1790, 299, 81),
(1791, 299, 13),
(1792, 299, 15),
(1793, 300, 12),
(1794, 300, 18),
(1795, 300, 57),
(1796, 300, 36),
(1797, 300, 81),
(1798, 300, 28),
(1799, 300, 13),
(1800, 300, 76),
(1801, 301, 12),
(1802, 301, 7),
(1803, 301, 65),
(1804, 301, 81),
(1805, 301, 40),
(1806, 301, 4),
(1807, 301, 2),
(1808, 301, 70),
(1809, 302, 8),
(1810, 302, 4),
(1811, 302, 15),
(1812, 302, 13),
(1813, 302, 81),
(1814, 302, 1),
(1815, 302, 45),
(1816, 302, 24),
(1817, 303, 2),
(1818, 303, 15),
(1819, 303, 36),
(1820, 303, 44),
(1821, 303, 12),
(1822, 303, 32),
(1823, 303, 70),
(1824, 303, 40),
(1825, 304, 70),
(1826, 304, 44),
(1827, 304, 81),
(1828, 304, 2),
(1829, 304, 20),
(1830, 304, 13),
(1831, 304, 6),
(1832, 304, 4),
(1833, 305, 47),
(1834, 305, 38),
(1835, 305, 54),
(1836, 305, 13),
(1837, 305, 35),
(1838, 305, 18),
(1839, 305, 6),
(1840, 305, 22),
(1841, 306, 32),
(1842, 306, 20),
(1843, 306, 23),
(1844, 306, 22),
(1845, 306, 65),
(1846, 306, 44),
(1847, 306, 6),
(1848, 306, 54),
(1849, 307, 56),
(1850, 307, 40),
(1851, 307, 81),
(1852, 307, 54),
(1853, 307, 13),
(1854, 307, 74),
(1855, 307, 15),
(1856, 307, 65),
(1857, 308, 13),
(1858, 308, 74),
(1859, 308, 15),
(1860, 308, 14),
(1861, 308, 81),
(1862, 308, 6),
(1863, 308, 45),
(1864, 308, 35),
(1865, 309, 23),
(1866, 309, 18),
(1867, 309, 38),
(1868, 309, 73),
(1869, 309, 47),
(1870, 309, 35),
(1871, 309, 4),
(1872, 309, 13),
(1873, 310, 4),
(1874, 310, 38),
(1875, 310, 81),
(1876, 310, 44),
(1877, 310, 18),
(1878, 310, 65),
(1879, 310, 13),
(1880, 310, 6),
(1881, 311, 6),
(1882, 311, 13),
(1883, 311, 15),
(1884, 311, 22),
(1885, 311, 18),
(1886, 311, 81),
(1887, 311, 47),
(1888, 311, 35),
(1889, 312, 6),
(1890, 312, 65),
(1891, 312, 47),
(1892, 312, 32),
(1893, 312, 74),
(1894, 312, 81),
(1895, 312, 44),
(1896, 312, 20),
(1897, 313, 54),
(1898, 313, 18),
(1899, 313, 22),
(1900, 313, 15),
(1901, 313, 6),
(1902, 313, 81),
(1903, 313, 65),
(1904, 313, 32),
(1905, 314, 18),
(1906, 314, 62),
(1907, 314, 22),
(1908, 314, 2),
(1909, 314, 81),
(1910, 314, 45),
(1911, 314, 20),
(1912, 314, 4),
(1913, 315, 65),
(1914, 315, 38),
(1915, 315, 22),
(1916, 315, 47),
(1917, 315, 18),
(1918, 315, 81),
(1919, 315, 13),
(1920, 315, 54),
(1921, 316, 18),
(1922, 316, 28),
(1923, 316, 81),
(1924, 316, 22),
(1925, 316, 6),
(1926, 316, 13),
(1927, 316, 20),
(1928, 316, 44),
(1929, 317, 4),
(1930, 317, 18),
(1931, 317, 62),
(1932, 317, 74),
(1933, 317, 2),
(1934, 317, 6),
(1935, 317, 80),
(1936, 317, 81),
(1937, 318, 81),
(1938, 318, 77),
(1939, 318, 35),
(1940, 318, 4),
(1941, 318, 13),
(1942, 318, 32),
(1943, 318, 40),
(1944, 318, 15),
(1945, 319, 39),
(1946, 319, 13),
(1947, 319, 22),
(1948, 319, 40),
(1949, 319, 4),
(1950, 319, 6),
(1951, 319, 15),
(1952, 319, 32),
(1953, 320, 4),
(1954, 320, 18),
(1955, 320, 28),
(1956, 320, 81),
(1957, 320, 22),
(1958, 320, 15),
(1959, 320, 32),
(1960, 320, 2),
(1961, 321, 15),
(1962, 321, 18),
(1963, 321, 6),
(1964, 321, 47),
(1965, 321, 44),
(1966, 321, 13),
(1967, 321, 32),
(1968, 321, 81),
(1969, 322, 18),
(1970, 322, 54),
(1971, 322, 81),
(1972, 322, 32),
(1973, 322, 40),
(1974, 322, 38),
(1975, 322, 13),
(1976, 322, 47),
(1977, 323, 13),
(1978, 323, 38),
(1979, 323, 62),
(1980, 323, 18),
(1981, 323, 23),
(1982, 323, 4),
(1983, 323, 32),
(1984, 323, 81),
(1985, 324, 40),
(1986, 324, 44),
(1987, 324, 2),
(1988, 324, 81),
(1989, 324, 11),
(1990, 324, 62),
(1991, 324, 4),
(1992, 324, 18),
(1993, 325, 22),
(1994, 325, 14),
(1995, 325, 39),
(1996, 325, 18),
(1997, 325, 44),
(1998, 325, 81),
(1999, 325, 2),
(2000, 325, 65),
(2001, 326, 54),
(2002, 326, 65),
(2003, 326, 18),
(2004, 326, 40),
(2005, 326, 47),
(2006, 326, 6),
(2007, 326, 32),
(2008, 326, 45),
(2009, 327, 54),
(2010, 327, 18),
(2011, 327, 47),
(2012, 327, 35),
(2013, 327, 6),
(2014, 327, 81),
(2015, 327, 65),
(2016, 327, 32),
(2017, 328, 2),
(2018, 328, 18),
(2019, 328, 35),
(2020, 328, 22),
(2021, 328, 4),
(2022, 328, 23),
(2023, 328, 77),
(2024, 328, 32),
(2025, 329, 78),
(2026, 329, 1),
(2027, 329, 18),
(2028, 329, 19),
(2029, 329, 75),
(2030, 329, 7),
(2031, 329, 24),
(2032, 329, 81),
(2033, 330, 10),
(2034, 330, 38),
(2035, 330, 18),
(2036, 330, 23),
(2037, 330, 77),
(2038, 330, 81),
(2039, 330, 47),
(2040, 330, 62),
(2041, 331, 15),
(2042, 331, 20),
(2043, 331, 74),
(2044, 331, 23),
(2045, 331, 13),
(2046, 331, 81),
(2047, 331, 2),
(2048, 331, 44),
(2049, 332, 54),
(2050, 332, 4),
(2051, 332, 15),
(2052, 332, 22),
(2053, 332, 38),
(2054, 332, 13),
(2055, 332, 81),
(2056, 332, 14),
(2057, 333, 18),
(2058, 333, 13),
(2059, 333, 81),
(2060, 333, 6),
(2061, 333, 4),
(2062, 333, 15),
(2063, 333, 74),
(2064, 333, 20),
(2065, 334, 47),
(2066, 334, 54),
(2067, 334, 38),
(2068, 334, 32),
(2069, 334, 20),
(2070, 334, 13),
(2071, 334, 81),
(2072, 334, 6),
(2073, 335, 6),
(2074, 335, 13),
(2075, 335, 22),
(2076, 335, 44),
(2077, 335, 18),
(2078, 335, 2),
(2079, 335, 38),
(2080, 335, 15),
(2081, 336, 22),
(2082, 336, 13),
(2083, 336, 38),
(2084, 336, 44),
(2085, 336, 81),
(2086, 336, 20),
(2087, 336, 2),
(2088, 336, 74),
(2089, 337, 5),
(2090, 337, 50),
(2091, 337, 43),
(2092, 337, 6),
(2093, 337, 78),
(2094, 337, 32),
(2095, 337, 7),
(2096, 337, 41),
(2097, 338, 42),
(2098, 338, 63),
(2099, 338, 36),
(2100, 338, 6),
(2101, 338, 44),
(2102, 338, 32),
(2103, 338, 78),
(2104, 338, 41),
(2105, 339, 22),
(2106, 339, 4),
(2107, 339, 23),
(2108, 339, 8),
(2109, 339, 78),
(2110, 339, 33),
(2111, 339, 82),
(2112, 339, 7),
(2113, 340, 43),
(2114, 340, 23),
(2115, 340, 4),
(2116, 340, 8),
(2117, 340, 78),
(2118, 340, 36),
(2119, 340, 44),
(2120, 340, 66),
(2121, 341, 7),
(2122, 341, 5),
(2123, 341, 36),
(2124, 341, 49),
(2125, 341, 6),
(2126, 341, 78),
(2127, 341, 76),
(2128, 341, 23),
(2129, 342, 33),
(2130, 342, 22),
(2131, 342, 6),
(2132, 342, 78),
(2133, 342, 42),
(2134, 342, 40),
(2135, 342, 43),
(2136, 342, 44),
(2137, 343, 12),
(2138, 343, 22),
(2139, 343, 41),
(2140, 343, 36),
(2141, 343, 42),
(2142, 343, 78),
(2143, 343, 13),
(2144, 343, 44),
(2145, 344, 4),
(2146, 344, 7),
(2147, 344, 8),
(2148, 344, 43),
(2149, 344, 78),
(2150, 344, 12),
(2151, 344, 42),
(2152, 344, 14),
(2153, 345, 36),
(2154, 345, 32),
(2155, 345, 6),
(2156, 345, 44),
(2157, 345, 5),
(2158, 345, 76),
(2159, 345, 9),
(2160, 345, 23),
(2161, 346, 44),
(2162, 346, 22),
(2163, 346, 63),
(2164, 346, 32),
(2165, 346, 78),
(2166, 346, 6),
(2167, 346, 40),
(2168, 346, 12),
(2169, 347, 4),
(2170, 347, 12),
(2171, 347, 42),
(2172, 347, 79),
(2173, 347, 22),
(2174, 347, 6),
(2175, 347, 23),
(2176, 347, 32),
(2177, 348, 42),
(2178, 348, 36),
(2179, 348, 44),
(2180, 348, 32),
(2181, 348, 13),
(2182, 348, 8),
(2183, 348, 79),
(2184, 348, 78),
(2185, 349, 4),
(2186, 349, 44),
(2187, 349, 8),
(2188, 349, 79),
(2189, 349, 78),
(2190, 349, 12),
(2191, 349, 6),
(2192, 349, 42),
(2193, 350, 78),
(2194, 350, 22),
(2195, 350, 36),
(2196, 350, 7),
(2197, 350, 8),
(2198, 350, 12),
(2199, 350, 43),
(2200, 350, 13),
(2201, 351, 4),
(2202, 351, 7),
(2203, 351, 36),
(2204, 351, 40),
(2205, 351, 50),
(2206, 351, 42),
(2207, 351, 86),
(2208, 351, 82),
(2209, 352, 32),
(2210, 352, 14),
(2211, 352, 50),
(2212, 352, 36),
(2213, 352, 44),
(2214, 352, 63),
(2215, 352, 82),
(2216, 352, 42),
(2217, 353, 22),
(2218, 353, 4),
(2219, 353, 6),
(2220, 353, 78),
(2221, 353, 33),
(2222, 353, 42),
(2223, 353, 8),
(2224, 353, 12),
(2225, 354, 12),
(2226, 354, 22),
(2227, 354, 13),
(2228, 354, 40),
(2229, 354, 43),
(2230, 354, 49),
(2231, 354, 5),
(2232, 354, 6),
(2233, 355, 12),
(2234, 355, 7),
(2235, 355, 43),
(2236, 355, 14),
(2237, 355, 13),
(2238, 355, 82),
(2239, 355, 6),
(2240, 355, 78),
(2241, 356, 36),
(2242, 356, 43),
(2243, 356, 8),
(2244, 356, 13),
(2245, 356, 6),
(2246, 356, 12),
(2247, 356, 7),
(2248, 356, 79),
(2249, 357, 5),
(2250, 357, 8),
(2251, 357, 22),
(2252, 357, 12),
(2253, 357, 84),
(2254, 357, 42),
(2255, 357, 82),
(2256, 357, 78),
(2257, 358, 8),
(2258, 358, 13),
(2259, 358, 22),
(2260, 358, 5),
(2261, 358, 36),
(2262, 358, 43),
(2263, 358, 42),
(2264, 358, 49),
(2265, 359, 49),
(2266, 359, 78),
(2267, 359, 5),
(2268, 359, 43),
(2269, 359, 14),
(2270, 359, 7),
(2271, 359, 6),
(2272, 359, 32),
(2273, 360, 78),
(2274, 360, 5),
(2275, 360, 8),
(2276, 360, 79),
(2277, 360, 41),
(2278, 360, 12),
(2279, 360, 6),
(2280, 360, 42),
(2281, 361, 13),
(2282, 361, 40),
(2283, 361, 22),
(2284, 361, 42),
(2285, 361, 79),
(2286, 361, 8),
(2287, 361, 32),
(2288, 361, 7),
(2289, 362, 5),
(2290, 362, 8),
(2291, 362, 43),
(2292, 362, 49),
(2293, 362, 78),
(2294, 362, 36),
(2295, 362, 33),
(2296, 362, 41),
(2297, 363, 78),
(2298, 363, 6),
(2299, 363, 42),
(2300, 363, 43),
(2301, 363, 22),
(2302, 363, 44),
(2303, 363, 13),
(2304, 363, 82),
(2305, 364, 8),
(2306, 364, 4),
(2307, 364, 12),
(2308, 364, 22),
(2309, 364, 41),
(2310, 364, 79),
(2311, 364, 78),
(2312, 364, 32),
(2313, 365, 8),
(2314, 365, 22),
(2315, 365, 13),
(2316, 365, 32),
(2317, 365, 42),
(2318, 365, 36),
(2319, 365, 6),
(2320, 365, 78),
(2321, 366, 13),
(2322, 366, 22),
(2323, 366, 44),
(2324, 366, 32),
(2325, 366, 42),
(2326, 366, 23),
(2327, 366, 86),
(2328, 366, 36),
(2329, 367, 42),
(2330, 367, 50),
(2331, 367, 33),
(2332, 367, 6),
(2333, 367, 22),
(2334, 367, 12),
(2335, 367, 7),
(2336, 367, 4),
(2337, 368, 50),
(2338, 368, 72),
(2339, 368, 6),
(2340, 368, 42),
(2341, 368, 71),
(2342, 368, 21),
(2343, 368, 19),
(2344, 368, 33),
(2345, 369, 1),
(2346, 369, 71),
(2347, 369, 18),
(2348, 369, 19),
(2349, 369, 75),
(2350, 369, 7),
(2351, 369, 24),
(2352, 369, 81),
(2353, 370, 63),
(2354, 370, 22),
(2355, 370, 75),
(2356, 370, 35),
(2357, 370, 26),
(2358, 370, 40),
(2359, 370, 32),
(2360, 370, 36),
(2361, 371, 33),
(2362, 371, 74),
(2363, 371, 42),
(2364, 371, 78),
(2365, 371, 70),
(2366, 371, 32),
(2367, 371, 38),
(2368, 371, 21),
(2369, 372, 78),
(2370, 372, 21),
(2371, 372, 24),
(2372, 372, 38),
(2373, 372, 26),
(2374, 372, 42),
(2375, 372, 22),
(2376, 372, 71),
(2377, 373, 74),
(2378, 373, 16),
(2379, 373, 36),
(2380, 373, 5),
(2381, 373, 15),
(2382, 373, 71),
(2383, 373, 26),
(2384, 373, 78),
(2385, 374, 5),
(2386, 374, 22),
(2387, 374, 8),
(2388, 374, 32),
(2389, 374, 47),
(2390, 374, 70),
(2391, 374, 13),
(2392, 374, 42),
(2393, 375, 71),
(2394, 375, 47),
(2395, 375, 22),
(2396, 375, 70),
(2397, 375, 38),
(2398, 375, 42),
(2399, 375, 16),
(2400, 375, 13),
(2401, 376, 5),
(2402, 376, 8),
(2403, 376, 47),
(2404, 376, 16),
(2405, 376, 70),
(2406, 376, 40),
(2407, 376, 78),
(2408, 376, 52),
(2409, 377, 13),
(2410, 377, 16),
(2411, 377, 22),
(2412, 377, 40),
(2413, 377, 70),
(2414, 377, 75),
(2415, 377, 36),
(2416, 377, 15),
(2417, 378, 13),
(2418, 378, 38),
(2419, 378, 7),
(2420, 378, 8),
(2421, 378, 70),
(2422, 378, 42),
(2423, 378, 15),
(2424, 378, 75),
(2425, 379, 22),
(2426, 379, 75),
(2427, 379, 13),
(2428, 379, 78),
(2429, 379, 42),
(2430, 379, 36),
(2431, 379, 40),
(2432, 379, 15),
(2433, 380, 66),
(2434, 380, 7),
(2435, 380, 15),
(2436, 380, 22),
(2437, 380, 71),
(2438, 380, 24),
(2439, 380, 13),
(2440, 380, 16),
(2441, 381, 33),
(2442, 381, 22),
(2443, 381, 78),
(2444, 381, 40),
(2445, 381, 44),
(2446, 381, 15),
(2447, 381, 51),
(2448, 381, 52),
(2449, 382, 20),
(2450, 382, 42),
(2451, 382, 74),
(2452, 382, 71),
(2453, 382, 47),
(2454, 382, 36),
(2455, 382, 33),
(2456, 382, 15),
(2457, 383, 42),
(2458, 383, 78),
(2459, 383, 5),
(2460, 383, 74),
(2461, 383, 13),
(2462, 383, 47),
(2463, 383, 24),
(2464, 383, 15),
(2465, 384, 16),
(2466, 384, 22),
(2467, 384, 70),
(2468, 384, 32),
(2469, 384, 24),
(2470, 384, 47),
(2471, 384, 42),
(2472, 384, 30),
(2473, 385, 78),
(2474, 385, 42),
(2475, 385, 8),
(2476, 385, 33),
(2477, 385, 74),
(2478, 385, 44),
(2479, 385, 40),
(2480, 385, 71),
(2481, 386, 22),
(2482, 386, 8),
(2483, 386, 36),
(2484, 386, 5),
(2485, 386, 15),
(2486, 386, 71),
(2487, 386, 42),
(2488, 386, 78),
(2489, 387, 21),
(2490, 387, 16),
(2491, 387, 13),
(2492, 387, 22),
(2493, 387, 40),
(2494, 387, 78),
(2495, 387, 26),
(2496, 387, 70),
(2497, 388, 8),
(2498, 388, 22),
(2499, 388, 15),
(2500, 388, 71),
(2501, 388, 44),
(2502, 388, 42),
(2503, 388, 39),
(2504, 388, 74),
(2505, 389, 42),
(2506, 389, 35),
(2507, 389, 32),
(2508, 389, 22),
(2509, 389, 71),
(2510, 389, 15),
(2511, 389, 16),
(2512, 389, 75),
(2513, 390, 13),
(2514, 390, 22),
(2515, 390, 38),
(2516, 390, 44),
(2517, 390, 42),
(2518, 390, 74),
(2519, 390, 70),
(2520, 390, 32),
(2521, 391, 32),
(2522, 391, 42),
(2523, 391, 40),
(2524, 391, 22),
(2525, 391, 70),
(2526, 391, 75),
(2527, 391, 9),
(2528, 391, 36),
(2529, 392, 8),
(2530, 392, 42),
(2531, 392, 74),
(2532, 392, 5),
(2533, 392, 44),
(2534, 392, 70),
(2535, 392, 32),
(2536, 392, 16),
(2537, 393, 36),
(2538, 393, 22),
(2539, 393, 16),
(2540, 393, 15),
(2541, 393, 20),
(2542, 393, 71),
(2543, 393, 44),
(2544, 393, 47),
(2545, 394, 40),
(2546, 394, 78),
(2547, 394, 70),
(2548, 394, 15),
(2549, 394, 22),
(2550, 394, 16),
(2551, 394, 21),
(2552, 394, 13),
(2553, 395, 8),
(2554, 395, 7),
(2555, 395, 15),
(2556, 395, 16),
(2557, 395, 71),
(2558, 395, 13),
(2559, 395, 24),
(2560, 395, 38),
(2561, 396, 75),
(2562, 396, 22),
(2563, 396, 8),
(2564, 396, 20),
(2565, 396, 35),
(2566, 396, 78),
(2567, 396, 24),
(2568, 396, 42),
(2569, 397, 70),
(2570, 397, 8),
(2571, 397, 42),
(2572, 397, 15),
(2573, 397, 78),
(2574, 397, 22),
(2575, 397, 75),
(2576, 397, 33),
(2577, 398, 78),
(2578, 398, 22),
(2579, 398, 75),
(2580, 398, 36),
(2581, 398, 70),
(2582, 398, 44),
(2583, 398, 20),
(2584, 398, 32),
(2585, 399, 78),
(2586, 399, 40),
(2587, 399, 16),
(2588, 399, 22),
(2589, 399, 70),
(2590, 399, 5),
(2591, 399, 15),
(2592, 399, 13),
(2593, 400, 15),
(2594, 400, 74),
(2595, 400, 33),
(2596, 400, 42),
(2597, 400, 16),
(2598, 400, 30),
(2599, 400, 71),
(2600, 400, 40),
(2601, 401, 42),
(2602, 401, 33),
(2603, 401, 21),
(2604, 401, 8),
(2605, 401, 15),
(2606, 401, 71),
(2607, 401, 16),
(2608, 401, 22),
(2609, 402, 29),
(2610, 402, 5),
(2611, 402, 42),
(2612, 402, 24),
(2613, 402, 26),
(2614, 402, 78),
(2615, 402, 16),
(2616, 402, 20),
(2617, 403, 35),
(2618, 403, 8),
(2619, 403, 36),
(2620, 403, 21),
(2621, 403, 15),
(2622, 403, 32),
(2623, 403, 42),
(2624, 403, 78),
(2625, 404, 78),
(2626, 404, 16),
(2627, 404, 19),
(2628, 404, 71),
(2629, 404, 14),
(2630, 404, 72),
(2631, 404, 18),
(2632, 404, 10),
(2633, 405, 23),
(2634, 405, 72),
(2635, 405, 16),
(2636, 405, 36),
(2637, 405, 69),
(2638, 405, 7),
(2639, 405, 74),
(2640, 405, 71),
(2641, 406, 15),
(2642, 406, 23),
(2643, 406, 69),
(2644, 406, 33),
(2645, 406, 27),
(2646, 406, 42),
(2647, 406, 25),
(2648, 406, 12),
(2649, 407, 21),
(2650, 407, 22),
(2651, 407, 46),
(2652, 407, 18),
(2653, 407, 2),
(2654, 407, 70),
(2655, 407, 1),
(2656, 407, 79),
(2657, 408, 12),
(2658, 408, 15),
(2659, 408, 16),
(2660, 408, 7),
(2661, 408, 70),
(2662, 408, 46),
(2663, 408, 42),
(2664, 408, 59),
(2665, 409, 1),
(2666, 409, 18),
(2667, 409, 23),
(2668, 409, 36),
(2669, 409, 58),
(2670, 409, 27),
(2671, 409, 38),
(2672, 409, 15),
(2673, 410, 49),
(2674, 410, 1),
(2675, 410, 27),
(2676, 410, 22),
(2677, 410, 16),
(2678, 410, 12),
(2679, 410, 70),
(2680, 410, 40),
(2681, 411, 54),
(2682, 411, 12),
(2683, 411, 22),
(2684, 411, 70),
(2685, 411, 36),
(2686, 411, 16),
(2687, 411, 7),
(2688, 411, 18),
(2689, 412, 1),
(2690, 412, 49),
(2691, 412, 59),
(2692, 412, 12),
(2693, 412, 36),
(2694, 412, 22),
(2695, 412, 27),
(2696, 412, 33),
(2697, 413, 16),
(2698, 413, 18),
(2699, 413, 46),
(2700, 413, 7),
(2701, 413, 70),
(2702, 413, 8),
(2703, 413, 42),
(2704, 413, 59),
(2705, 414, 5),
(2706, 414, 16),
(2707, 414, 79),
(2708, 414, 36),
(2709, 414, 40),
(2710, 414, 27),
(2711, 414, 56),
(2712, 414, 8),
(2713, 415, 7),
(2714, 415, 2),
(2715, 415, 40),
(2716, 415, 1),
(2717, 415, 46),
(2718, 415, 5),
(2719, 415, 36),
(2720, 415, 27),
(2721, 416, 33),
(2722, 416, 21),
(2723, 416, 70),
(2724, 416, 23),
(2725, 416, 46),
(2726, 416, 22),
(2727, 416, 40),
(2728, 416, 49),
(2729, 417, 70),
(2730, 417, 22),
(2731, 417, 27),
(2732, 417, 42),
(2733, 417, 38),
(2734, 417, 36),
(2735, 417, 33),
(2736, 417, 2),
(2737, 418, 1),
(2738, 418, 17),
(2739, 418, 18),
(2740, 418, 70),
(2741, 418, 33),
(2742, 418, 27),
(2743, 418, 15),
(2744, 418, 22),
(2745, 419, 18),
(2746, 419, 70),
(2747, 419, 12),
(2748, 419, 25),
(2749, 419, 42),
(2750, 419, 33),
(2751, 419, 69),
(2752, 419, 49),
(2753, 420, 25),
(2754, 420, 46),
(2755, 420, 8),
(2756, 420, 69),
(2757, 420, 42),
(2758, 420, 1),
(2759, 420, 12),
(2760, 420, 40),
(2761, 421, 16),
(2762, 421, 22),
(2763, 421, 70),
(2764, 421, 15),
(2765, 421, 49),
(2766, 421, 18),
(2767, 421, 36),
(2768, 421, 27),
(2769, 422, 21),
(2770, 422, 46),
(2771, 422, 18),
(2772, 422, 49),
(2773, 422, 70),
(2774, 422, 1),
(2775, 422, 42),
(2776, 422, 16),
(2777, 423, 17),
(2778, 423, 18),
(2779, 423, 27),
(2780, 423, 70),
(2781, 423, 1),
(2782, 423, 23),
(2783, 423, 58),
(2784, 423, 15),
(2785, 424, 70),
(2786, 424, 69),
(2787, 424, 27),
(2788, 424, 18),
(2789, 424, 56),
(2790, 424, 40),
(2791, 424, 21),
(2792, 424, 49),
(2793, 425, 1),
(2794, 425, 56),
(2795, 425, 54),
(2796, 425, 36),
(2797, 425, 7),
(2798, 425, 79),
(2799, 425, 70),
(2800, 425, 18),
(2801, 426, 22),
(2802, 426, 70),
(2803, 426, 49),
(2804, 426, 5),
(2805, 426, 18),
(2806, 426, 27),
(2807, 426, 42),
(2808, 426, 3),
(2809, 427, 42),
(2810, 427, 40),
(2811, 427, 22),
(2812, 427, 70),
(2813, 427, 9),
(2814, 427, 7),
(2815, 427, 27),
(2816, 427, 49),
(2817, 428, 22),
(2818, 428, 27),
(2819, 428, 33),
(2820, 428, 40),
(2821, 428, 8),
(2822, 428, 23),
(2823, 428, 54),
(2824, 428, 2),
(2825, 429, 22),
(2826, 429, 36),
(2827, 429, 54),
(2828, 429, 70),
(2829, 429, 40),
(2830, 429, 3),
(2831, 429, 27),
(2832, 429, 16),
(2833, 430, 12),
(2834, 430, 1),
(2835, 430, 18),
(2836, 430, 17),
(2837, 430, 79),
(2838, 430, 22),
(2839, 430, 40),
(2840, 430, 15),
(2841, 431, 5),
(2842, 431, 1),
(2843, 431, 2),
(2844, 431, 15),
(2845, 431, 23),
(2846, 431, 76),
(2847, 431, 79),
(2848, 431, 12),
(2849, 432, 61),
(2850, 432, 22),
(2851, 432, 8),
(2852, 432, 18),
(2853, 432, 42),
(2854, 432, 70),
(2855, 432, 1),
(2856, 432, 16),
(2857, 433, 17),
(2858, 433, 18),
(2859, 433, 27),
(2860, 433, 49),
(2861, 433, 23),
(2862, 433, 70),
(2863, 433, 1),
(2864, 433, 58),
(2865, 434, 3),
(2866, 434, 10),
(2867, 434, 19),
(2868, 434, 27),
(2869, 434, 78),
(2870, 434, 70),
(2871, 434, 9),
(2872, 434, 49),
(2873, 435, 33),
(2874, 435, 21),
(2875, 435, 83),
(2876, 435, 12),
(2877, 435, 42),
(2878, 435, 70),
(2879, 435, 16),
(2880, 435, 49),
(2889, 436, 16),
(2890, 436, 36),
(2891, 436, 15),
(2892, 436, 22),
(2893, 436, 2),
(2894, 436, 17),
(2895, 436, 70),
(2896, 436, 40),
(2897, 437, 42),
(2898, 437, 7),
(2899, 437, 18),
(2900, 437, 38),
(2901, 437, 15),
(2902, 437, 16),
(2903, 437, 1),
(2904, 437, 70),
(2905, 438, 27),
(2906, 438, 21),
(2907, 438, 46),
(2908, 438, 55),
(2909, 438, 17),
(2910, 438, 83),
(2911, 438, 70),
(2912, 438, 79),
(2913, 439, 22),
(2914, 439, 12),
(2915, 439, 18),
(2916, 439, 49),
(2917, 439, 17),
(2918, 439, 1),
(2919, 439, 70),
(2920, 439, 42);

-- --------------------------------------------------------

--
-- Table structure for table `decks`
--

CREATE TABLE `decks` (
  `id` int(6) NOT NULL,
  `player_id` int(5) NOT NULL,
  `current` tinyint(1) NOT NULL
) ENGINE=InnoDB DEFAULT CHARSET=latin1;

--
-- Dumping data for table `decks`
--

INSERT INTO `decks` (`id`, `player_id`, `current`) VALUES
(1, 3, 0),
(2, 2, 1),
(3, 14, 1),
(4, 4, 0),
(14, 17, 1),
(15, 27, 1),
(16, 37, 1),
(17, 42, 0),
(18, 41, 1),
(19, 38, 1),
(20, 42, 0),
(21, 39, 0),
(22, 33, 1),
(23, 42, 0),
(24, 605, 1),
(25, 9, 1),
(26, 1, 1),
(27, 3, 0),
(31, 30, 1),
(37, 21, 1),
(38, 42, 0),
(39, 4, 1),
(40, 4, 0),
(41, 12, 1),
(98, 610, 0),
(99, 610, 0),
(100, 610, 0),
(101, 610, 0),
(102, 610, 0),
(103, 610, 0),
(104, 610, 0),
(105, 610, 0),
(106, 610, 0),
(107, 610, 0),
(108, 610, 0),
(109, 610, 0),
(110, 610, 0),
(111, 610, 0),
(112, 610, 0),
(113, 610, 0),
(114, 610, 0),
(115, 610, 0),
(116, 610, 0),
(117, 610, 0),
(118, 610, 0),
(119, 610, 0),
(120, 610, 0),
(121, 610, 0),
(124, 610, 0),
(125, 610, 0),
(126, 611, 1),
(127, 7, 1),
(128, 610, 0),
(129, 16, 1),
(130, 36, 1),
(131, 42, 0),
(132, 8, 1),
(133, 18, 1),
(134, 27, 0),
(135, 610, 0),
(136, 610, 0),
(137, 610, 0),
(138, 610, 0),
(139, 610, 0),
(140, 610, 0),
(141, 610, 0),
(142, 610, 0),
(143, 610, 0),
(144, 610, 0),
(145, 610, 0),
(146, 610, 0),
(147, 610, 0),
(148, 610, 0),
(149, 610, 0),
(150, 610, 0),
(151, 610, 0),
(152, 610, 0),
(153, 610, 0),
(154, 610, 0),
(155, 610, 0),
(156, 610, 0),
(157, 610, 0),
(158, 610, 0),
(159, 610, 0),
(160, 610, 0),
(161, 610, 0),
(162, 610, 0),
(163, 610, 0),
(164, 610, 0),
(165, 610, 0),
(166, 610, 0),
(167, 610, 0),
(168, 610, 0),
(169, 5, 1),
(170, 42, 1),
(171, 610, 0),
(172, 610, 0),
(173, 610, 0),
(174, 610, 0),
(175, 610, 0),
(176, 610, 0),
(177, 610, 0),
(178, 610, 0),
(179, 610, 0),
(180, 610, 0),
(181, 610, 0),
(182, 610, 0),
(183, 610, 0),
(184, 610, 0),
(185, 610, 0),
(186, 610, 0),
(187, 610, 0),
(188, 610, 0),
(189, 610, 0),
(190, 610, 0),
(191, 610, 0),
(192, 610, 0),
(193, 610, 0),
(194, 610, 0),
(195, 610, 0),
(196, 610, 0),
(197, 610, 0),
(198, 610, 0),
(199, 610, 0),
(200, 610, 0),
(201, 610, 0),
(202, 610, 0),
(203, 19, 1),
(204, 6, 1),
(205, 610, 0),
(206, 610, 0),
(207, 610, 0),
(208, 973, 1),
(209, 610, 0),
(210, 610, 0),
(211, 610, 0),
(212, 610, 0),
(213, 610, 0),
(214, 610, 0),
(215, 610, 0),
(216, 610, 0),
(217, 610, 0),
(218, 610, 0),
(219, 610, 0),
(220, 610, 0),
(221, 610, 0),
(222, 610, 0),
(223, 610, 0),
(224, 610, 0),
(225, 610, 0),
(226, 610, 0),
(227, 610, 0),
(228, 610, 0),
(229, 610, 0),
(230, 610, 0),
(231, 610, 0),
(232, 610, 0),
(233, 610, 0),
(234, 610, 0),
(235, 610, 0),
(236, 610, 0),
(237, 610, 0),
(238, 610, 0),
(239, 610, 0),
(240, 610, 0),
(241, 610, 0),
(242, 610, 0),
(243, 610, 0),
(244, 610, 0),
(245, 610, 0),
(246, 610, 0),
(247, 610, 0),
(248, 610, 0),
(249, 610, 0),
(250, 610, 0),
(251, 610, 0),
(252, 610, 0),
(253, 610, 0),
(254, 610, 0),
(255, 610, 0),
(256, 610, 0),
(257, 610, 0),
(258, 610, 0),
(259, 610, 0),
(260, 610, 0),
(261, 610, 0),
(262, 610, 0),
(263, 610, 0),
(264, 610, 0),
(265, 610, 0),
(266, 610, 0),
(267, 610, 0),
(268, 610, 0),
(269, 610, 0),
(270, 610, 0),
(271, 610, 0),
(272, 610, 0),
(273, 610, 0),
(274, 610, 0),
(275, 610, 0),
(276, 610, 0),
(277, 610, 0),
(278, 610, 0),
(279, 610, 0),
(280, 610, 0),
(281, 610, 0),
(282, 610, 0),
(283, 610, 0),
(284, 610, 0),
(285, 610, 0),
(286, 610, 0),
(287, 610, 0),
(288, 610, 0),
(289, 610, 0),
(290, 610, 0),
(291, 610, 0),
(292, 610, 0),
(293, 610, 0),
(294, 610, 0),
(295, 610, 0),
(296, 610, 0),
(297, 610, 0),
(298, 610, 0),
(299, 610, 0),
(300, 610, 0),
(301, 610, 0),
(302, 610, 0),
(303, 610, 0),
(304, 610, 0),
(305, 610, 0),
(306, 610, 0),
(307, 610, 0),
(308, 610, 0),
(309, 610, 0),
(310, 610, 0),
(311, 610, 0),
(312, 610, 0),
(313, 610, 0),
(314, 610, 0),
(315, 610, 0),
(316, 610, 0),
(317, 610, 0),
(318, 610, 0),
(319, 610, 0),
(320, 610, 0),
(321, 610, 0),
(322, 610, 0),
(323, 610, 0),
(324, 610, 0),
(325, 610, 0),
(326, 610, 0),
(327, 610, 0),
(328, 610, 0),
(329, 27, 0),
(330, 610, 0),
(331, 610, 0),
(332, 610, 0),
(333, 610, 0),
(334, 610, 0),
(335, 610, 0),
(336, 610, 0),
(337, 610, 0),
(338, 610, 0),
(339, 610, 0),
(340, 610, 0),
(341, 610, 0),
(342, 610, 0),
(343, 610, 0),
(344, 610, 0),
(345, 610, 0),
(346, 610, 0),
(347, 610, 0),
(348, 610, 0),
(349, 610, 0),
(350, 610, 0),
(351, 610, 0),
(352, 610, 0),
(353, 610, 0),
(354, 610, 0),
(355, 610, 0),
(356, 610, 0),
(357, 610, 0),
(358, 610, 0),
(359, 610, 0),
(360, 610, 0),
(361, 610, 0),
(362, 610, 0),
(363, 610, 0),
(364, 610, 0),
(365, 610, 0),
(366, 610, 0),
(367, 610, 0),
(368, 39, 1),
(369, 27, 0),
(370, 610, 0),
(371, 610, 0),
(372, 610, 0),
(373, 610, 0),
(374, 610, 0),
(375, 610, 0),
(376, 610, 0),
(377, 610, 0),
(378, 610, 0),
(379, 610, 0),
(380, 610, 0),
(381, 610, 0),
(382, 610, 0),
(383, 610, 0),
(384, 610, 0),
(385, 610, 0),
(386, 610, 0),
(387, 610, 0),
(388, 610, 0),
(389, 610, 0),
(390, 610, 0),
(391, 610, 0),
(392, 610, 0),
(393, 610, 0),
(394, 610, 0),
(395, 610, 0),
(396, 610, 0),
(397, 610, 0),
(398, 610, 0),
(399, 610, 0),
(400, 610, 0),
(401, 610, 0),
(402, 610, 0),
(403, 610, 0),
(404, 981, 1),
(405, 983, 1),
(406, 610, 0),
(407, 610, 0),
(408, 610, 0),
(409, 610, 0),
(410, 610, 0),
(411, 610, 0),
(412, 610, 0),
(413, 610, 0),
(414, 610, 0),
(415, 610, 0),
(416, 610, 0),
(417, 610, 0),
(418, 610, 0),
(419, 610, 0),
(420, 610, 0),
(421, 610, 0),
(422, 610, 0),
(423, 610, 0),
(424, 610, 0),
(425, 610, 0),
(426, 610, 0),
(427, 610, 0),
(428, 610, 0),
(429, 610, 0),
(430, 610, 0),
(431, 610, 0),
(432, 610, 0),
(433, 610, 0),
(434, 610, 0),
(435, 610, 0),
(436, 610, 1),
(437, 610, 1),
(438, 610, 1),
(439, 610, 1);

-- --------------------------------------------------------

--
-- Table structure for table `deck_results`
--

CREATE TABLE `deck_results` (
  `id` int(8) NOT NULL,
  `deck_id` int(5) NOT NULL,
  `played` int(4) NOT NULL,
  `wins` int(4) NOT NULL,
  `crowns` int(5) NOT NULL
) ENGINE=InnoDB DEFAULT CHARSET=latin1;

--
-- Dumping data for table `deck_results`
--

INSERT INTO `deck_results` (`id`, `deck_id`, `played`, `wins`, `crowns`) VALUES
(442, 168, 1, 0, 0),
(443, 157, 1, 0, 0),
(444, 158, 1, 0, 0),
(445, 159, 2, 1, 3),
(446, 160, 1, 1, 1),
(447, 161, 1, 1, 3),
(448, 162, 1, 0, 0),
(449, 163, 1, 0, 1),
(450, 164, 1, 0, 0),
(451, 165, 1, 1, 1),
(452, 166, 1, 1, 2),
(453, 149, 2, 2, 4),
(454, 167, 1, 0, 0),
(455, 141, 3, 2, 3),
(456, 156, 1, 0, 0),
(457, 136, 1, 1, 3),
(458, 137, 1, 1, 2),
(459, 138, 1, 1, 2),
(460, 139, 1, 0, 0),
(461, 140, 1, 1, 1),
(462, 142, 1, 0, 0),
(463, 143, 1, 0, 1),
(464, 144, 1, 1, 1),
(465, 145, 1, 1, 1),
(466, 146, 1, 1, 3),
(467, 147, 2, 1, 2),
(468, 150, 1, 0, 0),
(469, 151, 2, 2, 3),
(470, 152, 1, 0, 0),
(471, 153, 1, 1, 2),
(472, 154, 1, 1, 3),
(473, 155, 1, 0, 0),
(474, 135, 1, 1, 3),
(544, 200, 1, 1, 3),
(545, 201, 1, 1, 1),
(546, 202, 1, 1, 1),
(547, 191, 1, 0, 1),
(548, 192, 1, 1, 3),
(549, 193, 1, 1, 3),
(550, 194, 1, 1, 1),
(551, 195, 1, 0, 0),
(552, 196, 2, 0, 0),
(553, 180, 2, 0, 0),
(554, 197, 1, 0, 0),
(555, 198, 1, 0, 0),
(556, 199, 1, 0, 0),
(557, 190, 1, 1, 2),
(558, 188, 2, 2, 5),
(559, 171, 1, 1, 3),
(560, 172, 1, 0, 1),
(561, 173, 1, 0, 0),
(562, 174, 1, 1, 3),
(563, 175, 1, 1, 1),
(564, 176, 1, 1, 1),
(565, 177, 1, 0, 0),
(566, 178, 1, 1, 1),
(567, 179, 1, 0, 0),
(568, 181, 1, 0, 0),
(569, 182, 1, 0, 0),
(570, 183, 1, 0, 1),
(571, 184, 1, 0, 0),
(572, 185, 1, 1, 1),
(573, 186, 1, 0, 1),
(574, 187, 1, 0, 0),
(575, 189, 1, 0, 0),
(628, 233, 1, 1, 3),
(629, 234, 1, 0, 0),
(630, 235, 1, 0, 0),
(631, 213, 3, 3, 5),
(632, 236, 1, 1, 1),
(633, 229, 1, 0, 1),
(634, 230, 1, 1, 2),
(635, 231, 2, 1, 1),
(636, 232, 1, 0, 0),
(637, 209, 1, 1, 3),
(638, 210, 1, 1, 2),
(639, 211, 1, 0, 0),
(640, 212, 1, 1, 1),
(641, 214, 3, 3, 3),
(642, 215, 1, 0, 0),
(643, 216, 1, 0, 0),
(644, 217, 1, 1, 1),
(645, 218, 1, 1, 2),
(646, 220, 1, 0, 0),
(647, 221, 1, 1, 1),
(648, 222, 1, 0, 0),
(649, 223, 2, 1, 1),
(650, 224, 1, 0, 0),
(651, 225, 1, 0, 0),
(652, 226, 1, 0, 0),
(653, 227, 1, 0, 0),
(654, 228, 1, 1, 2),
(655, 205, 1, 1, 1),
(656, 206, 1, 1, 2),
(729, 268, 1, 1, 1),
(730, 243, 2, 1, 4),
(731, 258, 1, 0, 0),
(732, 252, 2, 1, 1),
(733, 259, 1, 0, 0),
(734, 260, 1, 0, 0),
(735, 261, 2, 0, 1),
(736, 262, 1, 0, 1),
(737, 263, 1, 1, 2),
(738, 264, 1, 0, 0),
(739, 265, 1, 0, 1),
(740, 266, 1, 1, 1),
(741, 267, 1, 0, 0),
(742, 237, 1, 1, 1),
(743, 238, 2, 1, 1),
(744, 239, 1, 1, 2),
(745, 240, 1, 0, 0),
(746, 241, 1, 0, 0),
(747, 242, 1, 0, 0),
(748, 244, 1, 1, 2),
(749, 245, 2, 1, 1),
(750, 246, 1, 0, 1),
(751, 247, 1, 0, 0),
(752, 248, 1, 0, 0),
(753, 249, 1, 0, 0),
(754, 250, 1, 1, 3),
(755, 251, 1, 1, 2),
(756, 253, 1, 0, 0),
(757, 254, 1, 0, 0),
(758, 255, 1, 0, 0),
(759, 256, 1, 0, 0),
(835, 302, 1, 1, 2),
(836, 303, 1, 1, 2),
(837, 304, 1, 1, 2),
(838, 294, 1, 0, 0),
(839, 295, 1, 0, 0),
(840, 296, 1, 1, 3),
(841, 297, 1, 0, 0),
(842, 290, 3, 2, 2),
(843, 298, 1, 0, 0),
(844, 299, 1, 0, 0),
(845, 300, 1, 1, 1),
(846, 279, 3, 2, 3),
(847, 301, 1, 0, 0),
(848, 287, 1, 1, 1),
(849, 288, 1, 0, 1),
(850, 289, 1, 0, 0),
(851, 292, 1, 0, 0),
(852, 293, 1, 1, 3),
(853, 269, 1, 0, 0),
(854, 270, 1, 0, 0),
(855, 271, 1, 0, 0),
(856, 272, 1, 1, 3),
(857, 273, 1, 0, 0),
(858, 274, 1, 1, 1),
(859, 275, 1, 1, 1),
(860, 276, 1, 0, 0),
(861, 277, 1, 0, 1),
(862, 278, 1, 1, 1),
(863, 280, 1, 1, 1),
(864, 281, 1, 0, 0),
(865, 282, 1, 0, 0),
(866, 283, 1, 1, 1),
(867, 284, 1, 1, 1),
(868, 286, 1, 1, 3),
(988, 330, 1, 1, 3),
(989, 331, 1, 1, 3),
(990, 332, 1, 1, 2),
(991, 316, 2, 1, 3),
(992, 333, 1, 0, 0),
(993, 334, 1, 0, 0),
(994, 335, 1, 0, 0),
(995, 336, 1, 0, 0),
(996, 328, 1, 0, 0),
(997, 318, 1, 1, 2),
(998, 319, 1, 0, 0),
(999, 320, 1, 1, 1),
(1000, 321, 1, 1, 1),
(1001, 322, 1, 0, 0),
(1002, 323, 1, 0, 0),
(1003, 325, 1, 1, 3),
(1004, 324, 1, 1, 2),
(1005, 326, 1, 0, 1),
(1006, 311, 3, 3, 5),
(1007, 305, 1, 0, 0),
(1008, 306, 1, 0, 1),
(1009, 307, 1, 1, 2),
(1010, 308, 1, 0, 0),
(1011, 309, 1, 1, 3),
(1012, 310, 1, 1, 3),
(1013, 312, 1, 1, 1),
(1014, 313, 1, 0, 0),
(1015, 315, 1, 1, 3),
(1099, 364, 1, 1, 3),
(1100, 346, 2, 1, 2),
(1101, 365, 1, 0, 0),
(1102, 366, 1, 0, 1),
(1103, 367, 1, 0, 0),
(1104, 340, 3, 2, 4),
(1105, 363, 1, 1, 1),
(1106, 341, 1, 0, 0),
(1107, 342, 1, 0, 0),
(1108, 343, 1, 0, 1),
(1109, 344, 1, 0, 0),
(1110, 345, 1, 0, 0),
(1111, 347, 1, 0, 0),
(1112, 350, 1, 1, 2),
(1113, 351, 1, 0, 0),
(1114, 352, 1, 0, 0),
(1115, 353, 1, 0, 1),
(1116, 354, 1, 0, 0),
(1117, 355, 1, 1, 1),
(1118, 356, 1, 1, 1),
(1119, 357, 1, 0, 0),
(1120, 358, 2, 1, 2),
(1121, 359, 1, 1, 1),
(1122, 360, 1, 0, 0),
(1123, 361, 1, 0, 0),
(1124, 362, 1, 1, 1),
(1125, 338, 1, 0, 0),
(1280, 401, 1, 1, 2),
(1281, 402, 1, 0, 0),
(1282, 403, 1, 0, 0),
(1283, 373, 2, 2, 3),
(1284, 395, 1, 0, 0),
(1285, 396, 1, 0, 0),
(1286, 397, 1, 0, 0),
(1287, 398, 1, 1, 1),
(1288, 399, 1, 0, 0),
(1289, 374, 3, 2, 6),
(1290, 400, 1, 0, 0),
(1291, 393, 1, 0, 1),
(1292, 386, 1, 1, 1),
(1293, 387, 1, 1, 3),
(1294, 389, 1, 0, 0),
(1295, 390, 1, 0, 0),
(1296, 391, 1, 0, 1),
(1297, 392, 1, 0, 1),
(1298, 376, 1, 0, 0),
(1299, 377, 1, 1, 2),
(1300, 378, 1, 0, 0),
(1301, 379, 1, 0, 1),
(1302, 380, 1, 0, 0),
(1303, 381, 1, 1, 1),
(1304, 382, 1, 1, 3),
(1305, 383, 1, 0, 0),
(1306, 384, 1, 0, 1),
(1307, 385, 1, 0, 1),
(1308, 370, 1, 1, 1),
(1309, 371, 1, 1, 1),
(1310, 372, 1, 1, 2),
(1469, 437, 1, 0, 0),
(1470, 438, 1, 0, 0),
(1471, 439, 1, 1, 2),
(1472, 436, 1, 1, 3),
(1473, 435, 1, 0, 0),
(1474, 423, 1, 1, 1),
(1475, 430, 1, 0, 1),
(1476, 431, 1, 1, 2),
(1477, 432, 1, 0, 1),
(1478, 433, 1, 1, 1),
(1479, 407, 2, 1, 2),
(1480, 416, 1, 0, 0),
(1481, 417, 1, 0, 1),
(1482, 418, 1, 1, 1),
(1483, 419, 1, 0, 0),
(1484, 420, 1, 0, 0),
(1485, 421, 1, 0, 1),
(1486, 422, 1, 1, 1),
(1487, 424, 1, 1, 1),
(1488, 425, 1, 0, 0),
(1489, 426, 1, 0, 1),
(1490, 427, 1, 0, 1),
(1491, 428, 1, 0, 0),
(1492, 429, 1, 0, 0),
(1493, 406, 1, 0, 2),
(1494, 408, 1, 0, 0),
(1495, 409, 1, 0, 1),
(1496, 410, 1, 0, 1),
(1497, 411, 1, 0, 0),
(1498, 412, 1, 1, 1),
(1499, 413, 1, 0, 1),
(1500, 414, 1, 1, 1),
(1501, 415, 1, 1, 1),
(1502, 434, 1, 1, 3);

-- --------------------------------------------------------

--
-- Table structure for table `last_updated`
--

CREATE TABLE `last_updated` (
  `id` int(3) NOT NULL,
  `page_name` varchar(50) NOT NULL,
  `updated` datetime DEFAULT NULL,
  `tag` varchar(10) DEFAULT NULL
) ENGINE=InnoDB DEFAULT CHARSET=latin1;

--
-- Dumping data for table `last_updated`
--

INSERT INTO `last_updated` (`id`, `page_name`, `updated`, `tag`) VALUES
(1, 'index', '2018-07-27 10:51:33', NULL),
(3, 'war', '2018-07-27 01:46:03', NULL),
(4, 'war_stats', '2018-07-27 01:46:02', NULL),
(5, 'war_decks', '2018-07-26 23:08:05', NULL),
(7, 'player', '2018-07-27 10:51:34', '90VG2292'),
(8, 'player', '2018-07-08 21:56:11', 'LLG0QGR9'),
(9, 'player', '2018-07-27 09:49:30', '88V0L8LQG'),
(10, 'player', '2018-07-12 09:44:48', '9YPLPGRQL'),
(11, 'player', '2018-07-09 13:43:09', '80LR8GCR0'),
(12, 'player', '2018-07-09 18:06:11', '2YPJR9Q0'),
(13, 'player', '2018-07-09 18:33:24', '9LJL09CQ'),
(14, 'player', '2018-07-09 18:55:41', 'QCY9YPC9'),
(15, 'player', '2018-07-11 12:25:23', '2J88RVQRY'),
(16, 'player', '2018-07-13 17:50:01', '22PL0J8JG'),
(17, 'player', '2018-07-13 18:02:46', '2JPC2G0G'),
(18, 'player', '2018-07-14 02:59:14', 'VYJ00PJL'),
(19, 'player', '2018-07-25 18:29:33', '8YG908L08'),
(20, 'player', '2018-07-23 23:41:40', '9U9G90RYV'),
(21, 'player', '2018-07-25 22:52:52', 'P0JVUQVRV'),
(22, 'player', '2018-07-26 00:53:22', '9VGV88GC');

-- --------------------------------------------------------

--
-- Table structure for table `players`
--

CREATE TABLE `players` (
  `id` int(4) NOT NULL,
  `tag` varchar(10) CHARACTER SET utf8 NOT NULL COMMENT 'Tag du joueur',
  `name` varchar(50) CHARACTER SET utf8 NOT NULL COMMENT 'Nom du joueur',
  `rank` int(2) NOT NULL COMMENT 'Placement dans le clan',
  `trophies` int(5) NOT NULL COMMENT 'Nombre de trophe du joueur',
  `role_id` int(1) NOT NULL,
  `exp_level` int(2) NOT NULL COMMENT 'Niveau de la tour',
  `in_clan` tinyint(1) NOT NULL DEFAULT '0',
  `arena` int(3) NOT NULL,
  `donations` int(10) NOT NULL,
  `donations_received` int(10) NOT NULL,
  `donations_delta` int(10) NOT NULL,
  `donations_ratio` float NOT NULL,
  `max_trophies` int(5) NOT NULL DEFAULT '0'
) ENGINE=InnoDB DEFAULT CHARSET=utf8 COLLATE=utf8_unicode_ci;

--
-- Dumping data for table `players`
--

INSERT INTO `players` (`id`, `tag`, `name`, `rank`, `trophies`, `role_id`, `exp_level`, `in_clan`, `arena`, `donations`, `donations_received`, `donations_delta`, `donations_ratio`, `max_trophies`) VALUES
(1, '2P9QYR2P', 'Tomawaak', 2, 4615, 2, 12, 1, 15, 621, 440, 181, 2.24, 4429),
(2, 'PURCPRVJ', 'vabz', 4, 4409, 2, 12, 1, 14, 342, 440, -98, 1.23, 4421),
(3, '8YG908L08', 'BadPoussin', 5, 4322, 1, 12, 1, 14, 758, 520, 238, 2.73, 4319),
(4, '90VG2292', 'Rocky', 1, 4622, 3, 12, 1, 15, 1079, 480, 599, 3.89, 4622),
(5, '2J88RVQRY', 'OnyaGamer', 11, 4152, 3, 11, 1, 13, 366, 360, 6, 1.32, 4259),
(6, '2JPC2G0G', 'Majin Freeza', 3, 4452, 3, 12, 1, 14, 346, 440, -94, 1.25, 4493),
(7, '9JQ82G0P', 'bolognaise', 6, 4222, 3, 11, 1, 13, 286, 440, -154, 1.03, 4214),
(8, '9LJL09CQ', 'Stph', 8, 4203, 3, 12, 1, 13, 422, 400, 22, 1.52, 4180),
(9, 'PYU2QP8J', 'Zypher', 13, 4133, 3, 10, 1, 13, 444, 360, 84, 1.6, 4045),
(10, '2YJ0PJ0U', 'Sup3r-K', 12, 4146, 3, 12, 1, 13, 94, 240, -146, 0.34, 0),
(11, 'QLLLLQVQ', 'MightyChicken', 14, 4072, 3, 11, 1, 13, 18, 120, -102, 0.06, 0),
(12, '8G8VGQL88', 'youpi', 9, 4183, 3, 11, 1, 13, 823, 400, 423, 2.96, 4123),
(13, 'PUU8PUQY', 'Ruilucenzo', 14, 4098, 3, 12, 0, 13, 292, 320, -28, 1.13, 0),
(14, '2YPJR9Q0', 'Kaldor', 16, 4025, 2, 11, 1, 13, 358, 440, -82, 1.29, 4020),
(15, '8JRGRGGGR', 'CJ21', 7, 4210, 3, 11, 1, 13, 834, 520, 314, 3, 0),
(16, 'LLG0QGR9', 'Patatepower', 21, 3866, 3, 11, 1, 12, 312, 360, -48, 1.12, 4014),
(17, 'LJV8928C', 'lolo', 19, 3910, 3, 11, 1, 12, 309, 360, -51, 1.11, 3851),
(18, 'QCY9YPC9', '??Willen??', 25, 3815, 3, 11, 1, 12, 64, 16, 48, 0.23, 3816),
(19, '22PL0J8JG', 'chamb', 17, 4001, 3, 10, 1, 13, 52, 0, 52, 0.19, 3969),
(20, '9G2JPRY8', 'oui', 20, 3881, 3, 11, 1, 12, 102, 240, -138, 0.37, 0),
(21, '9Y82JPP9', 'Maped', 15, 4026, 3, 11, 1, 13, 502, 410, 92, 1.81, 3699),
(22, '8V0RVRRJV', 'morgan', 22, 3852, 3, 10, 1, 12, 523, 320, 203, 1.88, 0),
(23, '2RUU0V209', 'Olympia', 31, 3640, 3, 10, 0, 11, 360, 320, 40, 1.33, 0),
(24, '2J8CRU22G', 'lexrider', 30, 3606, 3, 10, 0, 11, 0, 0, 0, 0, 0),
(25, '2U2002JQ0', 'Jack-So', 33, 3712, 4, 10, 0, 11, 54, 120, -66, 0.42, 0),
(26, '908GUL0G', 'osiris', 24, 3818, 4, 11, 1, 12, 74, 200, -126, 0.27, 0),
(27, '88V0L8LQG', 'Kaoulombre', 27, 3807, 2, 11, 1, 12, 828, 530, 298, 2.98, 3859),
(28, '8PU0R0GYV', 'daoshine', 29, 3801, 3, 10, 1, 12, 302, 480, -178, 1.09, 0),
(29, '28V08R0PY', 'jojo95', 28, 3806, 3, 11, 1, 12, 431, 400, 31, 1.55, 0),
(30, 'RGCGVJRL', 'domidom97', 33, 3535, 4, 11, 0, 11, 8, 0, 8, 0.03, 3660),
(31, '8Y02YJU2U', 'SorcireDuJour', 39, 3463, 3, 10, 1, 11, 28, 40, -12, 0.1, 0),
(32, '8YQU8JCC8', 'Karu24', 40, 3442, 3, 11, 1, 11, 204, 280, -76, 0.73, 0),
(33, '29CJ980P', 'pate lorrain', 43, 3363, 3, 10, 1, 11, 0, 0, 0, 0, 3762),
(34, '2C89G8UQ9', '?\\WEEED//?', 42, 3368, 3, 10, 1, 10, 225, 360, -135, 0.81, 0),
(35, 'LUQUJR2Q', 'tictac', 30, 3702, 3, 11, 1, 11, 26, 40, -14, 0.09, 0),
(36, '80LR8GCR0', 'peyo le grand', 41, 3441, 3, 10, 1, 11, 0, 0, 0, 0, 3455),
(37, '8Y8GYC298', 'EddiE', 35, 3542, 3, 10, 1, 11, 45, 240, -195, 0.16, 3267),
(38, 'YV9R20G', 'beryllus', 46, 3313, 3, 10, 1, 10, 0, 0, 0, 0, 3505),
(39, '9U9G90RYV', 'Fumseck', 45, 3324, 3, 10, 1, 10, 421, 360, 61, 1.52, 3288),
(40, '29YR2VQCR', 'jojoooo', 32, 3588, 3, 11, 1, 11, 218, 240, -22, 0.79, 0),
(41, '8GCQPG08', 'THOR', 49, 2656, 3, 10, 0, 9, 74, 30, 44, 0.58, 2656),
(42, '9YPLPGRQL', 'nano', 47, 3003, 3, 9, 1, 10, 382, 510, -128, 1.38, 3018),
(45, 'P8PRYQR2', 'Kapt723', 26, 3809, 3, 11, 1, 12, 264, 360, -96, 0.95, 0),
(605, '9QJVJ0JG9', 'Saga', 23, 3834, 3, 9, 1, 12, 106, 280, -174, 0.38, 3683),
(606, '2LRV22890', 'Haroune2retour', 14, 3861, 4, 11, 0, 12, 73, 80, -7, 0.22, 0),
(607, '8JCPGR9U0', 'topmonellz', 38, 3409, 4, 10, 0, 11, 48, 160, -112, 0.17, 0),
(608, 'V99UQPGY', 'Bahiano', 37, 3414, 4, 10, 0, 11, 10, 40, -30, 0.03, 0),
(609, '2JJQ0V2QP', 'Bonobo', 18, 3984, 3, 10, 1, 12, 312, 320, -8, 1.12, 0),
(610, '9RGPL8PC', 'CLAN', 0, 0, 1, 0, 0, 0, 0, 0, 0, 0, 0),
(611, '8CQYJ9R', 'DrBoubou', 37, 3426, 4, 10, 0, 11, 38, 40, -2, 0.15, 3426),
(612, '8UQ28Q8P', 'Pablo', 17, 3911, 4, 10, 0, 12, 0, 0, 0, 0, 0),
(973, 'VYJ00PJL', 'Kaboum971', 10, 4156, 3, 11, 1, 13, 153, 280, -127, 0.55, 4033),
(974, 'V9YCLVJV', 'B.F.A', 36, 3497, 4, 10, 0, 11, 26, 0, 26, 0.41, 0),
(975, '2VCURRJUC', 'MrDjerbou57', 40, 3405, 4, 10, 0, 11, 36, 0, 36, 0.12, 0),
(976, '2U8V8GGQ', 'zermazeubihass', 49, 1927, 4, 11, 1, 6, 1, 120, -119, 0, 0),
(977, '9UP2QQCQ', 'maxouille', 44, 3347, 3, 10, 1, 10, 72, 320, -248, 0.26, 0),
(978, '2U8ULL9P', 'TBSF 2nd class', 34, 3553, 4, 10, 1, 11, 46, 120, -74, 0.17, 0),
(979, '2YCPCYU9', 'Watrax EU', 38, 3473, 4, 11, 1, 11, 364, 200, 164, 1.31, 0),
(980, '8QGJQPVC8', 'Aplecraf', 37, 3500, 4, 10, 1, 11, 24, 120, -96, 0.09, 0),
(981, 'P0JVUQVRV', 'Parpino', 50, 1915, 4, 7, 1, 6, 124, 120, 4, 0.45, 1964),
(982, '2L220QY0G', 'KenalLeTheg', 36, 3511, 4, 11, 1, 11, 0, 0, 0, 0, 0),
(983, '9VGV88GC', 'PedrO!', 33, 3562, 4, 11, 1, 11, 107, 104, 3, 0.39, 3602),
(984, '990VG0YY', 'juliusYT', 31, 3700, 4, 10, 1, 11, 48, 80, -32, 0.17, 0),
(985, '8LU920GLP', 'AXEL', 48, 2021, 4, 9, 1, 7, 0, 0, 0, 0, 0);

-- --------------------------------------------------------

--
-- Table structure for table `player_war`
--

CREATE TABLE `player_war` (
  `id` int(10) NOT NULL,
  `player_id` int(5) NOT NULL,
  `cards_earned` int(4) NOT NULL,
  `collection_played` int(1) NOT NULL,
  `collection_won` int(1) NOT NULL,
  `battle_played` int(1) NOT NULL,
  `battle_won` int(1) NOT NULL,
  `war_id` int(4) NOT NULL
) ENGINE=InnoDB DEFAULT CHARSET=latin1;

--
-- Dumping data for table `player_war`
--

INSERT INTO `player_war` (`id`, `player_id`, `cards_earned`, `collection_played`, `collection_won`, `battle_played`, `battle_won`, `war_id`) VALUES
(395, 1, 640, 0, 0, 1, 0, 24),
(396, 2, 640, 0, 0, 1, 1, 24),
(397, 3, 800, 0, 0, 1, 1, 24),
(398, 4, 960, 0, 0, 1, 1, 24),
(399, 5, 640, 0, 0, 1, 1, 24),
(400, 6, 800, 0, 0, 1, 0, 24),
(401, 7, 640, 0, 0, 1, 0, 24),
(402, 8, 0, 0, 0, 0, 0, 24),
(403, 9, 750, 0, 0, 1, 1, 24),
(404, 10, 750, 0, 0, 1, 0, 24),
(405, 11, 750, 0, 0, 1, 1, 24),
(406, 12, 750, 0, 0, 1, 1, 24),
(407, 13, 600, 0, 0, 1, 0, 24),
(408, 14, 750, 0, 0, 1, 1, 24),
(409, 15, 750, 0, 0, 1, 0, 24),
(410, 16, 600, 0, 0, 1, 1, 24),
(411, 17, 600, 0, 0, 1, 0, 24),
(412, 18, 750, 0, 0, 1, 0, 24),
(413, 19, 450, 0, 0, 1, 0, 24),
(414, 20, 700, 0, 0, 1, 1, 24),
(415, 21, 700, 0, 0, 1, 0, 24),
(416, 22, 560, 0, 0, 1, 0, 24),
(417, 23, 560, 0, 0, 1, 0, 24),
(418, 24, 0, 0, 0, 0, 0, 24),
(419, 25, 560, 0, 0, 1, 1, 24),
(420, 26, 0, 0, 0, 0, 0, 24),
(421, 27, 700, 0, 0, 1, 1, 24),
(422, 28, 700, 0, 0, 1, 0, 24),
(423, 29, 420, 0, 0, 1, 1, 24),
(424, 30, 0, 0, 0, 0, 0, 24),
(425, 31, 700, 0, 0, 1, 1, 24),
(426, 32, 650, 0, 0, 1, 0, 24),
(427, 33, 650, 0, 0, 1, 0, 24),
(428, 34, 520, 0, 0, 1, 1, 24),
(429, 35, 420, 0, 0, 1, 0, 24),
(430, 36, 390, 0, 0, 1, 0, 24),
(431, 37, 780, 0, 0, 1, 1, 24),
(432, 38, 650, 0, 0, 1, 1, 24),
(433, 39, 650, 0, 0, 1, 1, 24),
(434, 40, 390, 0, 0, 1, 1, 24),
(435, 41, 480, 0, 0, 1, 0, 24),
(436, 42, 360, 0, 0, 1, 1, 24),
(437, 45, 700, 0, 0, 1, 0, 24),
(438, 605, 840, 0, 0, 1, 0, 24),
(439, 606, 450, 0, 0, 1, 1, 24),
(440, 607, 0, 0, 0, 0, 0, 24),
(441, 608, 700, 3, 2, 1, 1, 24),
(449, 1, 480, 0, 0, 1, 0, 23),
(450, 2, 480, 0, 0, 1, 1, 23),
(451, 3, 800, 0, 0, 1, 0, 23),
(452, 4, 800, 0, 0, 1, 1, 23),
(453, 5, 640, 0, 0, 1, 1, 23),
(454, 6, 320, 0, 0, 1, 0, 23),
(455, 7, 960, 0, 0, 1, 0, 23),
(456, 8, 0, 0, 0, 0, 0, 23),
(457, 9, 900, 0, 0, 1, 1, 23),
(458, 10, 700, 0, 0, 1, 1, 23),
(459, 11, 450, 0, 0, 1, 0, 23),
(460, 12, 960, 0, 0, 1, 1, 23),
(461, 13, 600, 0, 0, 1, 1, 23),
(462, 14, 750, 0, 0, 1, 1, 23),
(463, 15, 750, 0, 0, 1, 0, 23),
(464, 16, 600, 0, 0, 1, 0, 23),
(465, 17, 420, 0, 0, 1, 0, 23),
(466, 18, 600, 0, 0, 1, 0, 23),
(467, 19, 750, 0, 0, 1, 1, 23),
(468, 20, 700, 0, 0, 1, 0, 23),
(469, 21, 840, 0, 0, 1, 0, 23),
(470, 22, 700, 0, 0, 1, 0, 23),
(471, 23, 0, 0, 0, 0, 0, 23),
(472, 25, 390, 0, 0, 1, 0, 23),
(473, 26, 700, 0, 0, 1, 0, 23),
(474, 27, 700, 0, 0, 1, 0, 23),
(475, 28, 560, 0, 0, 1, 1, 23),
(476, 29, 560, 0, 0, 1, 1, 23),
(477, 31, 700, 0, 0, 1, 1, 23),
(478, 32, 520, 0, 0, 1, 0, 23),
(479, 33, 520, 0, 0, 1, 0, 23),
(480, 34, 650, 0, 0, 1, 0, 23),
(481, 35, 410, 0, 0, 1, 1, 23),
(482, 36, 390, 0, 0, 1, 0, 23),
(483, 37, 650, 0, 0, 1, 1, 23),
(484, 38, 520, 0, 0, 1, 0, 23),
(485, 39, 520, 0, 0, 1, 1, 23),
(486, 40, 520, 0, 0, 1, 1, 23),
(487, 41, 0, 0, 0, 0, 0, 23),
(488, 42, 550, 0, 0, 1, 0, 23),
(489, 45, 560, 0, 0, 1, 1, 23),
(490, 605, 0, 0, 0, 0, 0, 23),
(491, 606, 0, 0, 0, 0, 0, 23),
(492, 609, 0, 0, 0, 0, 0, 23),
(493, 609, 0, 0, 0, 0, 0, 24),
(494, 1, 640, 3, 1, 1, 1, 25),
(495, 2, 800, 3, 2, 1, 1, 25),
(496, 3, 800, 3, 2, 1, 1, 25),
(497, 4, 640, 3, 1, 1, 1, 25),
(498, 5, 600, 3, 1, 1, 0, 25),
(499, 6, 320, 2, 0, 1, 0, 25),
(500, 7, 640, 3, 1, 1, 0, 25),
(501, 8, 0, 0, 0, 0, 0, 25),
(502, 9, 600, 3, 2, 1, 1, 25),
(503, 10, 750, 3, 2, 1, 0, 25),
(504, 11, 750, 3, 2, 1, 1, 25),
(505, 12, 750, 3, 2, 1, 1, 25),
(506, 13, 150, 1, 0, 2, 1, 25),
(507, 14, 960, 3, 3, 1, 1, 25),
(508, 15, 600, 3, 1, 1, 0, 25),
(509, 16, 600, 3, 1, 1, 1, 25),
(510, 17, 750, 3, 2, 1, 0, 25),
(511, 18, 750, 3, 2, 1, 1, 25),
(512, 19, 0, 0, 0, 0, 0, 25),
(513, 20, 0, 0, 0, 0, 0, 25),
(514, 21, 700, 3, 2, 1, 1, 25),
(515, 22, 560, 3, 1, 1, 0, 25),
(516, 23, 0, 0, 0, 0, 0, 25),
(517, 25, 560, 3, 1, 0, 0, 25),
(518, 26, 0, 0, 0, 0, 0, 25),
(519, 27, 700, 3, 2, 1, 1, 25),
(520, 28, 700, 3, 2, 2, 2, 25),
(521, 29, 700, 3, 2, 1, 0, 25),
(522, 31, 560, 3, 1, 1, 0, 25),
(523, 32, 520, 3, 1, 2, 1, 25),
(524, 33, 0, 0, 0, 0, 0, 25),
(525, 34, 520, 3, 1, 1, 1, 25),
(526, 35, 280, 1, 1, 1, 1, 25),
(527, 36, 520, 1, 0, 1, 0, 25),
(528, 37, 130, 1, 0, 0, 0, 25),
(529, 38, 0, 0, 0, 0, 0, 25),
(530, 39, 390, 3, 0, 1, 0, 25),
(531, 40, 650, 3, 2, 1, 1, 25),
(532, 41, 360, 2, 1, 2, 0, 25),
(533, 42, 720, 3, 3, 1, 0, 25),
(534, 45, 560, 3, 1, 1, 1, 25),
(535, 605, 700, 3, 3, 1, 0, 25),
(536, 606, 0, 0, 0, 0, 0, 25),
(537, 609, 420, 3, 0, 1, 1, 25),
(538, 1, 800, 3, 2, 1, 1, 26),
(539, 2, 640, 3, 1, 1, 1, 26),
(540, 3, 960, 3, 3, 1, 0, 26),
(541, 4, 800, 3, 2, 1, 1, 26),
(542, 5, 960, 3, 3, 1, 0, 26),
(543, 6, 160, 1, 0, 1, 1, 26),
(544, 7, 960, 3, 3, 1, 1, 26),
(545, 8, 0, 0, 0, 0, 0, 26),
(546, 9, 750, 3, 2, 1, 0, 26),
(547, 10, 0, 0, 0, 0, 0, 26),
(548, 11, 800, 3, 2, 1, 1, 26),
(549, 12, 600, 3, 1, 1, 1, 26),
(550, 13, 0, 0, 0, 0, 0, 26),
(551, 14, 640, 3, 1, 1, 1, 26),
(552, 15, 600, 3, 1, 1, 1, 26),
(553, 16, 450, 3, 0, 2, 1, 26),
(554, 17, 560, 3, 1, 2, 2, 26),
(555, 18, 450, 3, 0, 1, 0, 26),
(556, 19, 280, 2, 0, 1, 1, 26),
(557, 20, 560, 3, 1, 1, 0, 26),
(558, 21, 420, 3, 0, 1, 0, 26),
(559, 22, 750, 3, 2, 1, 0, 26),
(560, 23, 700, 3, 2, 1, 1, 26),
(561, 25, 560, 3, 1, 0, 0, 26),
(562, 26, 0, 0, 0, 0, 0, 26),
(563, 27, 840, 3, 3, 1, 1, 26),
(564, 28, 560, 3, 1, 1, 0, 26),
(565, 29, 600, 3, 1, 2, 0, 26),
(566, 31, 560, 3, 1, 2, 0, 26),
(567, 32, 780, 3, 3, 1, 1, 26),
(568, 33, 420, 3, 0, 1, 1, 26),
(569, 34, 520, 3, 1, 1, 0, 26),
(570, 35, 140, 1, 0, 1, 1, 26),
(571, 36, 520, 3, 1, 1, 0, 26),
(572, 37, 650, 3, 2, 1, 1, 26),
(573, 38, 390, 3, 0, 1, 1, 26),
(574, 39, 520, 3, 1, 1, 0, 26),
(575, 40, 520, 3, 1, 1, 0, 26),
(576, 41, 0, 0, 0, 0, 0, 26),
(577, 42, 600, 3, 2, 1, 1, 26),
(578, 45, 700, 3, 2, 1, 0, 26),
(579, 605, 700, 3, 2, 1, 1, 26),
(580, 609, 840, 3, 3, 1, 1, 26),
(581, 611, 0, 0, 0, 0, 0, 26),
(582, 1, 800, 3, 2, 1, 0, 27),
(583, 2, 640, 3, 1, 2, 1, 27),
(584, 3, 480, 3, 0, 1, 0, 27),
(585, 4, 640, 3, 1, 2, 2, 27),
(586, 5, 800, 3, 2, 1, 1, 27),
(587, 6, 160, 1, 0, 1, 1, 27),
(588, 7, 640, 3, 1, 1, 1, 27),
(589, 8, 0, 0, 0, 0, 0, 27),
(590, 9, 600, 3, 1, 1, 0, 27),
(591, 10, 800, 3, 2, 1, 0, 27),
(592, 11, 800, 3, 2, 1, 1, 27),
(593, 12, 640, 3, 1, 1, 0, 27),
(594, 13, 0, 0, 0, 0, 0, 27),
(595, 14, 450, 3, 0, 1, 0, 27),
(596, 15, 750, 3, 2, 1, 1, 27),
(597, 16, 0, 0, 0, 0, 0, 27),
(598, 17, 560, 3, 1, 1, 0, 27),
(599, 18, 600, 3, 1, 1, 0, 27),
(600, 19, 840, 3, 3, 1, 0, 27),
(601, 20, 840, 3, 3, 1, 0, 27),
(602, 21, 700, 3, 2, 1, 1, 27),
(603, 22, 600, 3, 1, 1, 1, 27),
(604, 23, 0, 0, 0, 0, 0, 27),
(605, 25, 700, 3, 2, 1, 0, 27),
(606, 26, 560, 3, 1, 1, 0, 27),
(607, 27, 450, 3, 0, 1, 1, 27),
(608, 28, 0, 0, 0, 0, 0, 27),
(609, 29, 560, 3, 1, 1, 0, 27),
(610, 31, 560, 3, 1, 1, 0, 27),
(611, 32, 650, 3, 2, 1, 0, 27),
(612, 33, 0, 0, 0, 0, 0, 27),
(613, 34, 650, 3, 2, 1, 1, 27),
(614, 35, 0, 0, 0, 0, 0, 27),
(615, 36, 390, 3, 0, 2, 0, 27),
(616, 37, 520, 3, 1, 1, 1, 27),
(617, 38, 0, 0, 0, 0, 0, 27),
(618, 39, 520, 3, 1, 1, 1, 27),
(619, 40, 560, 3, 1, 1, 0, 27),
(620, 41, 240, 1, 1, 1, 1, 27),
(621, 42, 480, 3, 1, 1, 0, 27),
(622, 45, 420, 3, 0, 1, 1, 27),
(623, 605, 840, 3, 3, 1, 1, 27),
(624, 609, 560, 3, 1, 1, 1, 27),
(625, 611, 700, 3, 2, 0, 0, 27),
(626, 612, 450, 2, 1, 0, 0, 27),
(627, 1, 800, 3, 2, 1, 1, 28),
(628, 2, 640, 3, 1, 1, 1, 28),
(629, 3, 800, 3, 0, 1, 1, 28),
(630, 4, 800, 3, 1, 1, 1, 28),
(631, 5, 640, 3, 2, 1, 0, 28),
(632, 6, 640, 3, 3, 2, 1, 28),
(633, 7, 960, 3, 3, 1, 1, 28),
(634, 8, 0, 0, 0, 0, 0, 28),
(635, 9, 750, 3, 2, 1, 0, 28),
(636, 10, 800, 3, 2, 1, 1, 28),
(637, 11, 640, 3, 1, 1, 1, 28),
(638, 12, 640, 3, 1, 1, 1, 28),
(639, 13, 0, 0, 0, 0, 0, 28),
(640, 14, 450, 3, 0, 1, 1, 28),
(641, 15, 640, 3, 1, 1, 1, 28),
(642, 16, 300, 1, 1, 2, 1, 28),
(643, 17, 560, 3, 1, 1, 0, 28),
(644, 18, 600, 3, 1, 1, 0, 28),
(645, 19, 560, 3, 1, 1, 0, 28),
(646, 20, 700, 3, 2, 1, 0, 28),
(647, 21, 700, 3, 2, 1, 1, 28),
(648, 22, 580, 3, 1, 1, 0, 28),
(649, 23, 0, 0, 0, 0, 0, 28),
(650, 25, 700, 3, 2, 1, 0, 28),
(651, 26, 0, 0, 0, 0, 0, 28),
(652, 27, 750, 3, 2, 1, 1, 28),
(653, 28, 560, 3, 1, 1, 1, 28),
(654, 29, 840, 3, 3, 1, 0, 28),
(655, 31, 560, 3, 1, 1, 0, 28),
(656, 32, 520, 3, 1, 1, 1, 28),
(657, 33, 0, 0, 0, 0, 0, 28),
(658, 34, 650, 3, 2, 1, 1, 28),
(659, 35, 0, 0, 0, 0, 0, 28),
(660, 36, 520, 3, 1, 1, 0, 28),
(661, 37, 390, 2, 1, 1, 1, 28),
(662, 38, 0, 0, 0, 0, 0, 28),
(663, 39, 650, 3, 2, 1, 1, 28),
(664, 40, 840, 3, 3, 1, 1, 28),
(665, 41, 720, 3, 3, 1, 0, 28),
(666, 42, 650, 3, 2, 1, 0, 28),
(667, 45, 700, 3, 3, 1, 1, 28),
(668, 605, 0, 0, 0, 0, 0, 28),
(669, 609, 600, 3, 1, 1, 0, 28),
(670, 973, 800, 3, 3, 1, 1, 28),
(671, 1, 800, 3, 2, 1, 0, 29),
(672, 2, 640, 3, 1, 1, 0, 29),
(673, 3, 640, 3, 1, 1, 1, 29),
(674, 4, 480, 3, 0, 1, 1, 29),
(675, 5, 0, 0, 0, 0, 0, 29),
(676, 6, 640, 1, 0, 2, 0, 29),
(677, 7, 320, 1, 1, 2, 1, 29),
(678, 8, 800, 3, 3, 2, 1, 29),
(679, 9, 450, 3, 0, 1, 0, 29),
(680, 10, 480, 3, 1, 2, 1, 29),
(681, 11, 750, 3, 3, 0, 0, 29),
(682, 12, 800, 3, 2, 1, 1, 29),
(683, 13, 0, 0, 0, 0, 0, 29),
(684, 14, 600, 3, 1, 1, 0, 29),
(685, 15, 800, 3, 2, 1, 0, 29),
(686, 16, 750, 3, 2, 1, 0, 29),
(687, 17, 420, 3, 0, 1, 0, 29),
(688, 18, 150, 1, 1, 2, 0, 29),
(689, 19, 140, 1, 0, 1, 1, 29),
(690, 20, 700, 3, 2, 1, 0, 29),
(691, 21, 560, 3, 1, 1, 0, 29),
(692, 22, 700, 3, 3, 1, 0, 29),
(693, 23, 0, 0, 0, 0, 0, 29),
(694, 25, 0, 0, 0, 0, 0, 29),
(695, 26, 0, 0, 0, 0, 0, 29),
(696, 27, 600, 3, 2, 2, 1, 29),
(697, 28, 700, 3, 2, 1, 0, 29),
(698, 29, 700, 3, 2, 1, 1, 29),
(699, 31, 420, 3, 0, 1, 0, 29),
(700, 32, 130, 1, 0, 0, 0, 29),
(701, 33, 0, 0, 0, 0, 0, 29),
(702, 34, 390, 2, 1, 1, 1, 29),
(703, 35, 0, 0, 0, 0, 0, 29),
(704, 36, 650, 3, 2, 1, 1, 29),
(705, 37, 650, 3, 2, 1, 0, 29),
(706, 38, 0, 0, 0, 0, 0, 29),
(707, 39, 650, 3, 2, 2, 1, 29),
(708, 40, 700, 3, 2, 1, 0, 29),
(709, 41, 120, 1, 0, 1, 0, 29),
(710, 42, 600, 3, 2, 1, 0, 29),
(711, 45, 0, 0, 0, 0, 0, 29),
(712, 605, 560, 3, 1, 1, 1, 29),
(713, 609, 960, 1, 1, 1, 1, 29),
(714, 973, 0, 0, 0, 0, 0, 29),
(715, 1, 640, 3, 1, 1, 1, 30),
(716, 2, 800, 3, 2, 1, 0, 30),
(717, 3, 800, 3, 2, 2, 1, 30),
(718, 4, 480, 3, 0, 1, 1, 30),
(719, 5, 640, 3, 1, 1, 1, 30),
(720, 6, 640, 3, 1, 1, 0, 30),
(721, 7, 640, 3, 1, 1, 0, 30),
(722, 8, 640, 3, 1, 1, 0, 30),
(723, 9, 800, 3, 2, 1, 0, 30),
(724, 10, 640, 3, 1, 1, 1, 30),
(725, 11, 800, 3, 2, 1, 1, 30),
(726, 12, 800, 3, 2, 1, 1, 30),
(727, 13, 0, 0, 0, 0, 0, 30),
(728, 14, 600, 3, 1, 1, 0, 30),
(729, 15, 800, 3, 2, 2, 2, 30),
(730, 16, 450, 3, 0, 1, 0, 30),
(731, 17, 560, 3, 1, 1, 0, 30),
(732, 18, 450, 1, 0, 1, 1, 30),
(733, 19, 450, 3, 0, 1, 0, 30),
(734, 20, 750, 3, 2, 1, 1, 30),
(735, 21, 700, 3, 2, 1, 1, 30),
(736, 22, 840, 3, 3, 1, 0, 30),
(737, 23, 0, 0, 0, 0, 0, 30),
(738, 25, 0, 0, 0, 0, 0, 30),
(739, 26, 420, 2, 1, 1, 1, 30),
(740, 27, 700, 3, 2, 1, 1, 30),
(741, 28, 700, 3, 2, 1, 1, 30),
(742, 29, 700, 3, 2, 1, 1, 30),
(743, 31, 560, 3, 1, 1, 0, 30),
(744, 32, 0, 0, 0, 0, 0, 30),
(745, 33, 280, 1, 1, 1, 0, 30),
(746, 34, 780, 3, 3, 1, 0, 30),
(747, 35, 0, 0, 0, 0, 0, 30),
(748, 36, 520, 3, 1, 1, 1, 30),
(749, 37, 780, 3, 3, 2, 1, 30),
(750, 38, 0, 0, 0, 0, 0, 30),
(751, 39, 520, 3, 1, 1, 0, 30),
(752, 40, 700, 3, 2, 1, 0, 30),
(753, 41, 360, 3, 0, 0, 0, 30),
(754, 42, 600, 3, 2, 1, 0, 30),
(755, 45, 700, 3, 2, 1, 0, 30),
(756, 605, 560, 3, 1, 1, 1, 30),
(757, 609, 640, 3, 1, 1, 0, 30),
(758, 973, 0, 0, 0, 0, 0, 30),
(759, 975, 0, 0, 0, 0, 0, 30),
(760, 976, 560, 3, 1, 1, 1, 30),
(761, 1, 800, 3, 2, 1, 0, 31),
(762, 2, 800, 3, 2, 1, 0, 31),
(763, 3, 960, 3, 3, 1, 1, 31),
(764, 4, 640, 3, 1, 1, 1, 31),
(765, 5, 320, 1, 1, 1, 1, 31),
(766, 6, 480, 2, 1, 1, 0, 31),
(767, 7, 800, 3, 2, 1, 1, 31),
(768, 8, 800, 3, 2, 1, 1, 31),
(769, 9, 800, 3, 2, 1, 1, 31),
(770, 10, 640, 3, 1, 1, 1, 31),
(771, 11, 800, 3, 2, 1, 1, 31),
(772, 12, 640, 3, 1, 1, 1, 31),
(773, 13, 0, 0, 0, 0, 0, 31),
(774, 14, 800, 3, 2, 1, 0, 31),
(775, 15, 640, 3, 1, 1, 1, 31),
(776, 16, 450, 3, 0, 0, 0, 31),
(777, 17, 750, 3, 2, 1, 0, 31),
(778, 18, 600, 3, 1, 1, 0, 31),
(779, 19, 840, 3, 3, 1, 1, 31),
(780, 20, 450, 3, 0, 1, 1, 31),
(781, 21, 700, 3, 2, 1, 0, 31),
(782, 22, 0, 0, 0, 0, 0, 31),
(783, 23, 0, 0, 0, 0, 0, 31),
(784, 25, 700, 3, 2, 1, 0, 31),
(785, 26, 0, 0, 0, 0, 0, 31),
(786, 27, 840, 3, 3, 1, 1, 31),
(787, 28, 560, 3, 1, 1, 1, 31),
(788, 29, 420, 3, 0, 1, 1, 31),
(789, 31, 700, 3, 2, 1, 0, 31),
(790, 32, 0, 0, 0, 0, 0, 31),
(791, 33, 0, 0, 0, 0, 0, 31),
(792, 34, 520, 3, 1, 1, 0, 31),
(793, 35, 0, 0, 0, 0, 0, 31),
(794, 36, 560, 3, 1, 1, 1, 31),
(795, 37, 700, 3, 2, 1, 0, 31),
(796, 38, 0, 0, 0, 0, 0, 31),
(797, 39, 520, 3, 1, 1, 0, 31),
(798, 40, 420, 3, 0, 1, 1, 31),
(799, 41, 0, 0, 0, 0, 0, 31),
(800, 42, 600, 3, 2, 1, 1, 31),
(801, 45, 750, 3, 2, 1, 0, 31),
(802, 605, 0, 0, 0, 0, 0, 31),
(803, 609, 900, 3, 3, 1, 0, 31),
(804, 973, 800, 3, 2, 1, 1, 31),
(805, 975, 0, 0, 0, 0, 0, 31),
(806, 976, 840, 3, 3, 1, 0, 31),
(807, 977, 840, 3, 3, 1, 0, 31),
(808, 1, 800, 3, 2, 1, 0, 32),
(809, 2, 640, 3, 1, 1, 0, 32),
(810, 3, 960, 3, 3, 1, 0, 32),
(811, 4, 800, 3, 2, 1, 0, 32),
(812, 5, 480, 3, 0, 1, 0, 32),
(813, 6, 800, 3, 2, 1, 0, 32),
(814, 7, 480, 3, 0, 1, 0, 32),
(815, 8, 640, 3, 1, 1, 0, 32),
(816, 9, 640, 3, 1, 1, 0, 32),
(817, 10, 640, 3, 1, 1, 0, 32),
(818, 11, 800, 3, 2, 1, 0, 32),
(819, 12, 0, 0, 0, 0, 0, 32),
(820, 13, 0, 0, 0, 0, 0, 32),
(821, 14, 640, 3, 1, 1, 0, 32),
(822, 15, 800, 3, 2, 1, 1, 32),
(823, 16, 0, 0, 0, 0, 0, 32),
(824, 17, 750, 3, 2, 1, 0, 32),
(825, 18, 750, 3, 2, 1, 0, 32),
(826, 19, 560, 3, 1, 2, 2, 32),
(827, 20, 750, 3, 2, 1, 1, 32),
(828, 21, 840, 3, 3, 1, 1, 32),
(829, 22, 700, 3, 2, 1, 0, 32),
(830, 25, 560, 3, 1, 1, 0, 32),
(831, 26, 560, 3, 1, 1, 0, 32),
(832, 27, 840, 3, 3, 1, 0, 32),
(833, 28, 700, 3, 2, 1, 1, 32),
(834, 29, 600, 3, 1, 1, 0, 32),
(835, 31, 700, 3, 2, 1, 1, 32),
(836, 32, 520, 3, 1, 1, 1, 32),
(837, 33, 0, 0, 0, 0, 0, 32),
(838, 34, 650, 3, 2, 1, 1, 32),
(839, 35, 0, 0, 0, 0, 0, 32),
(840, 36, 700, 3, 2, 0, 0, 32),
(841, 37, 0, 0, 0, 0, 0, 32),
(842, 38, 0, 0, 0, 0, 0, 32),
(843, 39, 260, 2, 0, 1, 0, 32),
(844, 40, 560, 3, 1, 1, 1, 32),
(845, 41, 0, 0, 0, 0, 0, 32),
(846, 42, 480, 3, 1, 1, 0, 32),
(847, 45, 0, 0, 0, 0, 0, 32),
(848, 605, 0, 0, 0, 0, 0, 32),
(849, 609, 800, 3, 2, 1, 1, 32),
(850, 973, 0, 0, 0, 0, 0, 32),
(851, 975, 0, 0, 0, 0, 0, 32),
(852, 976, 700, 3, 2, 1, 0, 32),
(853, 977, 560, 3, 1, 1, 1, 32),
(854, 978, 420, 3, 0, 1, 0, 32),
(855, 1, 640, 3, 1, 1, 1, 33),
(856, 2, 640, 3, 1, 1, 1, 33),
(857, 3, 480, 3, 0, 1, 0, 33),
(858, 4, 800, 3, 2, 1, 1, 33),
(859, 5, 960, 3, 3, 1, 0, 33),
(860, 6, 160, 1, 0, 1, 0, 33),
(861, 7, 960, 3, 3, 1, 0, 33),
(862, 8, 640, 3, 1, 1, 0, 33),
(863, 9, 480, 3, 0, 1, 0, 33),
(864, 10, 800, 3, 2, 1, 0, 33),
(865, 11, 640, 3, 1, 1, 0, 33),
(866, 12, 800, 3, 2, 1, 1, 33),
(867, 13, 0, 0, 0, 0, 0, 33),
(868, 14, 480, 3, 0, 1, 1, 33),
(869, 15, 800, 3, 2, 1, 0, 33),
(870, 16, 450, 3, 0, 1, 1, 33),
(871, 17, 600, 3, 1, 1, 1, 33),
(872, 18, 450, 3, 0, 1, 0, 33),
(873, 19, 900, 3, 3, 0, 0, 33),
(874, 20, 150, 1, 0, 1, 0, 33),
(875, 21, 700, 3, 2, 1, 1, 33),
(876, 22, 560, 3, 1, 1, 0, 33),
(877, 25, 560, 3, 1, 1, 0, 33),
(878, 26, 700, 3, 2, 1, 0, 33),
(879, 27, 450, 3, 0, 1, 1, 33),
(880, 28, 750, 3, 2, 1, 0, 33),
(881, 29, 750, 3, 2, 1, 1, 33),
(882, 31, 0, 0, 0, 0, 0, 33),
(883, 32, 840, 3, 3, 1, 0, 33),
(884, 33, 0, 0, 0, 0, 0, 33),
(885, 34, 650, 3, 2, 1, 0, 33),
(886, 35, 0, 0, 0, 0, 0, 33),
(887, 36, 0, 0, 0, 0, 0, 33),
(888, 37, 700, 3, 2, 1, 0, 33),
(889, 38, 0, 0, 0, 0, 0, 33),
(890, 39, 650, 3, 2, 1, 1, 33),
(891, 40, 700, 3, 2, 1, 1, 33),
(892, 41, 480, 3, 1, 0, 0, 33),
(893, 42, 520, 3, 1, 1, 0, 33),
(894, 45, 600, 3, 1, 1, 0, 33),
(895, 605, 750, 3, 2, 1, 0, 33),
(896, 609, 800, 3, 2, 1, 1, 33),
(897, 973, 480, 3, 0, 1, 0, 33),
(898, 976, 560, 3, 1, 1, 1, 33),
(899, 977, 420, 3, 0, 1, 1, 33),
(900, 978, 0, 0, 0, 0, 0, 33),
(901, 1, 800, 3, 2, 1, 1, 34),
(902, 2, 480, 3, 0, 1, 0, 34),
(903, 3, 800, 3, 2, 1, 1, 34),
(904, 4, 800, 3, 2, 1, 1, 34),
(905, 5, 800, 3, 2, 1, 0, 34),
(906, 6, 960, 3, 3, 1, 0, 34),
(907, 7, 480, 3, 0, 1, 0, 34),
(908, 8, 960, 3, 3, 1, 1, 34),
(909, 9, 800, 3, 2, 1, 1, 34),
(910, 10, 640, 3, 1, 0, 0, 34),
(911, 11, 640, 3, 1, 1, 0, 34),
(912, 12, 800, 3, 2, 1, 0, 34),
(913, 13, 0, 0, 0, 0, 0, 34),
(914, 14, 640, 3, 1, 1, 1, 34),
(915, 15, 800, 3, 2, 1, 0, 34),
(916, 16, 800, 3, 2, 1, 1, 34),
(917, 17, 450, 3, 0, 1, 0, 34),
(918, 18, 600, 3, 1, 1, 0, 34),
(919, 19, 480, 3, 0, 1, 0, 34),
(920, 20, 750, 3, 2, 0, 0, 34),
(921, 21, 600, 3, 1, 1, 0, 34),
(922, 22, 600, 3, 1, 1, 0, 34),
(923, 25, 0, 0, 0, 0, 0, 34),
(924, 26, 280, 1, 1, 1, 1, 34),
(925, 27, 750, 3, 2, 1, 1, 34),
(926, 28, 600, 3, 1, 1, 1, 34),
(927, 29, 750, 3, 2, 1, 0, 34),
(928, 31, 0, 0, 0, 0, 0, 34),
(929, 32, 560, 3, 1, 1, 1, 34),
(930, 33, 0, 0, 0, 0, 0, 34),
(931, 34, 650, 3, 2, 1, 0, 34),
(932, 35, 0, 0, 0, 0, 0, 34),
(933, 36, 0, 0, 0, 0, 0, 34),
(934, 37, 560, 3, 1, 1, 0, 34),
(935, 38, 0, 0, 0, 0, 0, 34),
(936, 39, 650, 3, 2, 1, 0, 34),
(937, 40, 700, 3, 2, 1, 0, 34),
(938, 41, 0, 0, 0, 0, 0, 34),
(939, 42, 650, 3, 2, 1, 1, 34),
(940, 45, 560, 3, 1, 1, 0, 34),
(941, 605, 750, 3, 2, 1, 1, 34),
(942, 609, 600, 3, 1, 1, 0, 34),
(943, 973, 640, 3, 1, 1, 0, 34),
(944, 976, 0, 0, 0, 0, 0, 34),
(945, 977, 520, 3, 1, 1, 0, 34),
(946, 978, 0, 0, 0, 0, 0, 34),
(947, 979, 700, 3, 2, 1, 0, 34),
(948, 980, 0, 0, 0, 0, 0, 34),
(949, 981, 0, 0, 0, 0, 0, 34),
(950, 982, 0, 0, 0, 0, 0, 34),
(951, 983, 0, 0, 0, 0, 0, 34),
(952, 1, 0, 0, 0, 0, 0, 35),
(953, 2, 0, 0, 0, 0, 0, 35),
(954, 3, 0, 0, 0, 0, 0, 35),
(955, 4, 0, 0, 0, 0, 0, 35),
(956, 5, 0, 0, 0, 0, 0, 35),
(957, 6, 0, 0, 0, 0, 0, 35),
(958, 7, 0, 0, 0, 0, 0, 35),
(959, 8, 0, 0, 0, 0, 0, 35),
(960, 9, 0, 0, 0, 0, 0, 35),
(961, 10, 0, 0, 0, 0, 0, 35),
(962, 11, 0, 0, 0, 0, 0, 35),
(963, 12, 0, 0, 0, 0, 0, 35),
(964, 13, 0, 0, 0, 0, 0, 35),
(965, 14, 0, 0, 0, 0, 0, 35),
(966, 15, 0, 0, 0, 0, 0, 35),
(967, 16, 0, 0, 0, 0, 0, 35),
(968, 17, 0, 0, 0, 0, 0, 35),
(969, 18, 0, 0, 0, 0, 0, 35),
(970, 19, 0, 0, 0, 0, 0, 35),
(971, 20, 0, 0, 0, 0, 0, 35),
(972, 21, 0, 0, 0, 0, 0, 35),
(973, 22, 0, 0, 0, 0, 0, 35),
(974, 26, 0, 0, 0, 0, 0, 35),
(975, 27, 0, 0, 0, 0, 0, 35),
(976, 28, 0, 0, 0, 0, 0, 35),
(977, 29, 0, 0, 0, 0, 0, 35),
(978, 31, 0, 0, 0, 0, 0, 35),
(979, 32, 0, 0, 0, 0, 0, 35),
(980, 33, 0, 0, 0, 0, 0, 35),
(981, 34, 0, 0, 0, 0, 0, 35),
(982, 35, 0, 0, 0, 0, 0, 35),
(983, 36, 0, 0, 0, 0, 0, 35),
(984, 37, 0, 0, 0, 0, 0, 35),
(985, 38, 0, 0, 0, 0, 0, 35),
(986, 39, 0, 0, 0, 0, 0, 35),
(987, 40, 0, 0, 0, 0, 0, 35),
(988, 42, 0, 0, 0, 0, 0, 35),
(989, 45, 0, 0, 0, 0, 0, 35),
(990, 605, 0, 0, 0, 0, 0, 35),
(991, 609, 0, 0, 0, 0, 0, 35),
(992, 973, 0, 0, 0, 0, 0, 35),
(993, 976, 0, 0, 0, 0, 0, 35),
(994, 977, 650, 3, 2, 0, 0, 35),
(995, 978, 0, 0, 0, 0, 0, 35),
(996, 979, 0, 0, 0, 0, 0, 35),
(997, 980, 0, 0, 0, 0, 0, 35),
(998, 981, 0, 0, 0, 0, 0, 35),
(999, 982, 0, 0, 0, 0, 0, 35),
(1000, 983, 700, 3, 2, 0, 0, 35),
(1001, 984, 0, 0, 0, 0, 0, 35);

-- --------------------------------------------------------

--
-- Table structure for table `role`
--

CREATE TABLE `role` (
  `id` int(1) NOT NULL,
  `name` varchar(50) CHARACTER SET utf8 NOT NULL,
  `machine_name` varchar(20) CHARACTER SET utf8 DEFAULT NULL
) ENGINE=InnoDB DEFAULT CHARSET=utf8 COLLATE=utf8_unicode_ci;

--
-- Dumping data for table `role`
--

INSERT INTO `role` (`id`, `name`, `machine_name`) VALUES
(1, 'Chef', 'leader'),
(2, 'Chef Adjoint', 'coLeader'),
(3, 'Ain', 'elder'),
(4, 'Membre', 'member');

-- --------------------------------------------------------

--
-- Table structure for table `standings`
--

CREATE TABLE `standings` (
  `id` int(5) NOT NULL,
  `tag` varchar(10) NOT NULL,
  `name` varchar(35) NOT NULL,
  `participants` int(2) NOT NULL,
  `battles_played` int(2) NOT NULL,
  `battles_won` int(2) NOT NULL,
  `crowns` int(4) NOT NULL,
  `war_trophies` int(5) NOT NULL,
  `war_id` int(5) NOT NULL
) ENGINE=InnoDB DEFAULT CHARSET=latin1;

--
-- Dumping data for table `standings`
--

INSERT INTO `standings` (`id`, `tag`, `name`, `participants`, `battles_played`, `battles_won`, `crowns`, `war_trophies`, `war_id`) VALUES
(1, 'LGCP', 'Aussie Avengers', 36, 35, 18, 37, 1300, 13),
(2, '9RGPL8PC', 'Iron', 37, 28, 18, 37, 894, 13),
(3, '8UQ0ULU', 'Night Wolves', 36, 32, 18, 25, 1399, 13),
(4, 'R8Q8GL', 'CROATIA', 35, 33, 11, 31, 1210, 13),
(5, '8VPG2YQ8', 'Nom Arabe ou chinois', 34, 33, 8, 23, 934, 13),
(6, '9RGPL8PC', 'Iron', 36, 33, 11, 29, 987, 22),
(7, 'P80C2C9', 'royale lol', 33, 33, 22, 44, 1095, 22),
(8, '2LLLUPVJ', 'os lend?rios', 32, 29, 16, 25, 1184, 22),
(9, '8Y80Y0RL', 'Macei? Elit', 32, 34, 16, 31, 1263, 22),
(10, '2JUPGVVR', '?Kings Activos!', 33, 27, 13, 20, 1387, 22),
(11, '2GCCQ2GC', 'Nom Arabe ou chinois', 35, 36, 21, 41, 1158, 23),
(12, '2P98J0CJ', 'Imperio Peruano', 36, 33, 21, 38, 1038, 23),
(13, '2GP8LJ0C', 'Deathly Hallows', 35, 38, 18, 30, 1022, 23),
(14, '9RGPL8PC', 'Iron', 38, 37, 16, 32, 938, 23),
(15, '9YYR088', 'Abbey\'s Army', 34, 28, 5, 14, 1240, 23),
(16, '9RGPL8PC', 'Iron', 42, 42, 22, 43, 925, 24),
(17, 'PLU99U0', 'BRASIL ELITE', 36, 36, 23, 44, 1187, 24),
(18, '908P2J8U', 'TEAM CLASH MT', 38, 39, 17, 40, 1156, 24),
(19, '2L2CGY0Q', '???????????', 37, 40, 22, 37, 1385, 24),
(20, 'YCGCY0Q', 'Sesto Fut Team', 39, 40, 23, 41, 1475, 24),
(21, '8PC89RLG', 'Nom Arabe ou chinois', 40, 37, 25, 46, 1360, 25),
(22, 'P0C2CUQ2', 'nova eSport2.0', 36, 30, 21, 38, 975, 25),
(23, '9RGPL8PC', 'Iron', 36, 38, 21, 41, 932, 25),
(24, '2VUYUJLR', 'Nom Arabe ou chinois', 36, 37, 18, 29, 1493, 25),
(25, 'YPLL200', 'Nom Arabe ou chinois', 40, 37, 21, 34, 1098, 25),
(26, '28J2PUP', 'KSA', 42, 37, 19, 37, 1439, 26),
(27, '9RGPL8PC', 'Iron', 38, 41, 23, 46, 1003, 26),
(28, '9J8YY28', 'The Colt Myth', 36, 38, 22, 38, 1263, 26),
(29, 'QL02RJ9', 'herdez vicio MX', 39, 38, 15, 29, 1409, 26),
(30, '9Y0G2VPC', 'the red master', 35, 35, 9, 21, 1208, 26),
(31, '229R9LQ2', 'TOP BR', 36, 37, 15, 33, 1337, 27),
(32, '9RGPL8PC', 'Iron', 37, 38, 18, 38, 1076, 27),
(33, 'YYQ98Q', '?? ??', 41, 35, 14, 30, 1328, 27),
(34, '2L9U0J8L', 'Nom Arabe ou chinois', 37, 39, 14, 31, 1266, 27),
(35, '2RR0G8YY', 'Legends Royale', 39, 38, 9, 27, 1208, 27),
(36, '9RGPL8PC', 'Iron', 36, 38, 22, 37, 1194, 28),
(37, '9PR0R90P', 'Genei Ryodan', 37, 37, 18, 46, 1453, 28),
(38, '2G92VQ', 'Tesla Supremacy', 38, 35, 20, 35, 1296, 28),
(39, 'PP2GCLQ', 'Nom Arabe ou chinois', 36, 35, 22, 34, 1041, 28),
(40, '8VC0UYV', 'Korea', 35, 31, 12, 28, 1331, 28),
(41, 'GQL2RL', 'Type1', 41, 37, 19, 36, 1019, 29),
(42, '92U98JCR', 'ROOT GAMING', 41, 35, 17, 30, 1359, 29),
(43, '8CRULYCY', 'bachelor', 33, 38, 23, 40, 1211, 29),
(44, '9299CL8J', 'Nom Arabe ou chinois', 31, 35, 14, 31, 1257, 29),
(45, '9RGPL8PC', 'Iron', 34, 39, 14, 29, 1316, 29),
(46, 'C22PCY', 'Nom Arabe ou chinois', 40, 38, 24, 45, 1185, 30),
(47, '9RGPL8PC', 'Iron', 38, 40, 20, 34, 1250, 30),
(48, 'GQL2RL', 'Type1', 41, 39, 11, 29, 1089, 30),
(49, '9LG8LJ0P', 'NOVA I ELITE', 38, 37, 11, 24, 1255, 30),
(50, '8CG9R9LP', 'Power clash', 39, 31, 12, 27, 963, 30),
(51, '8YGPUCCY', 'Royale Team', 35, 33, 18, 30, 1354, 31),
(52, '99RGPVVQ', 'INVENC?VEIS', 35, 35, 18, 36, 1471, 31),
(53, 'RRUY8J', 'Red Raiders', 36, 32, 21, 41, 1287, 31),
(54, '8CG9R9LP', 'Power clash', 35, 26, 13, 27, 960, 31),
(55, '9RGPL8PC', 'Iron', 36, 35, 19, 41, 1320, 31),
(56, '9UY0QP9L', 'UNIVERSO 7', 32, 33, 22, 46, 1460, 32),
(57, '99GU80JY', 'Exiliados clan', 33, 33, 12, 19, 968, 32),
(58, '9RGPL8PC', 'Iron', 35, 35, 12, 22, 1389, 32),
(59, '9RGUC9QL', 'MEXICAN EMPIRE', 36, 32, 20, 36, 1391, 32),
(60, 'U00YUV', 'America', 36, 31, 17, 30, 1220, 32),
(61, '2CLQQYPP', 'Fam?lia BR', 35, 36, 21, 39, 1000, 33),
(62, '9YRVR2LG', '??', 37, 35, 17, 38, 951, 33),
(63, '2998CG0J', 'ARGENTOS', 38, 37, 19, 40, 1344, 33),
(64, '8VGUV9QV', 'the ultimate', 38, 37, 19, 31, 1314, 33),
(65, '9RGPL8PC', 'Iron', 39, 37, 15, 34, 1361, 33),
(66, '8P8VJVLL', 'MTwins', 34, 34, 14, 37, 1202, 34),
(67, '8VGUV9QV', 'the ultimate', 36, 34, 13, 22, 1313, 34),
(68, '9RGPL8PC', 'Iron', 37, 35, 13, 30, 1296, 34),
(69, '2JPLPRR9', 'ItasPro', 35, 30, 14, 24, 1201, 34),
(70, '9C80VPVR', 'Per? legends', 37, 33, 14, 26, 1249, 34);

-- --------------------------------------------------------

--
-- Table structure for table `war`
--

CREATE TABLE `war` (
  `id` int(4) NOT NULL,
  `created` int(15) NOT NULL,
  `past_war` tinyint(1) NOT NULL COMMENT 'boolean, vrai si c''est une ancienne guerre'
) ENGINE=InnoDB DEFAULT CHARSET=latin1;

--
-- Dumping data for table `war`
--

INSERT INTO `war` (`id`, `created`, `past_war`) VALUES
(12, 1530223645, 1),
(13, 1530396482, 1),
(22, 1530569765, 1),
(23, 1530743005, 1),
(24, 1530916877, 1),
(25, 1531090228, 1),
(26, 1531263126, 1),
(27, 1531435947, 1),
(28, 1531609438, 1),
(29, 1531782263, 1),
(30, 1531955107, 1),
(31, 1532127930, 1),
(32, 1532300751, 1),
(33, 1532473646, 1),
(34, 1532646488, 1),
(35, 0, 0);

-- --------------------------------------------------------

--
-- Table structure for table `war_decks`
--

CREATE TABLE `war_decks` (
  `id` int(11) NOT NULL,
  `deck_id` int(11) NOT NULL,
  `war_id` int(11) NOT NULL
) ENGINE=InnoDB DEFAULT CHARSET=latin1 COMMENT='Table de jointure - quel deck est dans quelle guerre';

--
-- Dumping data for table `war_decks`
--

INSERT INTO `war_decks` (`id`, `deck_id`, `war_id`) VALUES
(1, 98, 25),
(2, 99, 25),
(3, 100, 25),
(4, 101, 25),
(5, 102, 25),
(6, 103, 25),
(7, 104, 25),
(8, 105, 25),
(9, 106, 25),
(10, 107, 25),
(11, 108, 25),
(12, 109, 25),
(13, 110, 25),
(14, 111, 25),
(15, 112, 25),
(16, 113, 25),
(17, 114, 25),
(18, 115, 25),
(19, 116, 25),
(20, 117, 25),
(21, 118, 25),
(22, 119, 25),
(23, 120, 25),
(24, 121, 25),
(25, 124, 25),
(26, 125, 25),
(27, 128, 25),
(28, 135, 26),
(29, 136, 26),
(30, 137, 26),
(31, 138, 26),
(32, 139, 26),
(33, 140, 26),
(34, 141, 26),
(35, 142, 26),
(36, 143, 26),
(37, 144, 26),
(38, 145, 26),
(39, 146, 26),
(40, 147, 26),
(41, 148, 26),
(42, 149, 26),
(43, 150, 26),
(44, 151, 26),
(45, 152, 26),
(46, 153, 26),
(47, 154, 26),
(48, 155, 26),
(49, 156, 26),
(50, 157, 26),
(51, 158, 26),
(52, 159, 26),
(53, 160, 26),
(54, 161, 26),
(55, 162, 26),
(56, 163, 26),
(57, 164, 26),
(58, 165, 26),
(59, 166, 26),
(60, 167, 26),
(61, 168, 26),
(62, 171, 27),
(63, 172, 27),
(64, 173, 27),
(65, 174, 27),
(66, 175, 27),
(67, 176, 27),
(68, 177, 27),
(69, 178, 27),
(70, 179, 27),
(71, 180, 27),
(72, 181, 27),
(73, 182, 27),
(74, 183, 27),
(75, 184, 27),
(76, 185, 27),
(77, 186, 27),
(78, 187, 27),
(79, 188, 27),
(80, 189, 27),
(81, 190, 27),
(82, 191, 27),
(83, 192, 27),
(84, 193, 27),
(85, 194, 27),
(86, 195, 27),
(87, 196, 27),
(88, 197, 27),
(89, 198, 27),
(90, 199, 27),
(91, 200, 27),
(92, 201, 27),
(93, 202, 27),
(94, 205, 28),
(95, 206, 28),
(96, 207, 28),
(97, 209, 28),
(98, 210, 28),
(99, 211, 28),
(100, 212, 28),
(101, 213, 28),
(102, 214, 28),
(103, 215, 28),
(104, 216, 28),
(105, 217, 28),
(106, 218, 28),
(107, 219, 28),
(108, 220, 28),
(109, 221, 28),
(110, 222, 28),
(111, 223, 28),
(112, 224, 28),
(113, 225, 28),
(114, 226, 28),
(115, 227, 28),
(116, 228, 28),
(117, 229, 28),
(118, 230, 28),
(119, 231, 28),
(120, 232, 28),
(121, 233, 28),
(122, 234, 28),
(123, 235, 28),
(124, 236, 28),
(125, 237, 29),
(126, 238, 29),
(127, 239, 29),
(128, 240, 29),
(129, 241, 29),
(130, 242, 29),
(131, 243, 29),
(132, 244, 29),
(133, 245, 29),
(134, 246, 29),
(135, 247, 29),
(136, 248, 29),
(137, 249, 29),
(138, 250, 29),
(139, 251, 29),
(140, 252, 29),
(141, 253, 29),
(142, 254, 29),
(143, 255, 29),
(144, 256, 29),
(145, 257, 29),
(146, 258, 29),
(147, 259, 29),
(148, 260, 29),
(149, 261, 29),
(150, 262, 29),
(151, 263, 29),
(152, 264, 29),
(153, 265, 29),
(154, 266, 29),
(155, 267, 29),
(156, 268, 29),
(157, 269, 30),
(158, 270, 30),
(159, 271, 30),
(160, 272, 30),
(161, 273, 30),
(162, 274, 30),
(163, 275, 30),
(164, 276, 30),
(165, 277, 30),
(166, 278, 30),
(167, 279, 30),
(168, 280, 30),
(169, 281, 30),
(170, 282, 30),
(171, 283, 30),
(172, 284, 30),
(173, 285, 30),
(174, 286, 30),
(175, 287, 30),
(176, 288, 30),
(177, 289, 30),
(178, 290, 30),
(179, 291, 30),
(180, 292, 30),
(181, 293, 30),
(182, 294, 30),
(183, 295, 30),
(184, 296, 30),
(185, 297, 30),
(186, 298, 30),
(187, 299, 30),
(188, 300, 30),
(189, 301, 30),
(190, 302, 30),
(191, 303, 30),
(192, 304, 30),
(193, 305, 31),
(194, 306, 31),
(195, 307, 31),
(196, 308, 31),
(197, 309, 31),
(198, 310, 31),
(199, 311, 31),
(200, 312, 31),
(201, 313, 31),
(202, 314, 31),
(203, 315, 31),
(204, 316, 31),
(205, 317, 31),
(206, 318, 31),
(207, 319, 31),
(208, 320, 31),
(209, 321, 31),
(210, 322, 31),
(211, 323, 31),
(212, 324, 31),
(213, 325, 31),
(214, 326, 31),
(215, 327, 31),
(216, 328, 31),
(217, 330, 31),
(218, 331, 31),
(219, 332, 31),
(220, 333, 31),
(221, 334, 31),
(222, 335, 31),
(223, 336, 31),
(224, 337, 32),
(225, 338, 32),
(226, 339, 32),
(227, 340, 32),
(228, 341, 32),
(229, 342, 32),
(230, 343, 32),
(231, 344, 32),
(232, 345, 32),
(233, 346, 32),
(234, 347, 32),
(235, 348, 32),
(236, 349, 32),
(237, 350, 32),
(238, 351, 32),
(239, 352, 32),
(240, 353, 32),
(241, 354, 32),
(242, 355, 32),
(243, 356, 32),
(244, 357, 32),
(245, 358, 32),
(246, 359, 32),
(247, 360, 32),
(248, 361, 32),
(249, 362, 32),
(250, 363, 32),
(251, 364, 32),
(252, 365, 32),
(253, 366, 32),
(254, 367, 32),
(255, 370, 33),
(256, 371, 33),
(257, 372, 33),
(258, 373, 33),
(259, 374, 33),
(260, 375, 33),
(261, 376, 33),
(262, 377, 33),
(263, 378, 33),
(264, 379, 33),
(265, 380, 33),
(266, 381, 33),
(267, 382, 33),
(268, 383, 33),
(269, 384, 33),
(270, 385, 33),
(271, 386, 33),
(272, 387, 33),
(273, 388, 33),
(274, 389, 33),
(275, 390, 33),
(276, 391, 33),
(277, 392, 33),
(278, 393, 33),
(279, 394, 33),
(280, 395, 33),
(281, 396, 33),
(282, 397, 33),
(283, 398, 33),
(284, 399, 33),
(285, 400, 33),
(286, 401, 33),
(287, 402, 33),
(288, 403, 33),
(289, 406, 34),
(290, 407, 34),
(291, 408, 34),
(292, 409, 34),
(293, 410, 34),
(294, 411, 34),
(295, 412, 34),
(296, 413, 34),
(297, 414, 34),
(298, 415, 34),
(299, 416, 34),
(300, 417, 34),
(301, 418, 34),
(302, 419, 34),
(303, 420, 34),
(304, 421, 34),
(305, 422, 34),
(306, 423, 34),
(307, 424, 34),
(308, 425, 34),
(309, 426, 34),
(310, 427, 34),
(311, 428, 34),
(312, 429, 34),
(313, 430, 34),
(314, 431, 34),
(315, 432, 34),
(316, 433, 34),
(317, 434, 34),
(318, 435, 34),
(319, 436, 34),
(320, 437, 34),
(321, 438, 34),
(322, 439, 34);

--
-- Indexes for dumped tables
--

--
-- Indexes for table `arena`
--
ALTER TABLE `arena`
  ADD PRIMARY KEY (`id`),
  ADD KEY `arena_id` (`arena_id`);

--
-- Indexes for table `cards`
--
ALTER TABLE `cards`
  ADD PRIMARY KEY (`id`),
  ADD KEY `arena` (`arena`),
  ADD KEY `cr_id` (`cr_id`),
  ADD KEY `card_key` (`card_key`);

--
-- Indexes for table `card_deck`
--
ALTER TABLE `card_deck`
  ADD PRIMARY KEY (`id`),
  ADD KEY `card_id` (`card_id`),
  ADD KEY `deck_id` (`deck_id`);

--
-- Indexes for table `decks`
--
ALTER TABLE `decks`
  ADD PRIMARY KEY (`id`),
  ADD KEY `player_id` (`player_id`);

--
-- Indexes for table `deck_results`
--
ALTER TABLE `deck_results`
  ADD PRIMARY KEY (`id`),
  ADD KEY `deck_id` (`deck_id`);

--
-- Indexes for table `last_updated`
--
ALTER TABLE `last_updated`
  ADD PRIMARY KEY (`id`);

--
-- Indexes for table `players`
--
ALTER TABLE `players`
  ADD PRIMARY KEY (`id`),
  ADD UNIQUE KEY `tag` (`tag`),
  ADD KEY `fk_role_id` (`role_id`);

--
-- Indexes for table `player_war`
--
ALTER TABLE `player_war`
  ADD PRIMARY KEY (`id`),
  ADD KEY `player_id` (`player_id`),
  ADD KEY `war_id` (`war_id`),
  ADD KEY `battle_played` (`battle_played`),
  ADD KEY `collection_played` (`collection_played`);

--
-- Indexes for table `role`
--
ALTER TABLE `role`
  ADD PRIMARY KEY (`id`);

--
-- Indexes for table `standings`
--
ALTER TABLE `standings`
  ADD PRIMARY KEY (`id`),
  ADD KEY `war_id` (`war_id`);

--
-- Indexes for table `war`
--
ALTER TABLE `war`
  ADD PRIMARY KEY (`id`);

--
-- Indexes for table `war_decks`
--
ALTER TABLE `war_decks`
  ADD PRIMARY KEY (`id`),
  ADD KEY `deck_id` (`deck_id`),
  ADD KEY `war_id` (`war_id`);

--
-- AUTO_INCREMENT for dumped tables
--

--
-- AUTO_INCREMENT for table `arena`
--
ALTER TABLE `arena`
  MODIFY `id` int(2) NOT NULL AUTO_INCREMENT, AUTO_INCREMENT=23;
--
-- AUTO_INCREMENT for table `cards`
--
ALTER TABLE `cards`
  MODIFY `id` int(6) NOT NULL AUTO_INCREMENT, AUTO_INCREMENT=87;
--
-- AUTO_INCREMENT for table `card_deck`
--
ALTER TABLE `card_deck`
  MODIFY `id` int(11) NOT NULL AUTO_INCREMENT, AUTO_INCREMENT=2921;
--
-- AUTO_INCREMENT for table `decks`
--
ALTER TABLE `decks`
  MODIFY `id` int(6) NOT NULL AUTO_INCREMENT, AUTO_INCREMENT=440;
--
-- AUTO_INCREMENT for table `deck_results`
--
ALTER TABLE `deck_results`
  MODIFY `id` int(8) NOT NULL AUTO_INCREMENT, AUTO_INCREMENT=1503;
--
-- AUTO_INCREMENT for table `last_updated`
--
ALTER TABLE `last_updated`
  MODIFY `id` int(3) NOT NULL AUTO_INCREMENT, AUTO_INCREMENT=23;
--
-- AUTO_INCREMENT for table `players`
--
ALTER TABLE `players`
  MODIFY `id` int(4) NOT NULL AUTO_INCREMENT, AUTO_INCREMENT=986;
--
-- AUTO_INCREMENT for table `player_war`
--
ALTER TABLE `player_war`
  MODIFY `id` int(10) NOT NULL AUTO_INCREMENT, AUTO_INCREMENT=1002;
--
-- AUTO_INCREMENT for table `role`
--
ALTER TABLE `role`
  MODIFY `id` int(1) NOT NULL AUTO_INCREMENT, AUTO_INCREMENT=5;
--
-- AUTO_INCREMENT for table `standings`
--
ALTER TABLE `standings`
  MODIFY `id` int(5) NOT NULL AUTO_INCREMENT, AUTO_INCREMENT=71;
--
-- AUTO_INCREMENT for table `war`
--
ALTER TABLE `war`
  MODIFY `id` int(4) NOT NULL AUTO_INCREMENT, AUTO_INCREMENT=36;
--
-- AUTO_INCREMENT for table `war_decks`
--
ALTER TABLE `war_decks`
  MODIFY `id` int(11) NOT NULL AUTO_INCREMENT, AUTO_INCREMENT=323;
--
-- Constraints for dumped tables
--

--
-- Constraints for table `cards`
--
ALTER TABLE `cards`
  ADD CONSTRAINT `cards_ibfk_1` FOREIGN KEY (`arena`) REFERENCES `arena` (`arena_id`);

--
-- Constraints for table `card_deck`
--
ALTER TABLE `card_deck`
  ADD CONSTRAINT `card_deck_ibfk_1` FOREIGN KEY (`card_id`) REFERENCES `cards` (`id`),
  ADD CONSTRAINT `card_deck_ibfk_2` FOREIGN KEY (`deck_id`) REFERENCES `decks` (`id`);

--
-- Constraints for table `decks`
--
ALTER TABLE `decks`
  ADD CONSTRAINT `decks_ibfk_1` FOREIGN KEY (`player_id`) REFERENCES `players` (`id`);

--
-- Constraints for table `deck_results`
--
ALTER TABLE `deck_results`
  ADD CONSTRAINT `deck_results_ibfk_1` FOREIGN KEY (`deck_id`) REFERENCES `decks` (`id`);

--
-- Constraints for table `players`
--
ALTER TABLE `players`
  ADD CONSTRAINT `fk_role_id` FOREIGN KEY (`role_id`) REFERENCES `role` (`id`);

--
-- Constraints for table `player_war`
--
ALTER TABLE `player_war`
  ADD CONSTRAINT `player_war_ibfk_1` FOREIGN KEY (`player_id`) REFERENCES `players` (`id`),
  ADD CONSTRAINT `player_war_ibfk_2` FOREIGN KEY (`war_id`) REFERENCES `war` (`id`);

--
-- Constraints for table `standings`
--
ALTER TABLE `standings`
  ADD CONSTRAINT `standings_ibfk_1` FOREIGN KEY (`war_id`) REFERENCES `war` (`id`);

--
-- Constraints for table `war_decks`
--
ALTER TABLE `war_decks`
  ADD CONSTRAINT `war_decks_ibfk_1` FOREIGN KEY (`deck_id`) REFERENCES `decks` (`id`),
  ADD CONSTRAINT `war_decks_ibfk_2` FOREIGN KEY (`war_id`) REFERENCES `war` (`id`);
COMMIT;

/*!40101 SET CHARACTER_SET_CLIENT=@OLD_CHARACTER_SET_CLIENT */;
/*!40101 SET CHARACTER_SET_RESULTS=@OLD_CHARACTER_SET_RESULTS */;
/*!40101 SET COLLATION_CONNECTION=@OLD_COLLATION_CONNECTION */;
