-- phpMyAdmin SQL Dump
-- version 4.7.3
-- https://www.phpmyadmin.net/
--
-- Host: ironmanauedata.mysql.db
-- Generation Time: Jul 27, 2018 at 03:15 PM
-- Server version: 5.6.39-log
-- PHP Version: 7.0.30

SET SQL_MODE = "NO_AUTO_VALUE_ON_ZERO";
SET AUTOCOMMIT = 0;
START TRANSACTION;
SET time_zone = "+00:00";


/*!40101 SET @OLD_CHARACTER_SET_CLIENT=@@CHARACTER_SET_CLIENT */;
/*!40101 SET @OLD_CHARACTER_SET_RESULTS=@@CHARACTER_SET_RESULTS */;
/*!40101 SET @OLD_COLLATION_CONNECTION=@@COLLATION_CONNECTION */;
/*!40101 SET NAMES utf8mb4 */;

--
-- Database: `ironmanauedata`
--

-- --------------------------------------------------------

--
-- Table structure for table `arena`
--

CREATE TABLE `arena` (
  `id` int(2) NOT NULL,
  `arena_id` int(2) NOT NULL,
  `name` varchar(35) NOT NULL,
  `arena` varchar(35) NOT NULL,
  `trophy_limit` int(5) NOT NULL
) ENGINE=InnoDB DEFAULT CHARSET=utf8;

--
-- Dumping data for table `arena`
--

INSERT INTO `arena` (`id`, `arena_id`, `name`, `arena`, `trophy_limit`) VALUES
(1, 0, 'Training Camp', 'Training Camp', 0),
(2, 1, 'Goblin Stadium', 'Arena 1', 0),
(3, 2, 'Bone Pit', 'Arena 2', 400),
(4, 3, 'Barbarian Bowl', 'Arena 3', 800),
(5, 4, 'P.E.K.K.A\'s Playhouse', 'Arena 4', 1100),
(6, 5, 'Spell Valley', 'Arena 5', 1400),
(7, 6, 'Builder\'s Workshop', 'Arena 6', 1700),
(8, 7, 'Royal Arena', 'Arena 7', 2000),
(9, 8, 'Frozen Peak', 'Arena 8', 2300),
(10, 9, 'Jungle Arena', 'Arena 9', 2600),
(11, 10, 'Hog Mountain', 'Arena 10', 3000),
(12, 11, 'Electro Valley', 'Arena 11', 3400),
(13, 12, 'Legendary Arena', 'Arena 12', 3800),
(14, 13, 'Challenger I', 'League 1', 4000),
(15, 14, 'Challenger II', 'League 2', 4300),
(16, 15, 'Challenger III', 'League 3', 4600),
(17, 16, 'Master I', 'League 4', 4900),
(18, 17, 'Master II', 'League 5', 5200),
(19, 18, 'Master III', 'League 6', 5500),
(20, 19, 'Champion', 'League 7', 5800),
(21, 20, 'Grand Champion', 'League 8', 6100),
(22, 21, 'Ultimate Champion', 'League 9', 6400);

-- --------------------------------------------------------

--
-- Table structure for table `cards`
--

CREATE TABLE `cards` (
  `id` int(6) NOT NULL,
  `card_key` varchar(25) NOT NULL,
  `name` varchar(25) NOT NULL,
  `elixir` int(2) NOT NULL,
  `type` varchar(15) NOT NULL,
  `rarity` varchar(15) NOT NULL,
  `cr_id` int(12) NOT NULL,
  `arena` int(3) NOT NULL
) ENGINE=InnoDB DEFAULT CHARSET=latin1;

--
-- Dumping data for table `cards`
--

INSERT INTO `cards` (`id`, `card_key`, `name`, `elixir`, `type`, `rarity`, `cr_id`, `arena`) VALUES
(1, 'knight', 'Knight', 3, 'Troop', 'Common', 26000000, 0),
(2, 'archers', 'Archers', 3, 'Troop', 'Common', 26000001, 0),
(3, 'goblins', 'Goblins', 2, 'Troop', 'Common', 26000002, 1),
(4, 'giant', 'Giant', 5, 'Troop', 'Rare', 26000003, 0),
(5, 'pekka', 'P.E.K.K.A', 7, 'Troop', 'Epic', 26000004, 4),
(6, 'minions', 'Minions', 3, 'Troop', 'Common', 26000005, 0),
(7, 'balloon', 'Balloon', 5, 'Troop', 'Epic', 26000006, 2),
(8, 'witch', 'Witch', 5, 'Troop', 'Epic', 26000007, 0),
(9, 'barbarians', 'Barbarians', 5, 'Troop', 'Common', 26000008, 3),
(10, 'golem', 'Golem', 8, 'Troop', 'Epic', 26000009, 3),
(11, 'skeletons', 'Skeletons', 1, 'Troop', 'Common', 26000010, 2),
(12, 'valkyrie', 'Valkyrie', 4, 'Troop', 'Rare', 26000011, 2),
(13, 'skeleton-army', 'Skeleton Army', 3, 'Troop', 'Epic', 26000012, 0),
(14, 'bomber', 'Bomber', 3, 'Troop', 'Common', 26000013, 2),
(15, 'musketeer', 'Musketeer', 4, 'Troop', 'Rare', 26000014, 0),
(16, 'baby-dragon', 'Baby Dragon', 4, 'Troop', 'Epic', 26000015, 0),
(17, 'prince', 'Prince', 5, 'Troop', 'Epic', 26000016, 0),
(18, 'wizard', 'Wizard', 5, 'Troop', 'Rare', 26000017, 5),
(19, 'mini-pekka', 'Mini P.E.K.K.A', 4, 'Troop', 'Rare', 26000018, 0),
(20, 'spear-goblins', 'Spear Goblins', 2, 'Troop', 'Common', 26000019, 1),
(21, 'giant-skeleton', 'Giant Skeleton', 6, 'Troop', 'Epic', 26000020, 2),
(22, 'hog-rider', 'Hog Rider', 4, 'Troop', 'Rare', 26000021, 1),
(23, 'minion-horde', 'Minion Horde', 5, 'Troop', 'Common', 26000022, 4),
(24, 'ice-wizard', 'Ice Wizard', 3, 'Troop', 'Legendary', 26000023, 8),
(25, 'royal-giant', 'Royal Giant', 6, 'Troop', 'Common', 26000024, 7),
(26, 'guards', 'Guards', 3, 'Troop', 'Epic', 26000025, 7),
(27, 'princess', 'Princess', 3, 'Troop', 'Legendary', 26000026, 7),
(28, 'dark-prince', 'Dark Prince', 4, 'Troop', 'Epic', 26000027, 7),
(29, 'three-musketeers', 'Three Musketeers', 9, 'Troop', 'Rare', 26000028, 7),
(30, 'lava-hound', 'Lava Hound', 7, 'Troop', 'Legendary', 26000029, 4),
(31, 'ice-spirit', 'Ice Spirit', 1, 'Troop', 'Common', 26000030, 8),
(32, 'fire-spirits', 'Fire Spirits', 2, 'Troop', 'Common', 26000031, 5),
(33, 'miner', 'Miner', 3, 'Troop', 'Legendary', 26000032, 4),
(34, 'sparky', 'Sparky', 6, 'Troop', 'Legendary', 26000033, 11),
(35, 'bowler', 'Bowler', 5, 'Troop', 'Epic', 26000034, 8),
(36, 'lumberjack', 'Lumberjack', 4, 'Troop', 'Legendary', 26000035, 8),
(37, 'battle-ram', 'Battle Ram', 4, 'Troop', 'Rare', 26000036, 3),
(38, 'inferno-dragon', 'Inferno Dragon', 4, 'Troop', 'Legendary', 26000037, 6),
(39, 'ice-golem', 'Ice Golem', 2, 'Troop', 'Rare', 26000038, 8),
(40, 'mega-minion', 'Mega Minion', 3, 'Troop', 'Rare', 26000039, 4),
(41, 'dart-goblin', 'Dart Goblin', 3, 'Troop', 'Rare', 26000040, 9),
(42, 'goblin-gang', 'Goblin Gang', 3, 'Troop', 'Common', 26000041, 9),
(43, 'electro-wizard', 'Electro Wizard', 4, 'Troop', 'Legendary', 26000042, 11),
(44, 'elite-barbarians', 'Elite Barbarians', 6, 'Troop', 'Common', 26000043, 10),
(45, 'hunter', 'Hunter', 4, 'Troop', 'Epic', 26000044, 1),
(46, 'executioner', 'Executioner', 5, 'Troop', 'Epic', 26000045, 9),
(47, 'bandit', 'Bandit', 3, 'Troop', 'Legendary', 26000046, 9),
(48, 'night-witch', 'Night Witch', 4, 'Troop', 'Legendary', 26000048, 5),
(49, 'bats', 'Bats', 2, 'Troop', 'Common', 26000049, 5),
(50, 'royal-ghost', 'Royal Ghost', 3, 'Troop', 'Legendary', 26000050, 7),
(51, 'zappies', 'Zappies', 4, 'Troop', 'Rare', 26000052, 11),
(52, 'rascals', 'Rascals', 5, 'Troop', 'Common', 26000053, 9),
(53, 'cannon-cart', 'Cannon Cart', 5, 'Troop', 'Epic', 26000054, 6),
(54, 'mega-knight', 'Mega Knight', 7, 'Troop', 'Legendary', 26000055, 10),
(55, 'skeleton-barrel', 'Skeleton Barrel', 3, 'Troop', 'Common', 26000056, 6),
(56, 'flying-machine', 'Flying Machine', 4, 'Troop', 'Rare', 26000057, 6),
(57, 'royal-hogs', 'Royal Hogs', 5, 'Troop', 'Rare', 26000059, 10),
(58, 'magic-archer', 'Magic Archer', 4, 'Troop', 'Legendary', 26000062, 10),
(59, 'cannon', 'Cannon', 3, 'Building', 'Common', 27000000, 3),
(60, 'goblin-hut', 'Goblin Hut', 5, 'Building', 'Rare', 27000001, 1),
(61, 'mortar', 'Mortar', 4, 'Building', 'Common', 27000002, 6),
(62, 'inferno-tower', 'Inferno Tower', 5, 'Building', 'Rare', 27000003, 4),
(63, 'bomb-tower', 'Bomb Tower', 5, 'Building', 'Rare', 27000004, 10),
(64, 'barbarian-hut', 'Barbarian Hut', 7, 'Building', 'Rare', 27000005, 3),
(65, 'tesla', 'Tesla', 4, 'Building', 'Common', 27000006, 11),
(66, 'elixir-collector', 'Elixir Collector', 6, 'Building', 'Rare', 27000007, 8),
(67, 'x-bow', 'X-Bow', 6, 'Building', 'Epic', 27000008, 6),
(68, 'tombstone', 'Tombstone', 3, 'Building', 'Rare', 27000009, 2),
(69, 'furnace', 'Furnace', 4, 'Building', 'Rare', 27000010, 5),
(70, 'fireball', 'Fireball', 4, 'Spell', 'Rare', 28000000, 0),
(71, 'arrows', 'Arrows', 3, 'Spell', 'Common', 28000001, 0),
(72, 'rage', 'Rage', 2, 'Spell', 'Epic', 28000002, 10),
(73, 'rocket', 'Rocket', 6, 'Spell', 'Rare', 28000003, 6),
(74, 'goblin-barrel', 'Goblin Barrel', 3, 'Spell', 'Epic', 28000004, 1),
(75, 'freeze', 'Freeze', 4, 'Spell', 'Epic', 28000005, 5),
(76, 'mirror', 'Mirror', 1, 'Spell', 'Epic', 28000006, 11),
(77, 'lightning', 'Lightning', 6, 'Spell', 'Epic', 28000007, 4),
(78, 'zap', 'Zap', 2, 'Spell', 'Common', 28000008, 4),
(79, 'poison', 'Poison', 4, 'Spell', 'Epic', 28000009, 5),
(80, 'graveyard', 'Graveyard', 5, 'Spell', 'Legendary', 28000010, 5),
(81, 'the-log', 'The Log', 2, 'Spell', 'Legendary', 28000011, 6),
(82, 'tornado', 'Tornado', 3, 'Spell', 'Epic', 28000012, 8),
(83, 'clone', 'Clone', 3, 'Spell', 'Epic', 28000013, 11),
(84, 'barbarian-barrel', 'Barbarian Barrel', 3, 'Spell', 'Epic', 28000015, 3),
(85, 'heal', 'Heal', 3, 'Spell', 'Rare', 28000016, 7),
(86, 'giant-snowball', 'Giant Snowball', 2, 'Spell', 'Common', 28000017, 8);

-- --------------------------------------------------------

--
-- Table structure for table `card_deck`
--

CREATE TABLE `card_deck` (
  `id` int(11) NOT NULL,
  `deck_id` int(11) NOT NULL,
  `card_id` int(11) NOT NULL
) ENGINE=InnoDB DEFAULT CHARSET=latin1 COMMENT='Table de jointure - quelles cartes dans quels decks';

--
-- Dumping data for table `card_deck`
--

INSERT INTO `card_deck` (`id`, `deck_id`, `card_id`) VALUES
(1, 1, 32),
(2, 1, 42),
(3, 1, 23),
(4, 1, 18),
(5, 1, 17),
(6, 1, 74),
(7, 1, 27),
(8, 1, 81),
(9, 2, 27),
(10, 2, 78),
(11, 2, 3),
(12, 2, 33),
(13, 2, 32),
(14, 2, 22),
(15, 2, 19),
(16, 2, 6),
(17, 3, 72),
(18, 3, 78),
(19, 3, 81),
(20, 3, 6),
(21, 3, 4),
(22, 3, 8),
(23, 3, 18),
(24, 3, 33),
(25, 4, 4),
(26, 4, 19),
(27, 4, 79),
(28, 4, 78),
(29, 4, 40),
(30, 4, 81),
(31, 4, 18),
(32, 4, 33),
(33, 14, 72),
(34, 14, 43),
(35, 14, 12),
(36, 14, 1),
(37, 14, 73),
(38, 14, 27),
(39, 14, 22),
(40, 14, 16),
(41, 15, 1),
(42, 15, 23),
(43, 15, 19),
(44, 15, 70),
(45, 15, 18),
(46, 15, 17),
(47, 15, 24),
(48, 15, 81),
(49, 16, 37),
(50, 16, 8),
(51, 16, 74),
(52, 16, 33),
(53, 16, 81),
(54, 16, 23),
(55, 16, 13),
(56, 16, 18),
(57, 17, 8),
(58, 17, 12),
(59, 17, 13),
(60, 17, 16),
(61, 17, 17),
(62, 17, 18),
(63, 17, 72),
(64, 17, 78),
(65, 18, 78),
(66, 18, 68),
(67, 18, 18),
(68, 18, 32),
(69, 18, 26),
(70, 18, 77),
(71, 18, 7),
(72, 18, 71),
(73, 19, 12),
(74, 19, 10),
(75, 19, 27),
(76, 19, 6),
(77, 19, 62),
(78, 19, 18),
(79, 19, 8),
(80, 19, 72),
(81, 20, 12),
(82, 20, 13),
(83, 20, 15),
(84, 20, 18),
(85, 20, 19),
(86, 20, 67),
(87, 20, 71),
(88, 20, 72),
(89, 21, 42),
(90, 21, 41),
(91, 21, 19),
(92, 21, 22),
(93, 21, 50),
(94, 21, 81),
(95, 21, 72),
(96, 21, 38),
(97, 22, 34),
(98, 22, 36),
(99, 22, 48),
(100, 22, 38),
(101, 22, 30),
(102, 22, 50),
(103, 22, 54),
(104, 22, 43),
(105, 23, 72),
(106, 23, 12),
(107, 23, 71),
(108, 23, 17),
(109, 23, 13),
(110, 23, 23),
(111, 23, 18),
(112, 23, 8),
(113, 24, 36),
(114, 24, 66),
(115, 24, 77),
(116, 24, 42),
(117, 24, 71),
(118, 24, 10),
(119, 24, 48),
(120, 24, 16),
(121, 25, 44),
(122, 25, 23),
(123, 25, 78),
(124, 25, 74),
(125, 25, 81),
(126, 25, 33),
(127, 25, 27),
(128, 25, 8),
(129, 26, 42),
(130, 26, 6),
(131, 26, 18),
(132, 26, 70),
(133, 26, 81),
(134, 26, 10),
(135, 26, 68),
(136, 26, 48),
(145, 31, 11),
(146, 31, 23),
(147, 31, 37),
(148, 31, 66),
(149, 31, 29),
(150, 31, 1),
(151, 31, 85),
(152, 31, 70),
(153, 37, 44),
(154, 37, 22),
(155, 37, 63),
(156, 37, 32),
(157, 37, 75),
(158, 37, 6),
(159, 37, 40),
(160, 37, 12),
(161, 38, 82),
(162, 38, 23),
(163, 38, 19),
(164, 38, 1),
(165, 38, 2),
(166, 38, 7),
(167, 38, 20),
(168, 38, 75),
(169, 39, 1),
(170, 39, 6),
(171, 39, 59),
(172, 39, 71),
(173, 39, 42),
(174, 39, 27),
(175, 39, 73),
(176, 39, 74),
(177, 40, 81),
(178, 40, 33),
(179, 40, 27),
(180, 40, 47),
(181, 40, 36),
(182, 40, 43),
(183, 40, 54),
(184, 40, 38),
(185, 41, 36),
(186, 41, 54),
(187, 41, 7),
(188, 41, 43),
(189, 41, 13),
(190, 41, 16),
(191, 41, 81),
(192, 41, 78),
(193, 98, 78),
(194, 98, 54),
(195, 98, 24),
(196, 98, 80),
(197, 98, 74),
(198, 98, 16),
(199, 98, 56),
(200, 98, 38),
(201, 99, 54),
(202, 99, 19),
(203, 99, 16),
(204, 99, 24),
(205, 99, 71),
(206, 99, 74),
(207, 99, 6),
(208, 99, 22),
(209, 100, 71),
(210, 100, 63),
(211, 100, 73),
(212, 100, 44),
(213, 100, 6),
(214, 100, 74),
(215, 100, 56),
(216, 100, 20),
(217, 101, 6),
(218, 101, 47),
(219, 101, 78),
(220, 101, 5),
(221, 101, 37),
(222, 101, 60),
(223, 101, 44),
(224, 101, 71),
(225, 102, 24),
(226, 102, 19),
(227, 102, 23),
(228, 102, 4),
(229, 102, 74),
(230, 102, 8),
(231, 102, 71),
(232, 102, 33),
(233, 103, 4),
(234, 103, 6),
(235, 103, 74),
(236, 103, 47),
(237, 103, 16),
(238, 103, 71),
(239, 103, 49),
(240, 103, 20),
(241, 104, 71),
(242, 104, 33),
(243, 104, 16),
(244, 104, 19),
(245, 104, 21),
(246, 104, 6),
(247, 104, 20),
(248, 104, 74),
(249, 105, 5),
(250, 105, 47),
(251, 105, 24),
(252, 105, 16),
(253, 105, 8),
(254, 105, 77),
(255, 105, 52),
(256, 105, 56),
(257, 106, 78),
(258, 106, 21),
(259, 106, 16),
(260, 106, 6),
(261, 106, 47),
(262, 106, 20),
(263, 106, 8),
(264, 106, 38),
(265, 107, 16),
(266, 107, 22),
(267, 107, 78),
(268, 107, 77),
(269, 107, 5),
(270, 107, 37),
(271, 107, 6),
(272, 107, 24),
(273, 108, 8),
(274, 108, 4),
(275, 108, 19),
(276, 108, 16),
(277, 108, 71),
(278, 108, 6),
(279, 108, 24),
(280, 108, 38),
(281, 109, 19),
(282, 109, 74),
(283, 109, 49),
(284, 109, 5),
(285, 109, 8),
(286, 109, 71),
(287, 109, 78),
(288, 109, 60),
(289, 110, 52),
(290, 110, 78),
(291, 110, 5),
(292, 110, 8),
(293, 110, 74),
(294, 110, 49),
(295, 110, 23),
(296, 110, 24),
(297, 111, 22),
(298, 111, 60),
(299, 111, 35),
(300, 111, 56),
(301, 111, 6),
(302, 111, 20),
(303, 111, 71),
(304, 111, 24),
(305, 112, 54),
(306, 112, 16),
(307, 112, 78),
(308, 112, 71),
(309, 112, 19),
(310, 112, 8),
(311, 112, 6),
(312, 112, 24),
(313, 113, 78),
(314, 113, 6),
(315, 113, 22),
(316, 113, 33),
(317, 113, 23),
(318, 113, 44),
(319, 113, 20),
(320, 113, 62),
(321, 114, 22),
(322, 114, 8),
(323, 114, 6),
(324, 114, 5),
(325, 114, 49),
(326, 114, 47),
(327, 114, 71),
(328, 114, 24),
(329, 115, 8),
(330, 115, 4),
(331, 115, 22),
(332, 115, 6),
(333, 115, 78),
(334, 115, 33),
(335, 115, 71),
(336, 115, 62),
(337, 116, 4),
(338, 116, 16),
(339, 116, 6),
(340, 116, 49),
(341, 116, 71),
(342, 116, 52),
(343, 116, 74),
(344, 116, 23),
(345, 117, 54),
(346, 117, 62),
(347, 117, 22),
(348, 117, 24),
(349, 117, 16),
(350, 117, 47),
(351, 117, 11),
(352, 117, 78),
(353, 118, 71),
(354, 118, 6),
(355, 118, 19),
(356, 118, 37),
(357, 118, 47),
(358, 118, 38),
(359, 118, 16),
(360, 118, 35),
(361, 119, 76),
(362, 119, 47),
(363, 119, 23),
(364, 119, 8),
(365, 119, 5),
(366, 119, 78),
(367, 119, 22),
(368, 119, 6),
(369, 120, 54),
(370, 120, 44),
(371, 120, 20),
(372, 120, 6),
(373, 120, 78),
(374, 120, 23),
(375, 120, 19),
(376, 120, 22),
(377, 121, 71),
(378, 121, 19),
(379, 121, 8),
(380, 121, 16),
(381, 121, 74),
(382, 121, 6),
(383, 121, 60),
(384, 121, 4),
(385, 124, 4),
(386, 124, 44),
(387, 124, 16),
(388, 124, 38),
(389, 124, 8),
(390, 124, 78),
(391, 124, 6),
(392, 124, 74),
(393, 125, 21),
(394, 125, 8),
(395, 125, 49),
(396, 125, 16),
(397, 125, 19),
(398, 125, 6),
(399, 125, 33),
(400, 125, 35),
(401, 126, 78),
(402, 126, 32),
(403, 126, 22),
(404, 126, 3),
(405, 126, 12),
(406, 126, 36),
(407, 126, 13),
(408, 126, 15),
(409, 127, 15),
(410, 127, 33),
(411, 127, 12),
(412, 127, 13),
(413, 127, 70),
(414, 127, 22),
(415, 127, 18),
(416, 127, 75),
(417, 128, 16),
(418, 128, 61),
(419, 128, 24),
(420, 128, 47),
(421, 128, 22),
(422, 128, 6),
(423, 128, 60),
(424, 128, 56),
(425, 129, 42),
(426, 129, 29),
(427, 129, 66),
(428, 129, 28),
(429, 129, 37),
(430, 129, 78),
(431, 129, 23),
(432, 129, 50),
(433, 130, 27),
(434, 130, 47),
(435, 130, 7),
(436, 130, 38),
(437, 130, 18),
(438, 130, 23),
(439, 130, 72),
(440, 130, 73),
(441, 131, 12),
(442, 131, 13),
(443, 131, 17),
(444, 131, 18),
(445, 131, 22),
(446, 131, 23),
(447, 131, 74),
(448, 131, 78),
(449, 132, 71),
(450, 132, 68),
(451, 132, 40),
(452, 132, 15),
(453, 132, 4),
(454, 132, 35),
(455, 132, 77),
(456, 132, 81),
(457, 133, 70),
(458, 133, 38),
(459, 133, 13),
(460, 133, 22),
(461, 133, 27),
(462, 133, 42),
(463, 133, 81),
(464, 133, 44),
(465, 134, 7),
(466, 134, 75),
(467, 134, 81),
(468, 134, 40),
(469, 134, 19),
(470, 134, 1),
(471, 134, 18),
(472, 134, 78),
(473, 135, 1),
(474, 135, 18),
(475, 135, 24),
(476, 135, 17),
(477, 135, 70),
(478, 135, 40),
(479, 135, 22),
(480, 135, 72),
(481, 136, 1),
(482, 136, 70),
(483, 136, 32),
(484, 136, 24),
(485, 136, 42),
(486, 136, 57),
(487, 136, 69),
(488, 136, 20),
(489, 137, 32),
(490, 137, 42),
(491, 137, 22),
(492, 137, 23),
(493, 137, 43),
(494, 137, 70),
(495, 137, 20),
(496, 137, 62),
(497, 138, 22),
(498, 138, 46),
(499, 138, 43),
(500, 138, 28),
(501, 138, 17),
(502, 138, 62),
(503, 138, 40),
(504, 138, 42),
(505, 139, 21),
(506, 139, 18),
(507, 139, 46),
(508, 139, 28),
(509, 139, 1),
(510, 139, 49),
(511, 139, 78),
(512, 139, 42),
(513, 140, 78),
(514, 140, 42),
(515, 140, 21),
(516, 140, 27),
(517, 140, 46),
(518, 140, 17),
(519, 140, 71),
(520, 140, 69),
(521, 141, 78),
(522, 141, 1),
(523, 141, 40),
(524, 141, 35),
(525, 141, 7),
(526, 141, 43),
(527, 141, 18),
(528, 141, 62),
(529, 142, 71),
(530, 142, 18),
(531, 142, 43),
(532, 142, 7),
(533, 142, 70),
(534, 142, 22),
(535, 142, 28),
(536, 142, 1),
(537, 143, 71),
(538, 143, 18),
(539, 143, 43),
(540, 143, 7),
(541, 143, 35),
(542, 143, 27),
(543, 143, 28),
(544, 143, 1),
(545, 144, 46),
(546, 144, 42),
(547, 144, 78),
(548, 144, 70),
(549, 144, 17),
(550, 144, 23),
(551, 144, 43),
(552, 144, 69),
(553, 145, 78),
(554, 145, 43),
(555, 145, 23),
(556, 145, 17),
(557, 145, 46),
(558, 145, 70),
(559, 145, 62),
(560, 145, 42),
(561, 146, 18),
(562, 146, 23),
(563, 146, 21),
(564, 146, 78),
(565, 146, 22),
(566, 146, 70),
(567, 146, 42),
(568, 146, 72),
(569, 147, 78),
(570, 147, 70),
(571, 147, 18),
(572, 147, 7),
(573, 147, 62),
(574, 147, 23),
(575, 147, 42),
(576, 147, 46),
(577, 148, 78),
(578, 148, 1),
(579, 148, 40),
(580, 148, 17),
(581, 148, 7),
(582, 148, 43),
(583, 148, 18),
(584, 148, 62),
(585, 149, 70),
(586, 149, 22),
(587, 149, 18),
(588, 149, 42),
(589, 149, 72),
(590, 149, 43),
(591, 149, 21),
(592, 149, 78),
(593, 150, 78),
(594, 150, 21),
(595, 150, 40),
(596, 150, 1),
(597, 150, 24),
(598, 150, 27),
(599, 150, 70),
(600, 150, 62),
(601, 151, 43),
(602, 151, 27),
(603, 151, 22),
(604, 151, 70),
(605, 151, 49),
(606, 151, 18),
(607, 151, 62),
(608, 151, 32),
(609, 152, 22),
(610, 152, 70),
(611, 152, 49),
(612, 152, 27),
(613, 152, 43),
(614, 152, 18),
(615, 152, 42),
(616, 152, 35),
(617, 153, 10),
(618, 153, 48),
(619, 153, 71),
(620, 153, 42),
(621, 153, 40),
(622, 153, 78),
(623, 153, 70),
(624, 153, 43),
(625, 154, 10),
(626, 154, 48),
(627, 154, 78),
(628, 154, 49),
(629, 154, 40),
(630, 154, 24),
(631, 154, 20),
(632, 154, 23),
(633, 155, 72),
(634, 155, 7),
(635, 155, 71),
(636, 155, 43),
(637, 155, 32),
(638, 155, 24),
(639, 155, 18),
(640, 155, 42),
(641, 156, 17),
(642, 156, 28),
(643, 156, 18),
(644, 156, 22),
(645, 156, 70),
(646, 156, 24),
(647, 156, 20),
(648, 156, 78),
(649, 157, 20),
(650, 157, 22),
(651, 157, 70),
(652, 157, 27),
(653, 157, 42),
(654, 157, 23),
(655, 157, 32),
(656, 157, 18),
(657, 158, 7),
(658, 158, 18),
(659, 158, 27),
(660, 158, 72),
(661, 158, 23),
(662, 158, 70),
(663, 158, 46),
(664, 158, 40),
(665, 159, 58),
(666, 159, 27),
(667, 159, 21),
(668, 159, 72),
(669, 159, 80),
(670, 159, 18),
(671, 159, 49),
(672, 159, 78),
(673, 160, 18),
(674, 160, 23),
(675, 160, 28),
(676, 160, 17),
(677, 160, 72),
(678, 160, 27),
(679, 160, 35),
(680, 160, 62),
(681, 161, 1),
(682, 161, 23),
(683, 161, 10),
(684, 161, 62),
(685, 161, 78),
(686, 161, 24),
(687, 161, 18),
(688, 161, 43),
(689, 162, 18),
(690, 162, 17),
(691, 162, 43),
(692, 162, 58),
(693, 162, 22),
(694, 162, 1),
(695, 162, 42),
(696, 162, 71),
(697, 163, 22),
(698, 163, 70),
(699, 163, 49),
(700, 163, 27),
(701, 163, 43),
(702, 163, 18),
(703, 163, 42),
(704, 163, 17),
(705, 164, 17),
(706, 164, 22),
(707, 164, 70),
(708, 164, 49),
(709, 164, 18),
(710, 164, 27),
(711, 164, 43),
(712, 164, 24),
(713, 165, 28),
(714, 165, 17),
(715, 165, 23),
(716, 165, 18),
(717, 165, 72),
(718, 165, 46),
(719, 165, 35),
(720, 165, 62),
(721, 166, 49),
(722, 166, 1),
(723, 166, 42),
(724, 166, 71),
(725, 166, 63),
(726, 166, 17),
(727, 166, 20),
(728, 166, 18),
(729, 167, 63),
(730, 167, 18),
(731, 167, 71),
(732, 167, 23),
(733, 167, 27),
(734, 167, 42),
(735, 167, 22),
(736, 167, 1),
(737, 168, 70),
(738, 168, 22),
(739, 168, 18),
(740, 168, 42),
(741, 168, 69),
(742, 168, 43),
(743, 168, 21),
(744, 168, 78),
(745, 169, 19),
(746, 169, 16),
(747, 169, 4),
(748, 169, 71),
(749, 169, 15),
(750, 169, 13),
(751, 169, 14),
(752, 169, 8),
(753, 170, 78),
(754, 170, 13),
(755, 170, 1),
(756, 170, 22),
(757, 170, 12),
(758, 170, 18),
(759, 170, 23),
(760, 170, 17),
(761, 171, 50),
(762, 171, 6),
(763, 171, 21),
(764, 171, 70),
(765, 171, 81),
(766, 171, 38),
(767, 171, 22),
(768, 171, 2),
(769, 172, 6),
(770, 172, 52),
(771, 172, 37),
(772, 172, 47),
(773, 172, 38),
(774, 172, 28),
(775, 172, 7),
(776, 172, 70),
(777, 173, 20),
(778, 173, 2),
(779, 173, 78),
(780, 173, 65),
(781, 173, 74),
(782, 173, 38),
(783, 173, 21),
(784, 173, 52),
(785, 174, 12),
(786, 174, 81),
(787, 174, 74),
(788, 174, 6),
(789, 174, 45),
(790, 174, 7),
(791, 174, 9),
(792, 174, 40),
(793, 175, 78),
(794, 175, 6),
(795, 175, 21),
(796, 175, 38),
(797, 175, 37),
(798, 175, 8),
(799, 175, 22),
(800, 175, 47),
(801, 176, 4),
(802, 176, 79),
(803, 176, 12),
(804, 176, 47),
(805, 176, 6),
(806, 176, 48),
(807, 176, 65),
(808, 176, 28),
(809, 177, 12),
(810, 177, 4),
(811, 177, 2),
(812, 177, 79),
(813, 177, 20),
(814, 177, 7),
(815, 177, 70),
(816, 177, 62),
(817, 178, 22),
(818, 178, 70),
(819, 178, 47),
(820, 178, 38),
(821, 178, 20),
(822, 178, 6),
(823, 178, 8),
(824, 178, 7),
(825, 179, 4),
(826, 179, 8),
(827, 179, 28),
(828, 179, 20),
(829, 179, 78),
(830, 179, 12),
(831, 179, 2),
(832, 179, 6),
(833, 180, 6),
(834, 180, 74),
(835, 180, 47),
(836, 180, 81),
(837, 180, 78),
(838, 180, 12),
(839, 180, 65),
(840, 180, 28),
(841, 181, 21),
(842, 181, 49),
(843, 181, 81),
(844, 181, 47),
(845, 181, 38),
(846, 181, 8),
(847, 181, 6),
(848, 181, 22),
(849, 182, 49),
(850, 182, 40),
(851, 182, 12),
(852, 182, 28),
(853, 182, 4),
(854, 182, 38),
(855, 182, 8),
(856, 182, 81),
(857, 183, 4),
(858, 183, 6),
(859, 183, 8),
(860, 183, 22),
(861, 183, 70),
(862, 183, 78),
(863, 183, 2),
(864, 183, 65),
(865, 184, 22),
(866, 184, 70),
(867, 184, 49),
(868, 184, 81),
(869, 184, 8),
(870, 184, 4),
(871, 184, 6),
(872, 184, 47),
(873, 185, 50),
(874, 185, 77),
(875, 185, 47),
(876, 185, 40),
(877, 185, 52),
(878, 185, 6),
(879, 185, 78),
(880, 185, 30),
(881, 186, 20),
(882, 186, 3),
(883, 186, 78),
(884, 186, 6),
(885, 186, 25),
(886, 186, 37),
(887, 186, 70),
(888, 186, 9),
(889, 187, 78),
(890, 187, 65),
(891, 187, 40),
(892, 187, 12),
(893, 187, 74),
(894, 187, 30),
(895, 187, 81),
(896, 187, 45),
(897, 188, 25),
(898, 188, 62),
(899, 188, 74),
(900, 188, 22),
(901, 188, 81),
(902, 188, 70),
(903, 188, 12),
(904, 188, 8),
(905, 189, 12),
(906, 189, 4),
(907, 189, 7),
(908, 189, 78),
(909, 189, 6),
(910, 189, 2),
(911, 189, 20),
(912, 189, 40),
(913, 190, 65),
(914, 190, 7),
(915, 190, 38),
(916, 190, 47),
(917, 190, 12),
(918, 190, 22),
(919, 190, 78),
(920, 190, 8),
(921, 191, 78),
(922, 191, 2),
(923, 191, 12),
(924, 191, 70),
(925, 191, 52),
(926, 191, 6),
(927, 191, 7),
(928, 191, 45),
(929, 192, 22),
(930, 192, 9),
(931, 192, 7),
(932, 192, 70),
(933, 192, 81),
(934, 192, 20),
(935, 192, 40),
(936, 192, 79),
(937, 193, 38),
(938, 193, 8),
(939, 193, 7),
(940, 193, 70),
(941, 193, 6),
(942, 193, 28),
(943, 193, 62),
(944, 193, 12),
(945, 194, 86),
(946, 194, 7),
(947, 194, 8),
(948, 194, 79),
(949, 194, 78),
(950, 194, 77),
(951, 194, 62),
(952, 194, 2),
(953, 195, 78),
(954, 195, 77),
(955, 195, 62),
(956, 195, 4),
(957, 195, 8),
(958, 195, 70),
(959, 195, 38),
(960, 195, 47),
(961, 196, 7),
(962, 196, 38),
(963, 196, 8),
(964, 196, 70),
(965, 196, 47),
(966, 196, 6),
(967, 196, 73),
(968, 196, 50),
(969, 197, 78),
(970, 197, 21),
(971, 197, 8),
(972, 197, 74),
(973, 197, 81),
(974, 197, 2),
(975, 197, 7),
(976, 197, 12),
(977, 198, 22),
(978, 198, 70),
(979, 198, 38),
(980, 198, 81),
(981, 198, 20),
(982, 198, 4),
(983, 198, 2),
(984, 198, 74),
(985, 199, 12),
(986, 199, 81),
(987, 199, 74),
(988, 199, 6),
(989, 199, 45),
(990, 199, 7),
(991, 199, 9),
(992, 199, 8),
(993, 200, 4),
(994, 200, 8),
(995, 200, 6),
(996, 200, 78),
(997, 200, 22),
(998, 200, 70),
(999, 200, 20),
(1000, 200, 12),
(1001, 201, 4),
(1002, 201, 8),
(1003, 201, 79),
(1004, 201, 38),
(1005, 201, 12),
(1006, 201, 6),
(1007, 201, 7),
(1008, 201, 3),
(1009, 202, 20),
(1010, 202, 3),
(1011, 202, 78),
(1012, 202, 6),
(1013, 202, 25),
(1014, 202, 65),
(1015, 202, 70),
(1016, 202, 9),
(1017, 203, 58),
(1018, 203, 24),
(1019, 203, 43),
(1020, 203, 38),
(1021, 203, 77),
(1022, 203, 10),
(1023, 203, 23),
(1024, 203, 1),
(1025, 204, 4),
(1026, 204, 8),
(1027, 204, 19),
(1028, 204, 40),
(1029, 204, 41),
(1030, 204, 66),
(1031, 204, 79),
(1032, 204, 78),
(1033, 205, 78),
(1034, 205, 1),
(1035, 205, 65),
(1036, 205, 34),
(1037, 205, 36),
(1038, 205, 81),
(1039, 205, 7),
(1040, 205, 27),
(1041, 206, 1),
(1042, 206, 36),
(1043, 206, 23),
(1044, 206, 44),
(1045, 206, 33),
(1046, 206, 41),
(1047, 206, 65),
(1048, 206, 7),
(1049, 207, 1),
(1050, 207, 65),
(1051, 207, 41),
(1052, 207, 33),
(1053, 207, 81),
(1054, 207, 36),
(1055, 207, 20),
(1056, 207, 23),
(1057, 208, 15),
(1058, 208, 13),
(1059, 208, 74),
(1060, 208, 33),
(1061, 208, 27),
(1062, 208, 69),
(1063, 208, 23),
(1064, 208, 81),
(1065, 209, 66),
(1066, 209, 29),
(1067, 209, 37),
(1068, 209, 81),
(1069, 209, 33),
(1070, 209, 23),
(1071, 209, 26),
(1072, 209, 1),
(1073, 210, 21),
(1074, 210, 78),
(1075, 210, 27),
(1076, 210, 24),
(1077, 210, 1),
(1078, 210, 23),
(1079, 210, 41),
(1080, 210, 77),
(1081, 211, 10),
(1082, 211, 78),
(1083, 211, 41),
(1084, 211, 24),
(1085, 211, 77),
(1086, 211, 26),
(1087, 211, 69),
(1088, 211, 23),
(1089, 212, 33),
(1090, 212, 21),
(1091, 212, 81),
(1092, 212, 13),
(1093, 212, 72),
(1094, 212, 41),
(1095, 212, 23),
(1096, 212, 44),
(1097, 213, 36),
(1098, 213, 44),
(1099, 213, 78),
(1100, 213, 27),
(1101, 213, 13),
(1102, 213, 24),
(1103, 213, 69),
(1104, 213, 41),
(1105, 214, 65),
(1106, 214, 24),
(1107, 214, 78),
(1108, 214, 1),
(1109, 214, 27),
(1110, 214, 21),
(1111, 214, 26),
(1112, 214, 34),
(1113, 215, 27),
(1114, 215, 36),
(1115, 215, 9),
(1116, 215, 20),
(1117, 215, 41),
(1118, 215, 69),
(1119, 215, 7),
(1120, 215, 72),
(1121, 216, 78),
(1122, 216, 34),
(1123, 216, 21),
(1124, 216, 81),
(1125, 216, 27),
(1126, 216, 13),
(1127, 216, 36),
(1128, 216, 23),
(1129, 217, 72),
(1130, 217, 7),
(1131, 217, 23),
(1132, 217, 13),
(1133, 217, 65),
(1134, 217, 41),
(1135, 217, 27),
(1136, 217, 1),
(1137, 218, 7),
(1138, 218, 13),
(1139, 218, 72),
(1140, 218, 81),
(1141, 218, 24),
(1142, 218, 23),
(1143, 218, 44),
(1144, 218, 20),
(1145, 219, 27),
(1146, 219, 78),
(1147, 219, 86),
(1148, 219, 20),
(1149, 219, 37),
(1150, 219, 51),
(1151, 219, 21),
(1152, 219, 23),
(1153, 220, 7),
(1154, 220, 23),
(1155, 220, 13),
(1156, 220, 27),
(1157, 220, 1),
(1158, 220, 78),
(1159, 220, 51),
(1160, 220, 37),
(1161, 221, 36),
(1162, 221, 24),
(1163, 221, 33),
(1164, 221, 44),
(1165, 221, 20),
(1166, 221, 78),
(1167, 221, 23),
(1168, 221, 69),
(1169, 222, 78),
(1170, 222, 26),
(1171, 222, 21),
(1172, 222, 27),
(1173, 222, 55),
(1174, 222, 72),
(1175, 222, 69),
(1176, 222, 23),
(1177, 223, 21),
(1178, 223, 13),
(1179, 223, 23),
(1180, 223, 81),
(1181, 223, 24),
(1182, 223, 27),
(1183, 223, 41),
(1184, 223, 36),
(1185, 224, 1),
(1186, 224, 13),
(1187, 224, 27),
(1188, 224, 41),
(1189, 224, 69),
(1190, 224, 44),
(1191, 224, 36),
(1192, 224, 24),
(1193, 225, 36),
(1194, 225, 13),
(1195, 225, 7),
(1196, 225, 37),
(1197, 225, 44),
(1198, 225, 27),
(1199, 225, 81),
(1200, 225, 72),
(1201, 226, 81),
(1202, 226, 1),
(1203, 226, 7),
(1204, 226, 21),
(1205, 226, 78),
(1206, 226, 84),
(1207, 226, 23),
(1208, 226, 13),
(1209, 227, 7),
(1210, 227, 23),
(1211, 227, 73),
(1212, 227, 27),
(1213, 227, 72),
(1214, 227, 24),
(1215, 227, 51),
(1216, 227, 36),
(1217, 228, 1),
(1218, 228, 65),
(1219, 228, 24),
(1220, 228, 81),
(1221, 228, 7),
(1222, 228, 27),
(1223, 228, 34),
(1224, 228, 78),
(1225, 229, 13),
(1226, 229, 27),
(1227, 229, 44),
(1228, 229, 81),
(1229, 229, 20),
(1230, 229, 69),
(1231, 229, 36),
(1232, 229, 33),
(1233, 230, 69),
(1234, 230, 41),
(1235, 230, 78),
(1236, 230, 33),
(1237, 230, 60),
(1238, 230, 44),
(1239, 230, 13),
(1240, 230, 20),
(1241, 231, 1),
(1242, 231, 34),
(1243, 231, 24),
(1244, 231, 20),
(1245, 231, 13),
(1246, 231, 72),
(1247, 231, 23),
(1248, 231, 78),
(1249, 232, 1),
(1250, 232, 44),
(1251, 232, 72),
(1252, 232, 81),
(1253, 232, 27),
(1254, 232, 69),
(1255, 232, 20),
(1256, 232, 23),
(1257, 233, 21),
(1258, 233, 78),
(1259, 233, 33),
(1260, 233, 72),
(1261, 233, 34),
(1262, 233, 65),
(1263, 233, 23),
(1264, 233, 41),
(1265, 234, 41),
(1266, 234, 1),
(1267, 234, 37),
(1268, 234, 7),
(1269, 234, 81),
(1270, 234, 24),
(1271, 234, 20),
(1272, 234, 86),
(1273, 235, 1),
(1274, 235, 10),
(1275, 235, 23),
(1276, 235, 77),
(1277, 235, 78),
(1278, 235, 24),
(1279, 235, 44),
(1280, 235, 27),
(1281, 236, 65),
(1282, 236, 24),
(1283, 236, 78),
(1284, 236, 1),
(1285, 236, 27),
(1286, 236, 21),
(1287, 236, 26),
(1288, 236, 36),
(1289, 237, 66),
(1290, 237, 44),
(1291, 237, 18),
(1292, 237, 70),
(1293, 237, 16),
(1294, 237, 45),
(1295, 237, 14),
(1296, 237, 32),
(1297, 238, 8),
(1298, 238, 21),
(1299, 238, 14),
(1300, 238, 18),
(1301, 238, 27),
(1302, 238, 26),
(1303, 238, 68),
(1304, 238, 20),
(1305, 239, 20),
(1306, 239, 21),
(1307, 239, 14),
(1308, 239, 33),
(1309, 239, 68),
(1310, 239, 18),
(1311, 239, 32),
(1312, 239, 16),
(1313, 240, 20),
(1314, 240, 21),
(1315, 240, 14),
(1316, 240, 33),
(1317, 240, 68),
(1318, 240, 18),
(1319, 240, 4),
(1320, 240, 16),
(1321, 241, 9),
(1322, 241, 27),
(1323, 241, 33),
(1324, 241, 18),
(1325, 241, 32),
(1326, 241, 20),
(1327, 241, 70),
(1328, 241, 85),
(1329, 242, 18),
(1330, 242, 4),
(1331, 242, 8),
(1332, 242, 20),
(1333, 242, 16),
(1334, 242, 70),
(1335, 242, 65),
(1336, 242, 32),
(1337, 243, 32),
(1338, 243, 44),
(1339, 243, 18),
(1340, 243, 27),
(1341, 243, 70),
(1342, 243, 16),
(1343, 243, 68),
(1344, 243, 33),
(1345, 244, 18),
(1346, 244, 27),
(1347, 244, 21),
(1348, 244, 70),
(1349, 244, 16),
(1350, 244, 65),
(1351, 244, 32),
(1352, 244, 3),
(1353, 245, 65),
(1354, 245, 4),
(1355, 245, 35),
(1356, 245, 32),
(1357, 245, 70),
(1358, 245, 34),
(1359, 245, 14),
(1360, 245, 27),
(1361, 246, 27),
(1362, 246, 32),
(1363, 246, 16),
(1364, 246, 18),
(1365, 246, 4),
(1366, 246, 70),
(1367, 246, 20),
(1368, 246, 35),
(1369, 247, 65),
(1370, 247, 16),
(1371, 247, 8),
(1372, 247, 26),
(1373, 247, 27),
(1374, 247, 34),
(1375, 247, 21),
(1376, 247, 20),
(1377, 248, 44),
(1378, 248, 4),
(1379, 248, 18),
(1380, 248, 14),
(1381, 248, 32),
(1382, 248, 65),
(1383, 248, 33),
(1384, 248, 26),
(1385, 249, 18),
(1386, 249, 70),
(1387, 249, 8),
(1388, 249, 16),
(1389, 249, 21),
(1390, 249, 20),
(1391, 249, 32),
(1392, 249, 65),
(1393, 250, 10),
(1394, 250, 77),
(1395, 250, 8),
(1396, 250, 16),
(1397, 250, 48),
(1398, 250, 26),
(1399, 250, 66),
(1400, 250, 27),
(1401, 251, 65),
(1402, 251, 18),
(1403, 251, 16),
(1404, 251, 34),
(1405, 251, 35),
(1406, 251, 26),
(1407, 251, 77),
(1408, 251, 33),
(1409, 252, 20),
(1410, 252, 44),
(1411, 252, 33),
(1412, 252, 65),
(1413, 252, 32),
(1414, 252, 18),
(1415, 252, 3),
(1416, 252, 26),
(1417, 253, 4),
(1418, 253, 3),
(1419, 253, 18),
(1420, 253, 33),
(1421, 253, 34),
(1422, 253, 70),
(1423, 253, 85),
(1424, 253, 32),
(1425, 254, 32),
(1426, 254, 33),
(1427, 254, 16),
(1428, 254, 44),
(1429, 254, 70),
(1430, 254, 20),
(1431, 254, 25),
(1432, 254, 3),
(1433, 255, 16),
(1434, 255, 18),
(1435, 255, 25),
(1436, 255, 70),
(1437, 255, 45),
(1438, 255, 27),
(1439, 255, 26),
(1440, 255, 55),
(1441, 256, 18),
(1442, 256, 8),
(1443, 256, 44),
(1444, 256, 70),
(1445, 256, 14),
(1446, 256, 16),
(1447, 256, 4),
(1448, 256, 65),
(1449, 257, 18),
(1450, 257, 70),
(1451, 257, 25),
(1452, 257, 8),
(1453, 257, 33),
(1454, 257, 16),
(1455, 257, 27),
(1456, 257, 3),
(1457, 258, 32),
(1458, 258, 26),
(1459, 258, 21),
(1460, 258, 18),
(1461, 258, 77),
(1462, 258, 70),
(1463, 258, 16),
(1464, 258, 14),
(1465, 259, 70),
(1466, 259, 16),
(1467, 259, 32),
(1468, 259, 34),
(1469, 259, 20),
(1470, 259, 60),
(1471, 259, 48),
(1472, 259, 14),
(1473, 260, 70),
(1474, 260, 16),
(1475, 260, 32),
(1476, 260, 30),
(1477, 260, 20),
(1478, 260, 60),
(1479, 260, 48),
(1480, 260, 14),
(1481, 261, 44),
(1482, 261, 27),
(1483, 261, 32),
(1484, 261, 33),
(1485, 261, 20),
(1486, 261, 70),
(1487, 261, 16),
(1488, 261, 18),
(1489, 262, 33),
(1490, 262, 66),
(1491, 262, 80),
(1492, 262, 27),
(1493, 262, 29),
(1494, 262, 16),
(1495, 262, 3),
(1496, 262, 32),
(1497, 263, 27),
(1498, 263, 73),
(1499, 263, 18),
(1500, 263, 8),
(1501, 263, 16),
(1502, 263, 21),
(1503, 263, 48),
(1504, 263, 45),
(1505, 264, 4),
(1506, 264, 16),
(1507, 264, 70),
(1508, 264, 8),
(1509, 264, 20),
(1510, 264, 27),
(1511, 264, 32),
(1512, 264, 18),
(1513, 265, 21),
(1514, 265, 18),
(1515, 265, 8),
(1516, 265, 33),
(1517, 265, 26),
(1518, 265, 20),
(1519, 265, 70),
(1520, 265, 32),
(1521, 266, 8),
(1522, 266, 4),
(1523, 266, 14),
(1524, 266, 32),
(1525, 266, 20),
(1526, 266, 3),
(1527, 266, 60),
(1528, 266, 26),
(1529, 267, 18),
(1530, 267, 44),
(1531, 267, 27),
(1532, 267, 32),
(1533, 267, 20),
(1534, 267, 3),
(1535, 267, 60),
(1536, 267, 26),
(1537, 268, 10),
(1538, 268, 34),
(1539, 268, 27),
(1540, 268, 70),
(1541, 268, 8),
(1542, 268, 16),
(1543, 268, 77),
(1544, 268, 66),
(1545, 269, 1),
(1546, 269, 70),
(1547, 269, 32),
(1548, 269, 47),
(1549, 269, 57),
(1550, 269, 24),
(1551, 269, 61),
(1552, 269, 36),
(1553, 270, 65),
(1554, 270, 70),
(1555, 270, 81),
(1556, 270, 4),
(1557, 270, 7),
(1558, 270, 40),
(1559, 270, 2),
(1560, 270, 8),
(1561, 271, 1),
(1562, 271, 36),
(1563, 271, 24),
(1564, 271, 81),
(1565, 271, 70),
(1566, 271, 18),
(1567, 271, 8),
(1568, 271, 4),
(1569, 272, 1),
(1570, 272, 47),
(1571, 272, 65),
(1572, 272, 81),
(1573, 272, 6),
(1574, 272, 20),
(1575, 272, 12),
(1576, 272, 56),
(1577, 273, 36),
(1578, 273, 47),
(1579, 273, 54),
(1580, 273, 13),
(1581, 273, 18),
(1582, 273, 6),
(1583, 273, 79),
(1584, 273, 7),
(1585, 274, 18),
(1586, 274, 4),
(1587, 274, 28),
(1588, 274, 12),
(1589, 274, 1),
(1590, 274, 81),
(1591, 274, 2),
(1592, 274, 24),
(1593, 275, 15),
(1594, 275, 18),
(1595, 275, 49),
(1596, 275, 70),
(1597, 275, 24),
(1598, 275, 46),
(1599, 275, 81),
(1600, 275, 36),
(1601, 276, 70),
(1602, 276, 4),
(1603, 276, 49),
(1604, 276, 18),
(1605, 276, 46),
(1606, 276, 36),
(1607, 276, 24),
(1608, 276, 6),
(1609, 277, 13),
(1610, 277, 36),
(1611, 277, 81),
(1612, 277, 6),
(1613, 277, 75),
(1614, 277, 7),
(1615, 277, 2),
(1616, 277, 18),
(1617, 278, 47),
(1618, 278, 8),
(1619, 278, 40),
(1620, 278, 52),
(1621, 278, 79),
(1622, 278, 36),
(1623, 278, 24),
(1624, 278, 56),
(1625, 279, 8),
(1626, 279, 65),
(1627, 279, 7),
(1628, 279, 36),
(1629, 279, 70),
(1630, 279, 12),
(1631, 279, 47),
(1632, 279, 81),
(1633, 280, 1),
(1634, 280, 81),
(1635, 280, 7),
(1636, 280, 65),
(1637, 280, 15),
(1638, 280, 56),
(1639, 280, 54),
(1640, 280, 36),
(1641, 281, 54),
(1642, 281, 81),
(1643, 281, 18),
(1644, 281, 2),
(1645, 281, 40),
(1646, 281, 12),
(1647, 281, 70),
(1648, 281, 32),
(1649, 282, 1),
(1650, 282, 6),
(1651, 282, 7),
(1652, 282, 45),
(1653, 282, 81),
(1654, 282, 13),
(1655, 282, 70),
(1656, 282, 65),
(1657, 283, 54),
(1658, 283, 18),
(1659, 283, 79),
(1660, 283, 47),
(1661, 283, 32),
(1662, 283, 6),
(1663, 283, 12),
(1664, 283, 65),
(1665, 284, 4),
(1666, 284, 47),
(1667, 284, 36),
(1668, 284, 18),
(1669, 284, 49),
(1670, 284, 2),
(1671, 284, 40),
(1672, 284, 81),
(1673, 285, 54),
(1674, 285, 18),
(1675, 285, 81),
(1676, 285, 47),
(1677, 285, 36),
(1678, 285, 65),
(1679, 285, 49),
(1680, 285, 8),
(1681, 286, 7),
(1682, 286, 18),
(1683, 286, 8),
(1684, 286, 36),
(1685, 286, 57),
(1686, 286, 46),
(1687, 286, 70),
(1688, 286, 40),
(1689, 287, 7),
(1690, 287, 75),
(1691, 287, 18),
(1692, 287, 2),
(1693, 287, 24),
(1694, 287, 1),
(1695, 287, 81),
(1696, 287, 4),
(1697, 288, 12),
(1698, 288, 15),
(1699, 288, 7),
(1700, 288, 75),
(1701, 288, 32),
(1702, 288, 24),
(1703, 288, 6),
(1704, 288, 13),
(1705, 289, 75),
(1706, 289, 70),
(1707, 289, 40),
(1708, 289, 32),
(1709, 289, 8),
(1710, 289, 44),
(1711, 289, 13),
(1712, 289, 20),
(1713, 290, 4),
(1714, 290, 18),
(1715, 290, 81),
(1716, 290, 47),
(1717, 290, 36),
(1718, 290, 65),
(1719, 290, 70),
(1720, 290, 2),
(1721, 291, 6),
(1722, 291, 47),
(1723, 291, 13),
(1724, 291, 1),
(1725, 291, 61),
(1726, 291, 2),
(1727, 291, 70),
(1728, 291, 46),
(1729, 292, 6),
(1730, 292, 32),
(1731, 292, 36),
(1732, 292, 75),
(1733, 292, 44),
(1734, 292, 70),
(1735, 292, 20),
(1736, 292, 65),
(1737, 293, 4),
(1738, 293, 46),
(1739, 293, 44),
(1740, 293, 70),
(1741, 293, 81),
(1742, 293, 65),
(1743, 293, 6),
(1744, 293, 8),
(1745, 294, 4),
(1746, 294, 18),
(1747, 294, 28),
(1748, 294, 12),
(1749, 294, 1),
(1750, 294, 81),
(1751, 294, 2),
(1752, 294, 15),
(1753, 295, 49),
(1754, 295, 57),
(1755, 295, 7),
(1756, 295, 40),
(1757, 295, 1),
(1758, 295, 15),
(1759, 295, 4),
(1760, 295, 6),
(1761, 296, 13),
(1762, 296, 18),
(1763, 296, 75),
(1764, 296, 7),
(1765, 296, 8),
(1766, 296, 32),
(1767, 296, 15),
(1768, 296, 6),
(1769, 297, 13),
(1770, 297, 18),
(1771, 297, 54),
(1772, 297, 7),
(1773, 297, 8),
(1774, 297, 46),
(1775, 297, 15),
(1776, 297, 6),
(1777, 298, 18),
(1778, 298, 12),
(1779, 298, 54),
(1780, 298, 6),
(1781, 298, 1),
(1782, 298, 65),
(1783, 298, 8),
(1784, 298, 36),
(1785, 299, 4),
(1786, 299, 18),
(1787, 299, 12),
(1788, 299, 6),
(1789, 299, 70),
(1790, 299, 81),
(1791, 299, 13),
(1792, 299, 15),
(1793, 300, 12),
(1794, 300, 18),
(1795, 300, 57),
(1796, 300, 36),
(1797, 300, 81),
(1798, 300, 28),
(1799, 300, 13),
(1800, 300, 76),
(1801, 301, 12),
(1802, 301, 7),
(1803, 301, 65),
(1804, 301, 81),
(1805, 301, 40),
(1806, 301, 4),
(1807, 301, 2),
(1808, 301, 70),
(1809, 302, 8),
(1810, 302, 4),
(1811, 302, 15),
(1812, 302, 13),
(1813, 302, 81),
(1814, 302, 1),
(1815, 302, 45),
(1816, 302, 24),
(1817, 303, 2),
(1818, 303, 15),
(1819, 303, 36),
(1820, 303, 44),
(1821, 303, 12),
(1822, 303, 32),
(1823, 303, 70),
(1824, 303, 40),
(1825, 304, 70),
(1826, 304, 44),
(1827, 304, 81),
(1828, 304, 2),
(1829, 304, 20),
(1830, 304, 13),
(1831, 304, 6),
(1832, 304, 4),
(1833, 305, 47),
(1834, 305, 38),
(1835, 305, 54),
(1836, 305, 13),
(1837, 305, 35),
(1838, 305, 18),
(1839, 305, 6),
(1840, 305, 22),
(1841, 306, 32),
(1842, 306, 20),
(1843, 306, 23),
(1844, 306, 22),
(1845, 306, 65),
(1846, 306, 44),
(1847, 306, 6),
(1848, 306, 54),
(1849, 307, 56),
(1850, 307, 40),
(1851, 307, 81),
(1852, 307, 54),
(1853, 307, 13),
(1854, 307, 74),
(1855, 307, 15),
(1856, 307, 65),
(1857, 308, 13),
(1858, 308, 74),
(1859, 308, 15),
(1860, 308, 14),
(1861, 308, 81),
(1862, 308, 6),
(1863, 308, 45),
(1864, 308, 35),
(1865, 309, 23),
(1866, 309, 18),
(1867, 309, 38),
(1868, 309, 73),
(1869, 309, 47),
(1870, 309, 35),
(1871, 309, 4),
(1872, 309, 13),
(1873, 310, 4),
(1874, 310, 38),
(1875, 310, 81),
(1876, 310, 44),
(1877, 310, 18),
(1878, 310, 65),
(1879, 310, 13),
(1880, 310, 6),
(1881, 311, 6),
(1882, 311, 13),
(1883, 311, 15),
(1884, 311, 22),
(1885, 311, 18),
(1886, 311, 81),
(1887, 311, 47),
(1888, 311, 35),
(1889, 312, 6),
(1890, 312, 65),
(1891, 312, 47),
(1892, 312, 32),
(1893, 312, 74),
(1894, 312, 81),
(1895, 312, 44),
(1896, 312, 20),
(1897, 313, 54),
(1898, 313, 18),
(1899, 313, 22),
(1900, 313, 15),
(1901, 313, 6),
(1902, 313, 81),
(1903, 313, 65),
(1904, 313, 32),
(1905, 314, 18),
(1906, 314, 62),
(1907, 314, 22),
(1908, 314, 2),
(1909, 314, 81),
(1910, 314, 45),
(1911, 314, 20),
(1912, 314, 4),
(1913, 315, 65),
(1914, 315, 38),
(1915, 315, 22),
(1916, 315, 47),
(1917, 315, 18),
(1918, 315, 81),
(1919, 315, 13),
(1920, 315, 54),
(1921, 316, 18),
(1922, 316, 28),
(1923, 316, 81),
(1924, 316, 22),
(1925, 316, 6),
(1926, 316, 13),
(1927, 316, 20),
(1928, 316, 44),
(1929, 317, 4),
(1930, 317, 18),
(1931, 317, 62),
(1932, 317, 74),
(1933, 317, 2),
(1934, 317, 6),
(1935, 317, 80),
(1936, 317, 81),
(1937, 318, 81),
(1938, 318, 77),
(1939, 318, 35),
(1940, 318, 4),
(1941, 318, 13),
(1942, 318, 32),
(1943, 318, 40),
(1944, 318, 15),
(1945, 319, 39),
(1946, 319, 13),
(1947, 319, 22),
(1948, 319, 40),
(1949, 319, 4),
(1950, 319, 6),
(1951, 319, 15),
(1952, 319, 32),
(1953, 320, 4),
(1954, 320, 18),
(1955, 320, 28),
(1956, 320, 81),
(1957, 320, 22),
(1958, 320, 15),
(1959, 320, 32),
(1960, 320, 2),
(1961, 321, 15),
(1962, 321, 18),
(1963, 321, 6),
(1964, 321, 47),
(1965, 321, 44),
(1966, 321, 13),
(1967, 321, 32),
(1968, 321, 81),
(1969, 322, 18),
(1970, 322, 54),
(1971, 322, 81),
(1972, 322, 32),
(1973, 322, 40),
(1974, 322, 38),
(1975, 322, 13),
(1976, 322, 47),
(1977, 323, 13),
(1978, 323, 38),
(1979, 323, 62),
(1980, 323, 18),
(1981, 323, 23),
(1982, 323, 4),
(1983, 323, 32),
(1984, 323, 81),
(1985, 324, 40),
(1986, 324, 44),
(1987, 324, 2),
(1988, 324, 81),
(1989, 324, 11),
(1990, 324, 62),
(1991, 324, 4),
(1992, 324, 18),
(1993, 325, 22),
(1994, 325, 14),
(1995, 325, 39),
(1996, 325, 18),
(1997, 325, 44),
(1998, 325, 81),
(1999, 325, 2),
(2000, 325, 65),
(2001, 326, 54),
(2002, 326, 65),
(2003, 326, 18),
(2004, 326, 40),
(2005, 326, 47),
(2006, 326, 6),
(2007, 326, 32),
(2008, 326, 45),
(2009, 327, 54),
(2010, 327, 18),
(2011, 327, 47),
(2012, 327, 35),
(2013, 327, 6),
(2014, 327, 81),
(2015, 327, 65),
(2016, 327, 32),
(2017, 328, 2),
(2018, 328, 18),
(2019, 328, 35),
(2020, 328, 22),
(2021, 328, 4),
(2022, 328, 23),
(2023, 328, 77),
(2024, 328, 32),
(2025, 329, 78),
(2026, 329, 1),
(2027, 329, 18),
(2028, 329, 19),
(2029, 329, 75),
(2030, 329, 7),
(2031, 329, 24),
(2032, 329, 81),
(2033, 330, 10),
(2034, 330, 38),
(2035, 330, 18),
(2036, 330, 23),
(2037, 330, 77),
(2038, 330, 81),
(2039, 330, 47),
(2040, 330, 62),
(2041, 331, 15),
(2042, 331, 20),
(2043, 331, 74),
(2044, 331, 23),
(2045, 331, 13),
(2046, 331, 81),
(2047, 331, 2),
(2048, 331, 44),
(2049, 332, 54),
(2050, 332, 4),
(2051, 332, 15),
(2052, 332, 22),
(2053, 332, 38),
(2054, 332, 13),
(2055, 332, 81),
(2056, 332, 14),
(2057, 333, 18),
(2058, 333, 13),
(2059, 333, 81),
(2060, 333, 6),
(2061, 333, 4),
(2062, 333, 15),
(2063, 333, 74),
(2064, 333, 20),
(2065, 334, 47),
(2066, 334, 54),
(2067, 334, 38),
(2068, 334, 32),
(2069, 334, 20),
(2070, 334, 13),
(2071, 334, 81),
(2072, 334, 6),
(2073, 335, 6),
(2074, 335, 13),
(2075, 335, 22),
(2076, 335, 44),
(2077, 335, 18),
(2078, 335, 2),
(2079, 335, 38),
(2080, 335, 15),
(2081, 336, 22),
(2082, 336, 13),
(2083, 336, 38),
(2084, 336, 44),
(2085, 336, 81),
(2086, 336, 20),
(2087, 336, 2),
(2088, 336, 74),
(2089, 337, 5),
(2090, 337, 50),
(2091, 337, 43),
(2092, 337, 6),
(2093, 337, 78),
(2094, 337, 32),
(2095, 337, 7),
(2096, 337, 41),
(2097, 338, 42),
(2098, 338, 63),
(2099, 338, 36),
(2100, 338, 6),
(2101, 338, 44),
(2102, 338, 32),
(2103, 338, 78),
(2104, 338, 41),
(2105, 339, 22),
(2106, 339, 4),
(2107, 339, 23),
(2108, 339, 8),
(2109, 339, 78),
(2110, 339, 33),
(2111, 339, 82),
(2112, 339, 7),
(2113, 340, 43),
(2114, 340, 23),
(2115, 340, 4),
(2116, 340, 8),
(2117, 340, 78),
(2118, 340, 36),
(2119, 340, 44),
(2120, 340, 66),
(2121, 341, 7),
(2122, 341, 5),
(2123, 341, 36),
(2124, 341, 49),
(2125, 341, 6),
(2126, 341, 78),
(2127, 341, 76),
(2128, 341, 23),
(2129, 342, 33),
(2130, 342, 22),
(2131, 342, 6),
(2132, 342, 78),
(2133, 342, 42),
(2134, 342, 40),
(2135, 342, 43),
(2136, 342, 44),
(2137, 343, 12),
(2138, 343, 22),
(2139, 343, 41),
(2140, 343, 36),
(2141, 343, 42),
(2142, 343, 78),
(2143, 343, 13),
(2144, 343, 44),
(2145, 344, 4),
(2146, 344, 7),
(2147, 344, 8),
(2148, 344, 43),
(2149, 344, 78),
(2150, 344, 12),
(2151, 344, 42),
(2152, 344, 14),
(2153, 345, 36),
(2154, 345, 32),
(2155, 345, 6),
(2156, 345, 44),
(2157, 345, 5),
(2158, 345, 76),
(2159, 345, 9),
(2160, 345, 23),
(2161, 346, 44),
(2162, 346, 22),
(2163, 346, 63),
(2164, 346, 32),
(2165, 346, 78),
(2166, 346, 6),
(2167, 346, 40),
(2168, 346, 12),
(2169, 347, 4),
(2170, 347, 12),
(2171, 347, 42),
(2172, 347, 79),
(2173, 347, 22),
(2174, 347, 6),
(2175, 347, 23),
(2176, 347, 32),
(2177, 348, 42),
(2178, 348, 36),
(2179, 348, 44),
(2180, 348, 32),
(2181, 348, 13),
(2182, 348, 8),
(2183, 348, 79),
(2184, 348, 78),
(2185, 349, 4),
(2186, 349, 44),
(2187, 349, 8),
(2188, 349, 79),
(2189, 349, 78),
(2190, 349, 12),
(2191, 349, 6),
(2192, 349, 42),
(2193, 350, 78),
(2194, 350, 22),
(2195, 350, 36),
(2196, 350, 7),
(2197, 350, 8),
(2198, 350, 12),
(2199, 350, 43),
(2200, 350, 13),
(2201, 351, 4),
(2202, 351, 7),
(2203, 351, 36),
(2204, 351, 40),
(2205, 351, 50),
(2206, 351, 42),
(2207, 351, 86),
(2208, 351, 82),
(2209, 352, 32),
(2210, 352, 14),
(2211, 352, 50),
(2212, 352, 36),
(2213, 352, 44),
(2214, 352, 63),
(2215, 352, 82),
(2216, 352, 42),
(2217, 353, 22),
(2218, 353, 4),
(2219, 353, 6),
(2220, 353, 78),
(2221, 353, 33),
(2222, 353, 42),
(2223, 353, 8),
(2224, 353, 12),
(2225, 354, 12),
(2226, 354, 22),
(2227, 354, 13),
(2228, 354, 40),
(2229, 354, 43),
(2230, 354, 49),
(2231, 354, 5),
(2232, 354, 6),
(2233, 355, 12),
(2234, 355, 7),
(2235, 355, 43),
(2236, 355, 14),
(2237, 355, 13),
(2238, 355, 82),
(2239, 355, 6),
(2240, 355, 78),
(2241, 356, 36),
(2242, 356, 43),
(2243, 356, 8),
(2244, 356, 13),
(2245, 356, 6),
(2246, 356, 12),
(2247, 356, 7),
(2248, 356, 79),
(2249, 357, 5),
(2250, 357, 8),
(2251, 357, 22),
(2252, 357, 12),
(2253, 357, 84),
(2254, 357, 42),
(2255, 357, 82),
(2256, 357, 78),
(2257, 358, 8),
(2258, 358, 13),
(2259, 358, 22),
(2260, 358, 5),
(2261, 358, 36),
(2262, 358, 43),
(2263, 358, 42),
(2264, 358, 49),
(2265, 359, 49),
(2266, 359, 78),
(2267, 359, 5),
(2268, 359, 43),
(2269, 359, 14),
(2270, 359, 7),
(2271, 359, 6),
(2272, 359, 32),
(2273, 360, 78),
(2274, 360, 5),
(2275, 360, 8),
(2276, 360, 79),
(2277, 360, 41),
(2278, 360, 12),
(2279, 360, 6),
(2280, 360, 42),
(2281, 361, 13),
(2282, 361, 40),
(2283, 361, 22),
(2284, 361, 42),
(2285, 361, 79),
(2286, 361, 8),
(2287, 361, 32),
(2288, 361, 7),
(2289, 362, 5),
(2290, 362, 8),
(2291, 362, 43),
(2292, 362, 49),
(2293, 362, 78),
(2294, 362, 36),
(2295, 362, 33),
(2296, 362, 41),
(2297, 363, 78),
(2298, 363, 6),
(2299, 363, 42),
(2300, 363, 43),
(2301, 363, 22),
(2302, 363, 44),
(2303, 363, 13),
(2304, 363, 82),
(2305, 364, 8),
(2306, 364, 4),
(2307, 364, 12),
(2308, 364, 22),
(2309, 364, 41),
(2310, 364, 79),
(2311, 364, 78),
(2312, 364, 32),
(2313, 365, 8),
(2314, 365, 22),
(2315, 365, 13),
(2316, 365, 32),
(2317, 365, 42),
(2318, 365, 36),
(2319, 365, 6),
(2320, 365, 78),
(2321, 366, 13),
(2322, 366, 22),
(2323, 366, 44),
(2324, 366, 32),
(2325, 366, 42),
(2326, 366, 23),
(2327, 366, 86),
(2328, 366, 36),
(2329, 367, 42),
(2330, 367, 50),
(2331, 367, 33),
(2332, 367, 6),
(2333, 367, 22),
(2334, 367, 12),
(2335, 367, 7),
(2336, 367, 4),
(2337, 368, 50),
(2338, 368, 72),
(2339, 368, 6),
(2340, 368, 42),
(2341, 368, 71),
(2342, 368, 21),
(2343, 368, 19),
(2344, 368, 33),
(2345, 369, 1),
(2346, 369, 71),
(2347, 369, 18),
(2348, 369, 19),
(2349, 369, 75),
(2350, 369, 7),
(2351, 369, 24),
(2352, 369, 81),
(2353, 370, 63),
(2354, 370, 22),
(2355, 370, 75),
(2356, 370, 35),
(2357, 370, 26),
(2358, 370, 40),
(2359, 370, 32),
(2360, 370, 36),
(2361, 371, 33),
(2362, 371, 74),
(2363, 371, 42),
(2364, 371, 78),
(2365, 371, 70),
(2366, 371, 32),
(2367, 371, 38),
(2368, 371, 21),
(2369, 372, 78),
(2370, 372, 21),
(2371, 372, 24),
(2372, 372, 38),
(2373, 372, 26),
(2374, 372, 42),
(2375, 372, 22),
(2376, 372, 71),
(2377, 373, 74),
(2378, 373, 16),
(2379, 373, 36),
(2380, 373, 5),
(2381, 373, 15),
(2382, 373, 71),
(2383, 373, 26),
(2384, 373, 78),
(2385, 374, 5),
(2386, 374, 22),
(2387, 374, 8),
(2388, 374, 32),
(2389, 374, 47),
(2390, 374, 70),
(2391, 374, 13),
(2392, 374, 42),
(2393, 375, 71),
(2394, 375, 47),
(2395, 375, 22),
(2396, 375, 70),
(2397, 375, 38),
(2398, 375, 42),
(2399, 375, 16),
(2400, 375, 13),
(2401, 376, 5),
(2402, 376, 8),
(2403, 376, 47),
(2404, 376, 16),
(2405, 376, 70),
(2406, 376, 40),
(2407, 376, 78),
(2408, 376, 52),
(2409, 377, 13),
(2410, 377, 16),
(2411, 377, 22),
(2412, 377, 40),
(2413, 377, 70),
(2414, 377, 75),
(2415, 377, 36),
(2416, 377, 15),
(2417, 378, 13),
(2418, 378, 38),
(2419, 378, 7),
(2420, 378, 8),
(2421, 378, 70),
(2422, 378, 42),
(2423, 378, 15),
(2424, 378, 75),
(2425, 379, 22),
(2426, 379, 75),
(2427, 379, 13),
(2428, 379, 78),
(2429, 379, 42),
(2430, 379, 36),
(2431, 379, 40),
(2432, 379, 15),
(2433, 380, 66),
(2434, 380, 7),
(2435, 380, 15),
(2436, 380, 22),
(2437, 380, 71),
(2438, 380, 24),
(2439, 380, 13),
(2440, 380, 16),
(2441, 381, 33),
(2442, 381, 22),
(2443, 381, 78),
(2444, 381, 40),
(2445, 381, 44),
(2446, 381, 15),
(2447, 381, 51),
(2448, 381, 52),
(2449, 382, 20),
(2450, 382, 42),
(2451, 382, 74),
(2452, 382, 71),
(2453, 382, 47),
(2454, 382, 36),
(2455, 382, 33),
(2456, 382, 15),
(2457, 383, 42),
(2458, 383, 78),
(2459, 383, 5),
(2460, 383, 74),
(2461, 383, 13),
(2462, 383, 47),
(2463, 383, 24),
(2464, 383, 15),
(2465, 384, 16),
(2466, 384, 22),
(2467, 384, 70),
(2468, 384, 32),
(2469, 384, 24),
(2470, 384, 47),
(2471, 384, 42),
(2472, 384, 30),
(2473, 385, 78),
(2474, 385, 42),
(2475, 385, 8),
(2476, 385, 33),
(2477, 385, 74),
(2478, 385, 44),
(2479, 385, 40),
(2480, 385, 71),
(2481, 386, 22),
(2482, 386, 8),
(2483, 386, 36),
(2484, 386, 5),
(2485, 386, 15),
(2486, 386, 71),
(2487, 386, 42),
(2488, 386, 78),
(2489, 387, 21),
(2490, 387, 16),
(2491, 387, 13),
(2492, 387, 22),
(2493, 387, 40),
(2494, 387, 78),
(2495, 387, 26),
(2496, 387, 70),
(2497, 388, 8),
(2498, 388, 22),
(2499, 388, 15),
(2500, 388, 71),
(2501, 388, 44),
(2502, 388, 42),
(2503, 388, 39),
(2504, 388, 74),
(2505, 389, 42),
(2506, 389, 35),
(2507, 389, 32),
(2508, 389, 22),
(2509, 389, 71),
(2510, 389, 15),
(2511, 389, 16),
(2512, 389, 75),
(2513, 390, 13),
(2514, 390, 22),
(2515, 390, 38),
(2516, 390, 44),
(2517, 390, 42),
(2518, 390, 74),
(2519, 390, 70),
(2520, 390, 32),
(2521, 391, 32),
(2522, 391, 42),
(2523, 391, 40),
(2524, 391, 22),
(2525, 391, 70),
(2526, 391, 75),
(2527, 391, 9),
(2528, 391, 36),
(2529, 392, 8),
(2530, 392, 42),
(2531, 392, 74),
(2532, 392, 5),
(2533, 392, 44),
(2534, 392, 70),
(2535, 392, 32),
(2536, 392, 16),
(2537, 393, 36),
(2538, 393, 22),
(2539, 393, 16),
(2540, 393, 15),
(2541, 393, 20),
(2542, 393, 71),
(2543, 393, 44),
(2544, 393, 47),
(2545, 394, 40),
(2546, 394, 78),
(2547, 394, 70),
(2548, 394, 15),
(2549, 394, 22),
(2550, 394, 16),
(2551, 394, 21),
(2552, 394, 13),
(2553, 395, 8),
(2554, 395, 7),
(2555, 395, 15),
(2556, 395, 16),
(2557, 395, 71),
(2558, 395, 13),
(2559, 395, 24),
(2560, 395, 38),
(2561, 396, 75),
(2562, 396, 22),
(2563, 396, 8),
(2564, 396, 20),
(2565, 396, 35),
(2566, 396, 78),
(2567, 396, 24),
(2568, 396, 42),
(2569, 397, 70),
(2570, 397, 8),
(2571, 397, 42),
(2572, 397, 15),
(2573, 397, 78),
(2574, 397, 22),
(2575, 397, 75),
(2576, 397, 33),
(2577, 398, 78),
(2578, 398, 22),
(2579, 398, 75),
(2580, 398, 36),
(2581, 398, 70),
(2582, 398, 44),
(2583, 398, 20),
(2584, 398, 32),
(2585, 399, 78),
(2586, 399, 40),
(2587, 399, 16),
(2588, 399, 22),
(2589, 399, 70),
(2590, 399, 5),
(2591, 399, 15),
(2592, 399, 13),
(2593, 400, 15),
(2594, 400, 74),
(2595, 400, 33),
(2596, 400, 42),
(2597, 400, 16),
(2598, 400, 30),
(2599, 400, 71),
(2600, 400, 40),
(2601, 401, 42),
(2602, 401, 33),
(2603, 401, 21),
(2604, 401, 8),
(2605, 401, 15),
(2606, 401, 71),
(2607, 401, 16),
(2608, 401, 22),
(2609, 402, 29),
(2610, 402, 5),
(2611, 402, 42),
(2612, 402, 24),
(2613, 402, 26),
(2614, 402, 78),
(2615, 402, 16),
(2616, 402, 20),
(2617, 403, 35),
(2618, 403, 8),
(2619, 403, 36),
(2620, 403, 21),
(2621, 403, 15),
(2622, 403, 32),
(2623, 403, 42),
(2624, 403, 78),
(2625, 404, 78),
(2626, 404, 16),
(2627, 404, 19),
(2628, 404, 71),
(2629, 404, 14),
(2630, 404, 72),
(2631, 404, 18),
(2632, 404, 10),
(2633, 405, 23),
(2634, 405, 72),
(2635, 405, 16),
(2636, 405, 36),
(2637, 405, 69),
(2638, 405, 7),
(2639, 405, 74),
(2640, 405, 71),
(2641, 406, 15),
(2642, 406, 23),
(2643, 406, 69),
(2644, 406, 33),
(2645, 406, 27),
(2646, 406, 42),
(2647, 406, 25),
(2648, 406, 12),
(2649, 407, 21),
(2650, 407, 22),
(2651, 407, 46),
(2652, 407, 18),
(2653, 407, 2),
(2654, 407, 70),
(2655, 407, 1),
(2656, 407, 79),
(2657, 408, 12),
(2658, 408, 15),
(2659, 408, 16),
(2660, 408, 7),
(2661, 408, 70),
(2662, 408, 46),
(2663, 408, 42),
(2664, 408, 59),
(2665, 409, 1),
(2666, 409, 18),
(2667, 409, 23),
(2668, 409, 36),
(2669, 409, 58),
(2670, 409, 27),
(2671, 409, 38),
(2672, 409, 15),
(2673, 410, 49),
(2674, 410, 1),
(2675, 410, 27),
(2676, 410, 22),
(2677, 410, 16),
(2678, 410, 12),
(2679, 410, 70),
(2680, 410, 40),
(2681, 411, 54),
(2682, 411, 12),
(2683, 411, 22),
(2684, 411, 70),
(2685, 411, 36),
(2686, 411, 16),
(2687, 411, 7),
(2688, 411, 18),
(2689, 412, 1),
(2690, 412, 49),
(2691, 412, 59),
(2692, 412, 12),
(2693, 412, 36),
(2694, 412, 22),
(2695, 412, 27),
(2696, 412, 33),
(2697, 413, 16),
(2698, 413, 18),
(2699, 413, 46),
(2700, 413, 7),
(2701, 413, 70),
(2702, 413, 8),
(2703, 413, 42),
(2704, 413, 59),
(2705, 414, 5),
(2706, 414, 16),
(2707, 414, 79),
(2708, 414, 36),
(2709, 414, 40),
(2710, 414, 27),
(2711, 414, 56),
(2712, 414, 8),
(2713, 415, 7),
(2714, 415, 2),
(2715, 415, 40),
(2716, 415, 1),
(2717, 415, 46),
(2718, 415, 5),
(2719, 415, 36),
(2720, 415, 27),
(2721, 416, 33),
(2722, 416, 21),
(2723, 416, 70),
(2724, 416, 23),
(2725, 416, 46),
(2726, 416, 22),
(2727, 416, 40),
(2728, 416, 49),
(2729, 417, 70),
(2730, 417, 22),
(2731, 417, 27),
(2732, 417, 42),
(2733, 417, 38),
(2734, 417, 36),
(2735, 417, 33),
(2736, 417, 2),
(2737, 418, 1),
(2738, 418, 17),
(2739, 418, 18),
(2740, 418, 70),
(2741, 418, 33),
(2742, 418, 27),
(2743, 418, 15),
(2744, 418, 22),
(2745, 419, 18),
(2746, 419, 70),
(2747, 419, 12),
(2748, 419, 25),
(2749, 419, 42),
(2750, 419, 33),
(2751, 419, 69),
(2752, 419, 49),
(2753, 420, 25),
(2754, 420, 46),
(2755, 420, 8),
(2756, 420, 69),
(2757, 420, 42),
(2758, 420, 1),
(2759, 420, 12),
(2760, 420, 40),
(2761, 421, 16),
(2762, 421, 22),
(2763, 421, 70),
(2764, 421, 15),
(2765, 421, 49),
(2766, 421, 18),
(2767, 421, 36),
(2768, 421, 27),
(2769, 422, 21),
(2770, 422, 46),
(2771, 422, 18),
(2772, 422, 49),
(2773, 422, 70),
(2774, 422, 1),
(2775, 422, 42),
(2776, 422, 16),
(2777, 423, 17),
(2778, 423, 18),
(2779, 423, 27),
(2780, 423, 70),
(2781, 423, 1),
(2782, 423, 23),
(2783, 423, 58),
(2784, 423, 15),
(2785, 424, 70),
(2786, 424, 69),
(2787, 424, 27),
(2788, 424, 18),
(2789, 424, 56),
(2790, 424, 40),
(2791, 424, 21),
(2792, 424, 49),
(2793, 425, 1),
(2794, 425, 56),
(2795, 425, 54),
(2796, 425, 36),
(2797, 425, 7),
(2798, 425, 79),
(2799, 425, 70),
(2800, 425, 18),
(2801, 426, 22),
(2802, 426, 70),
(2803, 426, 49),
(2804, 426, 5),
(2805, 426, 18),
(2806, 426, 27),
(2807, 426, 42),
(2808, 426, 3),
(2809, 427, 42),
(2810, 427, 40),
(2811, 427, 22),
(2812, 427, 70),
(2813, 427, 9),
(2814, 427, 7),
(2815, 427, 27),
(2816, 427, 49),
(2817, 428, 22),
(2818, 428, 27),
(2819, 428, 33),
(2820, 428, 40),
(2821, 428, 8),
(2822, 428, 23),
(2823, 428, 54),
(2824, 428, 2),
(2825, 429, 22),
(2826, 429, 36),
(2827, 429, 54),
(2828, 429, 70),
(2829, 429, 40),
(2830, 429, 3),
(2831, 429, 27),
(2832, 429, 16),
(2833, 430, 12),
(2834, 430, 1),
(2835, 430, 18),
(2836, 430, 17),
(2837, 430, 79),
(2838, 430, 22),
(2839, 430, 40),
(2840, 430, 15),
(2841, 431, 5),
(2842, 431, 1),
(2843, 431, 2),
(2844, 431, 15),
(2845, 431, 23),
(2846, 431, 76),
(2847, 431, 79),
(2848, 431, 12),
(2849, 432, 61),
(2850, 432, 22),
(2851, 432, 8),
(2852, 432, 18),
(2853, 432, 42),
(2854, 432, 70),
(2855, 432, 1),
(2856, 432, 16),
(2857, 433, 17),
(2858, 433, 18),
(2859, 433, 27),
(2860, 433, 49),
(2861, 433, 23),
(2862, 433, 70),
(2863, 433, 1),
(2864, 433, 58),
(2865, 434, 3),
(2866, 434, 10),
(2867, 434, 19),
(2868, 434, 27),
(2869, 434, 78),
(2870, 434, 70),
(2871, 434, 9),
(2872, 434, 49),
(2873, 435, 33),
(2874, 435, 21),
(2875, 435, 83),
(2876, 435, 12),
(2877, 435, 42),
(2878, 435, 70),
(2879, 435, 16),
(2880, 435, 49),
(2889, 436, 16),
(2890, 436, 36),
(2891, 436, 15),
(2892, 436, 22),
(2893, 436, 2),
(2894, 436, 17),
(2895, 436, 70),
(2896, 436, 40),
(2897, 437, 42),
(2898, 437, 7),
(2899, 437, 18),
(2900, 437, 38),
(2901, 437, 15),
(2902, 437, 16),
(2903, 437, 1),
(2904, 437, 70),
(2905, 438, 27),
(2906, 438, 21),
(2907, 438, 46),
(2908, 438, 55),
(2909, 438, 17),
(2910, 438, 83),
(2911, 438, 70),
(2912, 438, 79),
(2913, 439, 22),
(2914, 439, 12),
(2915, 439, 18),
(2916, 439, 49),
(2917, 439, 17),
(2918, 439, 1),
(2919, 439, 70),
(2920, 439, 42),
(2921, 440, 1),
(2922, 440, 18),
(2923, 440, 40),
(2924, 440, 15),
(2925, 440, 8),
(2926, 440, 82),
(2927, 440, 29),
(2928, 440, 44),
(2929, 441, 80),
(2930, 441, 75),
(2931, 441, 81),
(2932, 441, 43),
(2933, 441, 19),
(2934, 441, 31),
(2935, 441, 4),
(2936, 441, 23),
(2937, 442, 24),
(2938, 442, 32),
(2939, 442, 47),
(2940, 442, 34),
(2941, 442, 16),
(2942, 442, 70),
(2943, 442, 1),
(2944, 442, 61),
(2945, 443, 57),
(2946, 443, 76),
(2947, 443, 12),
(2948, 443, 69),
(2949, 443, 18),
(2950, 443, 73),
(2951, 443, 71),
(2952, 443, 36),
(2953, 444, 81),
(2954, 444, 4),
(2955, 444, 38),
(2956, 444, 70),
(2957, 444, 68),
(2958, 444, 43),
(2959, 444, 46),
(2960, 444, 44),
(2961, 445, 65),
(2962, 445, 12),
(2963, 445, 70),
(2964, 445, 38),
(2965, 445, 78),
(2966, 445, 22),
(2967, 445, 46),
(2968, 445, 36),
(2969, 446, 72),
(2970, 446, 43),
(2971, 446, 12),
(2972, 446, 1),
(2973, 446, 70),
(2974, 446, 27),
(2975, 446, 22),
(2976, 446, 16),
(2977, 447, 81),
(2978, 447, 2),
(2979, 447, 67),
(2980, 447, 39),
(2981, 447, 32),
(2982, 447, 65),
(2983, 447, 70),
(2984, 447, 11),
(2985, 448, 9),
(2986, 448, 75),
(2987, 448, 22),
(2988, 448, 13),
(2989, 448, 70),
(2990, 448, 32),
(2991, 448, 6),
(2992, 448, 19),
(2993, 449, 17),
(2994, 449, 16),
(2995, 449, 22),
(2996, 449, 15),
(2997, 449, 36),
(2998, 449, 2),
(2999, 449, 71),
(3000, 449, 14),
(3001, 450, 19),
(3002, 450, 54),
(3003, 450, 78),
(3004, 450, 49),
(3005, 450, 28),
(3006, 450, 41),
(3007, 450, 18),
(3008, 450, 42),
(3009, 451, 22),
(3010, 451, 81),
(3011, 451, 18),
(3012, 451, 5),
(3013, 451, 43),
(3014, 451, 27),
(3015, 451, 49),
(3016, 451, 70),
(3017, 452, 13),
(3018, 452, 19),
(3019, 452, 18),
(3020, 452, 6),
(3021, 452, 37),
(3022, 452, 71),
(3023, 452, 36),
(3024, 452, 43),
(3025, 453, 31),
(3026, 453, 2),
(3027, 453, 65),
(3028, 453, 67),
(3029, 453, 70),
(3030, 453, 39),
(3031, 453, 11),
(3032, 453, 81),
(3033, 454, 34),
(3034, 454, 1),
(3035, 454, 23),
(3036, 454, 42),
(3037, 454, 2),
(3038, 454, 20),
(3039, 454, 6),
(3040, 454, 48),
(3041, 455, 13),
(3042, 455, 15),
(3043, 455, 72),
(3044, 455, 43),
(3045, 455, 74),
(3046, 455, 12),
(3047, 455, 71),
(3048, 455, 7),
(3049, 456, 70),
(3050, 456, 47),
(3051, 456, 76),
(3052, 456, 78),
(3053, 456, 5),
(3054, 456, 71),
(3055, 456, 23),
(3056, 456, 8),
(3057, 457, 54),
(3058, 457, 58),
(3059, 457, 86),
(3060, 457, 50),
(3061, 457, 52),
(3062, 457, 72),
(3063, 457, 5),
(3064, 457, 85),
(3065, 458, 18),
(3066, 458, 8),
(3067, 458, 7),
(3068, 458, 13),
(3069, 458, 72),
(3070, 458, 38),
(3071, 458, 53),
(3072, 458, 46),
(3073, 459, 23),
(3074, 459, 62),
(3075, 459, 16),
(3076, 459, 72),
(3077, 459, 12),
(3078, 459, 22),
(3079, 459, 44),
(3080, 459, 18),
(3081, 460, 46),
(3082, 460, 47),
(3083, 460, 49),
(3084, 460, 13),
(3085, 460, 17),
(3086, 460, 36),
(3087, 460, 70),
(3088, 460, 38),
(3089, 461, 5),
(3090, 461, 72),
(3091, 461, 12),
(3092, 461, 81),
(3093, 461, 18),
(3094, 461, 62),
(3095, 461, 82),
(3096, 461, 75),
(3097, 462, 22),
(3098, 462, 36),
(3099, 462, 42),
(3100, 462, 70),
(3101, 462, 18),
(3102, 462, 75),
(3103, 462, 78),
(3104, 462, 82),
(3105, 463, 42),
(3106, 463, 40),
(3107, 463, 10),
(3108, 463, 16),
(3109, 463, 36),
(3110, 463, 56),
(3111, 463, 78),
(3112, 463, 77),
(3113, 464, 42),
(3114, 464, 78),
(3115, 464, 83),
(3116, 464, 27),
(3117, 464, 26),
(3118, 464, 21),
(3119, 464, 55),
(3120, 464, 6),
(3121, 465, 11),
(3122, 465, 83),
(3123, 465, 39),
(3124, 465, 70),
(3125, 465, 68),
(3126, 465, 75),
(3127, 465, 76),
(3128, 465, 78),
(3129, 466, 79),
(3130, 466, 22),
(3131, 466, 12),
(3132, 466, 69),
(3133, 466, 23),
(3134, 466, 78),
(3135, 466, 11),
(3136, 466, 42),
(3137, 467, 27),
(3138, 467, 78),
(3139, 467, 3),
(3140, 467, 33),
(3141, 467, 32),
(3142, 467, 22),
(3143, 467, 19),
(3144, 467, 6),
(3145, 468, 7),
(3146, 468, 16),
(3147, 468, 2),
(3148, 468, 71),
(3149, 468, 27),
(3150, 468, 13),
(3151, 468, 54),
(3152, 468, 43),
(3153, 469, 50),
(3154, 469, 70),
(3155, 469, 22),
(3156, 469, 32),
(3157, 469, 12),
(3158, 469, 19),
(3159, 469, 43),
(3160, 469, 46),
(3161, 470, 10),
(3162, 470, 66),
(3163, 470, 3),
(3164, 470, 78),
(3165, 470, 6),
(3166, 470, 18),
(3167, 470, 12),
(3168, 470, 80),
(3169, 471, 1),
(3170, 471, 70),
(3171, 471, 18),
(3172, 471, 19),
(3173, 471, 75),
(3174, 471, 7),
(3175, 471, 24),
(3176, 471, 81),
(3177, 472, 10),
(3178, 472, 48),
(3179, 472, 36),
(3180, 472, 43),
(3181, 472, 6),
(3182, 472, 83),
(3183, 472, 71),
(3184, 472, 49),
(3185, 473, 66),
(3186, 473, 42),
(3187, 473, 39),
(3188, 473, 33),
(3189, 473, 23),
(3190, 473, 78),
(3191, 473, 37),
(3192, 473, 29),
(3193, 474, 13),
(3194, 474, 71),
(3195, 474, 38),
(3196, 474, 16),
(3197, 474, 7),
(3198, 474, 31),
(3199, 474, 30),
(3200, 474, 23),
(3201, 475, 27),
(3202, 475, 22),
(3203, 475, 3),
(3204, 475, 33),
(3205, 475, 32),
(3206, 475, 40),
(3207, 475, 19),
(3208, 475, 6);

-- --------------------------------------------------------

--
-- Table structure for table `card_level`
--

CREATE TABLE `card_level` (
  `id` int(11) NOT NULL,
  `card_id` int(11) NOT NULL,
  `player_id` int(11) NOT NULL,
  `level` int(11) NOT NULL
) ENGINE=InnoDB DEFAULT CHARSET=latin1 COMMENT='Niveau des cartes par joueur';

--
-- Dumping data for table `card_level`
--

INSERT INTO `card_level` (`id`, `card_id`, `player_id`, `level`) VALUES
(1, 42, 27, 9),
(2, 3, 27, 9),
(3, 77, 27, 3),
(4, 32, 27, 9),
(5, 59, 27, 8),
(6, 14, 27, 9),
(7, 16, 27, 5),
(8, 60, 27, 7),
(9, 63, 27, 7),
(10, 74, 27, 4),
(11, 34, 27, 1),
(12, 58, 27, 2),
(13, 67, 27, 4),
(14, 2, 27, 10),
(15, 9, 27, 8),
(16, 73, 27, 7),
(17, 11, 27, 9),
(18, 69, 27, 7),
(19, 65, 27, 10),
(20, 21, 27, 4),
(21, 80, 27, 2),
(22, 17, 27, 6),
(23, 40, 27, 7),
(24, 4, 27, 6),
(25, 68, 27, 7),
(26, 22, 27, 7),
(27, 76, 27, 4),
(28, 20, 27, 9),
(29, 71, 27, 10),
(30, 55, 27, 8),
(31, 61, 27, 8),
(32, 82, 27, 5),
(33, 35, 27, 5),
(34, 5, 27, 5),
(35, 66, 27, 7),
(36, 72, 27, 5),
(37, 10, 27, 4),
(38, 15, 27, 8),
(39, 44, 27, 9),
(40, 49, 27, 9),
(41, 25, 27, 9),
(42, 31, 27, 9),
(43, 6, 27, 9),
(44, 29, 27, 6),
(45, 64, 27, 7),
(46, 79, 27, 5),
(47, 86, 27, 8),
(48, 33, 27, 2),
(49, 56, 27, 6),
(50, 23, 27, 11),
(51, 62, 27, 7),
(52, 39, 27, 7),
(53, 46, 27, 5),
(54, 83, 27, 4),
(55, 27, 27, 2),
(56, 37, 27, 6),
(57, 26, 27, 4),
(58, 85, 27, 6),
(59, 12, 27, 6),
(60, 53, 27, 3),
(61, 41, 27, 7),
(62, 48, 27, 2),
(63, 52, 27, 9),
(64, 84, 27, 4),
(65, 45, 27, 3),
(66, 50, 27, 1),
(67, 51, 27, 6),
(68, 28, 27, 3),
(69, 30, 27, 2),
(70, 43, 27, 1),
(71, 57, 27, 7),
(72, 8, 27, 4),
(73, 13, 27, 5),
(74, 78, 27, 9),
(75, 38, 27, 2),
(76, 47, 27, 1),
(77, 1, 27, 11),
(78, 70, 27, 8),
(79, 18, 27, 8),
(80, 19, 27, 9),
(81, 75, 27, 4),
(82, 7, 27, 5),
(83, 24, 27, 2),
(84, 81, 27, 2),
(85, 28, 1, 5),
(86, 39, 1, 7),
(87, 41, 1, 7),
(88, 12, 1, 7),
(89, 58, 1, 1),
(90, 51, 1, 1),
(91, 82, 1, 4),
(92, 53, 1, 4),
(93, 66, 1, 7),
(94, 30, 1, 1),
(95, 15, 1, 8),
(96, 8, 1, 4),
(97, 64, 1, 2),
(98, 21, 1, 5),
(99, 45, 1, 4),
(100, 59, 1, 7),
(101, 32, 1, 11),
(102, 4, 1, 8),
(103, 76, 1, 3),
(104, 36, 1, 2),
(105, 49, 1, 9),
(106, 25, 1, 10),
(107, 63, 1, 7),
(108, 85, 1, 7),
(109, 71, 1, 10),
(110, 1, 1, 9),
(111, 62, 1, 7),
(112, 75, 1, 3),
(113, 3, 1, 10),
(114, 50, 1, 1),
(115, 31, 1, 9),
(116, 27, 1, 2),
(117, 78, 1, 10),
(118, 47, 1, 1),
(119, 44, 1, 10),
(120, 80, 1, 2),
(121, 29, 1, 8),
(122, 61, 1, 8),
(123, 9, 1, 10),
(124, 79, 1, 4),
(125, 60, 1, 7),
(126, 67, 1, 4),
(127, 46, 1, 5),
(128, 77, 1, 4),
(129, 20, 1, 10),
(130, 24, 1, 2),
(131, 13, 1, 4),
(132, 43, 1, 2),
(133, 54, 1, 2),
(134, 2, 1, 10),
(135, 35, 1, 4),
(136, 65, 1, 9),
(137, 37, 1, 5),
(138, 11, 1, 7),
(139, 7, 1, 4),
(140, 38, 1, 2),
(141, 17, 1, 4),
(142, 5, 1, 4),
(143, 73, 1, 7),
(144, 83, 1, 4),
(145, 40, 1, 7),
(146, 19, 1, 8),
(147, 72, 1, 3),
(148, 14, 1, 10),
(149, 22, 1, 7),
(150, 34, 1, 1),
(151, 69, 1, 7),
(152, 56, 1, 7),
(153, 55, 1, 1),
(154, 26, 1, 4),
(155, 33, 1, 2),
(156, 74, 1, 4),
(157, 84, 1, 4),
(158, 16, 1, 5),
(159, 52, 1, 1),
(160, 86, 1, 1),
(161, 57, 1, 5),
(162, 23, 1, 9),
(163, 42, 1, 13),
(164, 6, 1, 12),
(165, 18, 1, 11),
(166, 70, 1, 10),
(167, 81, 1, 2),
(168, 10, 1, 7),
(169, 68, 1, 9),
(170, 48, 1, 3),
(171, 70, 2, 8),
(172, 37, 2, 9),
(173, 25, 2, 9),
(174, 60, 2, 4),
(175, 79, 2, 2),
(176, 56, 2, 1),
(177, 73, 2, 5),
(178, 13, 2, 2),
(179, 72, 2, 4),
(180, 64, 2, 4),
(181, 69, 2, 8),
(182, 74, 2, 4),
(183, 23, 2, 11),
(184, 34, 2, 2),
(185, 46, 2, 4),
(186, 11, 2, 8),
(187, 31, 2, 5),
(188, 40, 2, 7),
(189, 81, 2, 2),
(190, 62, 2, 7),
(191, 2, 2, 8),
(192, 1, 2, 6),
(193, 71, 2, 8),
(194, 20, 2, 10),
(195, 15, 2, 8),
(196, 7, 2, 4),
(197, 5, 2, 5),
(198, 67, 2, 2),
(199, 59, 2, 7),
(200, 17, 2, 4),
(201, 4, 2, 8),
(202, 66, 2, 9),
(203, 63, 2, 3),
(204, 35, 2, 3),
(205, 65, 2, 9),
(206, 18, 2, 7),
(207, 61, 2, 3),
(208, 30, 2, 2),
(209, 8, 2, 5),
(210, 68, 2, 6),
(211, 24, 2, 2),
(212, 77, 2, 3),
(213, 28, 2, 1),
(214, 10, 2, 7),
(215, 82, 2, 4),
(216, 14, 2, 8),
(217, 21, 2, 3),
(218, 9, 2, 10),
(219, 12, 2, 7),
(220, 80, 2, 2),
(221, 26, 2, 1),
(222, 43, 2, 3),
(223, 83, 2, 1),
(224, 75, 2, 6),
(225, 42, 2, 10),
(226, 41, 2, 1),
(227, 29, 2, 9),
(228, 39, 2, 7),
(229, 48, 2, 1),
(230, 44, 2, 11),
(231, 85, 2, 1),
(232, 49, 2, 1),
(233, 53, 2, 1),
(234, 47, 2, 1),
(235, 36, 2, 2),
(236, 76, 2, 5),
(237, 55, 2, 1),
(238, 51, 2, 1),
(239, 45, 2, 1),
(240, 16, 2, 5),
(241, 54, 2, 1),
(242, 84, 2, 1),
(243, 58, 2, 1),
(244, 52, 2, 1),
(245, 86, 2, 1),
(246, 57, 2, 1),
(247, 50, 2, 1),
(248, 38, 2, 1),
(249, 27, 2, 3),
(250, 78, 2, 13),
(251, 3, 2, 13),
(252, 33, 2, 3),
(253, 32, 2, 13),
(254, 22, 2, 11),
(255, 19, 2, 10),
(256, 6, 2, 13),
(257, 16, 3, 5),
(258, 12, 3, 9),
(259, 48, 3, 2),
(260, 73, 3, 8),
(261, 77, 3, 5),
(262, 63, 3, 8),
(263, 21, 3, 5),
(264, 49, 3, 10),
(265, 41, 3, 8),
(266, 38, 3, 2),
(267, 43, 3, 3),
(268, 11, 3, 11),
(269, 76, 3, 5),
(270, 47, 3, 2),
(271, 1, 3, 10),
(272, 36, 3, 2),
(273, 69, 3, 8),
(274, 58, 3, 2),
(275, 52, 3, 10),
(276, 5, 3, 5),
(277, 24, 3, 2),
(278, 14, 3, 10),
(279, 68, 3, 8),
(280, 4, 3, 8),
(281, 2, 3, 10),
(282, 75, 3, 5),
(283, 9, 3, 10),
(284, 20, 3, 10),
(285, 59, 3, 10),
(286, 71, 3, 10),
(287, 83, 3, 5),
(288, 60, 3, 8),
(289, 54, 3, 2),
(290, 6, 3, 11),
(291, 3, 3, 10),
(292, 67, 3, 5),
(293, 7, 3, 6),
(294, 61, 3, 10),
(295, 40, 3, 8),
(296, 62, 3, 8),
(297, 25, 3, 10),
(298, 13, 3, 5),
(299, 29, 3, 8),
(300, 28, 3, 5),
(301, 22, 3, 9),
(302, 70, 3, 8),
(303, 50, 3, 3),
(304, 82, 3, 6),
(305, 26, 3, 5),
(306, 66, 3, 8),
(307, 8, 3, 5),
(308, 15, 3, 8),
(309, 80, 3, 2),
(310, 64, 3, 8),
(311, 35, 3, 5),
(312, 72, 3, 5),
(313, 65, 3, 10),
(314, 10, 3, 5),
(315, 56, 3, 8),
(316, 37, 3, 8),
(317, 31, 3, 11),
(318, 85, 3, 8),
(319, 30, 3, 2),
(320, 53, 3, 5),
(321, 33, 3, 2),
(322, 55, 3, 10),
(323, 78, 3, 11),
(324, 45, 3, 5),
(325, 51, 3, 8),
(326, 46, 3, 6),
(327, 79, 3, 5),
(328, 44, 3, 11),
(329, 39, 3, 8),
(330, 84, 3, 5),
(331, 34, 3, 1),
(332, 19, 3, 9),
(333, 57, 3, 7),
(334, 86, 3, 11),
(335, 32, 3, 13),
(336, 42, 3, 13),
(337, 23, 3, 12),
(338, 18, 3, 9),
(339, 17, 3, 6),
(340, 74, 3, 6),
(341, 27, 3, 3),
(342, 81, 3, 3),
(343, 38, 4, 2),
(344, 17, 4, 5),
(345, 31, 4, 7),
(346, 69, 4, 8),
(347, 46, 4, 4),
(348, 83, 4, 4),
(349, 11, 4, 10),
(350, 25, 4, 8),
(351, 37, 4, 8),
(352, 14, 4, 7),
(353, 35, 4, 5),
(354, 61, 4, 9),
(355, 12, 4, 8),
(356, 63, 4, 8),
(357, 26, 4, 5),
(358, 48, 4, 2),
(359, 8, 4, 5),
(360, 78, 4, 11),
(361, 40, 4, 8),
(362, 5, 4, 6),
(363, 82, 4, 5),
(364, 9, 4, 11),
(365, 68, 4, 8),
(366, 15, 4, 8),
(367, 20, 4, 11),
(368, 43, 4, 2),
(369, 77, 4, 5),
(370, 13, 4, 4),
(371, 10, 4, 5),
(372, 60, 4, 8),
(373, 81, 4, 2),
(374, 72, 4, 4),
(375, 80, 4, 2),
(376, 79, 4, 5),
(377, 50, 4, 1),
(378, 28, 4, 5),
(379, 7, 4, 5),
(380, 19, 4, 8),
(381, 67, 4, 5),
(382, 36, 4, 2),
(383, 24, 4, 2),
(384, 62, 4, 8),
(385, 47, 4, 2),
(386, 54, 4, 2),
(387, 29, 4, 8),
(388, 2, 4, 8),
(389, 23, 4, 10),
(390, 30, 4, 2),
(391, 22, 4, 8),
(392, 64, 4, 8),
(393, 76, 4, 5),
(394, 32, 4, 10),
(395, 49, 4, 10),
(396, 44, 4, 11),
(397, 85, 4, 6),
(398, 21, 4, 5),
(399, 70, 4, 8),
(400, 39, 4, 8),
(401, 66, 4, 9),
(402, 3, 4, 10),
(403, 75, 4, 5),
(404, 16, 4, 5),
(405, 65, 4, 10),
(406, 53, 4, 3),
(407, 18, 4, 7),
(408, 56, 4, 8),
(409, 33, 4, 2),
(410, 55, 4, 1),
(411, 51, 4, 1),
(412, 45, 4, 2),
(413, 41, 4, 8),
(414, 4, 4, 8),
(415, 84, 4, 1),
(416, 52, 4, 1),
(417, 86, 4, 1),
(418, 57, 4, 1),
(419, 1, 4, 13),
(420, 6, 4, 13),
(421, 42, 4, 13),
(422, 71, 4, 12),
(423, 59, 4, 12),
(424, 73, 4, 9),
(425, 74, 4, 6),
(426, 27, 4, 3),
(427, 69, 5, 7),
(428, 35, 5, 3),
(429, 55, 5, 9),
(430, 37, 5, 7),
(431, 31, 5, 9),
(432, 62, 5, 6),
(433, 61, 5, 9),
(434, 59, 5, 9),
(435, 9, 5, 8),
(436, 21, 5, 3),
(437, 67, 5, 3),
(438, 81, 5, 2),
(439, 51, 5, 7),
(440, 49, 5, 10),
(441, 60, 5, 6),
(442, 65, 5, 9),
(443, 46, 5, 3),
(444, 70, 5, 7),
(445, 26, 5, 4),
(446, 6, 5, 9),
(447, 83, 5, 4),
(448, 86, 5, 1),
(449, 42, 5, 9),
(450, 41, 5, 7),
(451, 24, 5, 2),
(452, 7, 5, 4),
(453, 28, 5, 4),
(454, 68, 5, 7),
(455, 57, 5, 1),
(456, 18, 5, 6),
(457, 11, 5, 9),
(458, 75, 5, 4),
(459, 56, 5, 7),
(460, 79, 5, 3),
(461, 63, 5, 6),
(462, 17, 5, 3),
(463, 66, 5, 6),
(464, 52, 5, 1),
(465, 47, 5, 1),
(466, 85, 5, 7),
(467, 78, 5, 10),
(468, 64, 5, 6),
(469, 5, 5, 4),
(470, 27, 5, 2),
(471, 3, 5, 11),
(472, 77, 5, 3),
(473, 72, 5, 4),
(474, 10, 5, 3),
(475, 43, 5, 1),
(476, 73, 5, 8),
(477, 25, 5, 8),
(478, 44, 5, 9),
(479, 29, 5, 7),
(480, 2, 5, 9),
(481, 23, 5, 9),
(482, 40, 5, 7),
(483, 39, 5, 7),
(484, 53, 5, 2),
(485, 82, 5, 4),
(486, 1, 5, 10),
(487, 74, 5, 3),
(488, 32, 5, 9),
(489, 54, 5, 2),
(490, 12, 5, 7),
(491, 33, 5, 2),
(492, 80, 5, 2),
(493, 45, 5, 4),
(494, 58, 5, 1),
(495, 34, 5, 1),
(496, 30, 5, 1),
(497, 84, 5, 4),
(498, 48, 5, 1),
(499, 20, 5, 11),
(500, 38, 5, 2),
(501, 22, 5, 6),
(502, 76, 5, 4),
(503, 19, 5, 10),
(504, 16, 5, 6),
(505, 4, 5, 9),
(506, 71, 5, 12),
(507, 15, 5, 10),
(508, 13, 5, 6),
(509, 14, 5, 12),
(510, 8, 5, 6),
(511, 14, 6, 9),
(512, 12, 6, 3),
(513, 63, 6, 4),
(514, 41, 6, 6),
(515, 44, 6, 11),
(516, 66, 6, 9),
(517, 11, 6, 6),
(518, 65, 6, 7),
(519, 59, 6, 6),
(520, 60, 6, 9),
(521, 10, 6, 2),
(522, 2, 6, 8),
(523, 81, 6, 2),
(524, 62, 6, 4),
(525, 4, 6, 4),
(526, 74, 6, 5),
(527, 9, 6, 8),
(528, 7, 6, 5),
(529, 64, 6, 4),
(530, 68, 6, 4),
(531, 15, 6, 5),
(532, 77, 6, 2),
(533, 19, 6, 7),
(534, 67, 6, 5),
(535, 36, 6, 2),
(536, 3, 6, 6),
(537, 18, 6, 6),
(538, 31, 6, 6),
(539, 79, 6, 5),
(540, 21, 6, 4),
(541, 71, 6, 7),
(542, 17, 6, 3),
(543, 5, 6, 3),
(544, 69, 6, 5),
(545, 72, 6, 5),
(546, 29, 6, 2),
(547, 13, 6, 4),
(548, 28, 6, 3),
(549, 25, 6, 8),
(550, 42, 6, 11),
(551, 26, 6, 2),
(552, 8, 6, 4),
(553, 76, 6, 2),
(554, 75, 6, 4),
(555, 35, 6, 2),
(556, 40, 6, 4),
(557, 39, 6, 4),
(558, 78, 6, 10),
(559, 30, 6, 2),
(560, 6, 6, 10),
(561, 20, 6, 10),
(562, 82, 6, 2),
(563, 23, 6, 10),
(564, 37, 6, 7),
(565, 80, 6, 2),
(566, 83, 6, 5),
(567, 56, 6, 7),
(568, 46, 6, 4),
(569, 22, 6, 7),
(570, 27, 6, 1),
(571, 85, 6, 4),
(572, 43, 6, 1),
(573, 49, 6, 4),
(574, 53, 6, 1),
(575, 38, 6, 2),
(576, 48, 6, 1),
(577, 73, 6, 8),
(578, 54, 6, 2),
(579, 55, 6, 1),
(580, 51, 6, 3),
(581, 45, 6, 2),
(582, 50, 6, 1),
(583, 84, 6, 1),
(584, 52, 6, 5),
(585, 86, 6, 1),
(586, 57, 6, 8),
(587, 24, 6, 3),
(588, 32, 6, 13),
(589, 47, 6, 3),
(590, 34, 6, 3),
(591, 16, 6, 8),
(592, 70, 6, 11),
(593, 1, 6, 13),
(594, 61, 6, 13),
(595, 45, 7, 1),
(596, 81, 7, 1),
(597, 31, 7, 7),
(598, 28, 7, 3),
(599, 8, 7, 3),
(600, 23, 7, 8),
(601, 5, 7, 2),
(602, 55, 7, 7),
(603, 27, 7, 1),
(604, 32, 7, 9),
(605, 7, 7, 4),
(606, 42, 7, 8),
(607, 63, 7, 4),
(608, 9, 7, 10),
(609, 48, 7, 1),
(610, 69, 7, 7),
(611, 76, 7, 2),
(612, 29, 7, 4),
(613, 21, 7, 3),
(614, 6, 7, 8),
(615, 36, 7, 2),
(616, 14, 7, 8),
(617, 83, 7, 3),
(618, 10, 7, 4),
(619, 49, 7, 8),
(620, 79, 7, 3),
(621, 24, 7, 2),
(622, 61, 7, 1),
(623, 59, 7, 10),
(624, 46, 7, 1),
(625, 80, 7, 1),
(626, 38, 7, 2),
(627, 41, 7, 5),
(628, 37, 7, 4),
(629, 4, 7, 6),
(630, 47, 7, 1),
(631, 64, 7, 5),
(632, 73, 7, 7),
(633, 25, 7, 8),
(634, 1, 7, 10),
(635, 30, 7, 1),
(636, 35, 7, 2),
(637, 2, 7, 9),
(638, 60, 7, 5),
(639, 67, 7, 2),
(640, 3, 7, 9),
(641, 34, 7, 1),
(642, 20, 7, 10),
(643, 62, 7, 5),
(644, 39, 7, 5),
(645, 68, 7, 6),
(646, 78, 7, 10),
(647, 82, 7, 3),
(648, 11, 7, 7),
(649, 66, 7, 6),
(650, 77, 7, 3),
(651, 19, 7, 6),
(652, 44, 7, 10),
(653, 26, 7, 2),
(654, 71, 7, 9),
(655, 65, 7, 7),
(656, 85, 7, 3),
(657, 43, 7, 1),
(658, 17, 7, 2),
(659, 74, 7, 3),
(660, 53, 7, 1),
(661, 56, 7, 1),
(662, 40, 7, 5),
(663, 16, 7, 4),
(664, 51, 7, 2),
(665, 72, 7, 3),
(666, 50, 7, 1),
(667, 84, 7, 1),
(668, 52, 7, 1),
(669, 54, 7, 1),
(670, 58, 7, 1),
(671, 86, 7, 1),
(672, 57, 7, 1),
(673, 15, 7, 10),
(674, 33, 7, 3),
(675, 12, 7, 10),
(676, 13, 7, 5),
(677, 70, 7, 11),
(678, 22, 7, 10),
(679, 18, 7, 10),
(680, 75, 7, 8),
(681, 14, 8, 10),
(682, 64, 8, 7),
(683, 73, 8, 7),
(684, 8, 8, 5),
(685, 46, 8, 4),
(686, 82, 8, 4),
(687, 63, 8, 7),
(688, 18, 8, 7),
(689, 38, 8, 2),
(690, 48, 8, 2),
(691, 9, 8, 9),
(692, 1, 8, 9),
(693, 58, 8, 1),
(694, 61, 8, 9),
(695, 41, 8, 7),
(696, 60, 8, 7),
(697, 20, 8, 9),
(698, 34, 8, 2),
(699, 83, 8, 4),
(700, 45, 8, 4),
(701, 74, 8, 4),
(702, 47, 8, 2),
(703, 75, 8, 4),
(704, 17, 8, 4),
(705, 36, 8, 2),
(706, 65, 8, 10),
(707, 80, 8, 2),
(708, 32, 8, 10),
(709, 33, 8, 2),
(710, 43, 8, 1),
(711, 76, 8, 4),
(712, 72, 8, 4),
(713, 2, 8, 10),
(714, 11, 8, 9),
(715, 42, 8, 10),
(716, 29, 8, 7),
(717, 12, 8, 7),
(718, 21, 8, 5),
(719, 10, 8, 4),
(720, 39, 8, 7),
(721, 31, 8, 10),
(722, 59, 8, 9),
(723, 62, 8, 7),
(724, 24, 8, 2),
(725, 49, 8, 10),
(726, 69, 8, 8),
(727, 25, 8, 9),
(728, 22, 8, 7),
(729, 27, 8, 2),
(730, 13, 8, 4),
(731, 30, 8, 2),
(732, 7, 8, 5),
(733, 78, 8, 10),
(734, 19, 8, 7),
(735, 28, 8, 4),
(736, 50, 8, 1),
(737, 44, 8, 9),
(738, 66, 8, 7),
(739, 37, 8, 7),
(740, 85, 8, 7),
(741, 6, 8, 9),
(742, 67, 8, 4),
(743, 16, 8, 4),
(744, 5, 8, 4),
(745, 53, 8, 4),
(746, 79, 8, 4),
(747, 56, 8, 8),
(748, 55, 8, 9),
(749, 51, 8, 7),
(750, 23, 8, 10),
(751, 70, 8, 8),
(752, 54, 8, 2),
(753, 26, 8, 4),
(754, 84, 8, 4),
(755, 52, 8, 8),
(756, 3, 8, 9),
(757, 86, 8, 8),
(758, 57, 8, 6),
(759, 71, 8, 13),
(760, 68, 8, 9),
(761, 40, 8, 9),
(762, 15, 8, 9),
(763, 4, 8, 9),
(764, 35, 8, 6),
(765, 77, 8, 6),
(766, 81, 8, 3),
(767, 18, 9, 6),
(768, 69, 9, 4),
(769, 10, 9, 3),
(770, 11, 9, 8),
(771, 21, 9, 4),
(772, 72, 9, 2),
(773, 16, 9, 3),
(774, 28, 9, 3),
(775, 83, 9, 1),
(776, 35, 9, 1),
(777, 68, 9, 4),
(778, 7, 9, 3),
(779, 20, 9, 10),
(780, 79, 9, 4),
(781, 64, 9, 2),
(782, 26, 9, 3),
(783, 48, 9, 1),
(784, 15, 9, 7),
(785, 12, 9, 6),
(786, 29, 9, 7),
(787, 24, 9, 1),
(788, 1, 9, 10),
(789, 61, 9, 1),
(790, 22, 9, 5),
(791, 76, 9, 5),
(792, 73, 9, 7),
(793, 65, 9, 8),
(794, 30, 9, 2),
(795, 17, 9, 3),
(796, 41, 9, 7),
(797, 2, 9, 10),
(798, 80, 9, 1),
(799, 5, 9, 4),
(800, 60, 9, 2),
(801, 6, 9, 9),
(802, 9, 9, 8),
(803, 3, 9, 7),
(804, 39, 9, 1),
(805, 37, 9, 5),
(806, 25, 9, 8),
(807, 56, 9, 1),
(808, 49, 9, 1),
(809, 54, 9, 2),
(810, 82, 9, 1),
(811, 40, 9, 7),
(812, 70, 9, 7),
(813, 13, 9, 4),
(814, 19, 9, 7),
(815, 66, 9, 6),
(816, 62, 9, 6),
(817, 75, 9, 3),
(818, 36, 9, 1),
(819, 85, 9, 6),
(820, 46, 9, 1),
(821, 67, 9, 2),
(822, 14, 9, 8),
(823, 53, 9, 1),
(824, 34, 9, 2),
(825, 77, 9, 1),
(826, 45, 9, 1),
(827, 71, 9, 10),
(828, 32, 9, 9),
(829, 59, 9, 7),
(830, 50, 9, 2),
(831, 55, 9, 1),
(832, 51, 9, 1),
(833, 63, 9, 5),
(834, 42, 9, 9),
(835, 31, 9, 7),
(836, 4, 9, 7),
(837, 84, 9, 1),
(838, 52, 9, 1),
(839, 86, 9, 8),
(840, 57, 9, 1),
(841, 44, 9, 12),
(842, 23, 9, 12),
(843, 78, 9, 12),
(844, 74, 9, 6),
(845, 81, 9, 2),
(846, 33, 9, 2),
(847, 27, 9, 2),
(848, 8, 9, 6),
(849, 50, 10, 1),
(850, 82, 10, 6),
(851, 1, 10, 10),
(852, 8, 10, 4),
(853, 22, 10, 9),
(854, 4, 10, 8),
(855, 55, 10, 8),
(856, 61, 10, 10),
(857, 73, 10, 9),
(858, 76, 10, 5),
(859, 9, 10, 9),
(860, 28, 10, 7),
(861, 2, 10, 8),
(862, 14, 10, 8),
(863, 59, 10, 6),
(864, 13, 10, 5),
(865, 80, 10, 2),
(866, 79, 10, 5),
(867, 17, 10, 5),
(868, 72, 10, 4),
(869, 5, 10, 5),
(870, 30, 10, 2),
(871, 33, 10, 2),
(872, 86, 10, 6),
(873, 37, 10, 5),
(874, 85, 10, 8),
(875, 51, 10, 6),
(876, 54, 10, 2),
(877, 56, 10, 8),
(878, 38, 10, 2),
(879, 69, 10, 10),
(880, 19, 10, 8),
(881, 70, 10, 8),
(882, 44, 10, 11),
(883, 29, 10, 8),
(884, 75, 10, 6),
(885, 41, 10, 9),
(886, 45, 10, 5),
(887, 21, 10, 4),
(888, 60, 10, 9),
(889, 63, 10, 4),
(890, 35, 10, 5),
(891, 53, 10, 4),
(892, 31, 10, 7),
(893, 47, 10, 2),
(894, 24, 10, 2),
(895, 62, 10, 8),
(896, 27, 10, 2),
(897, 67, 10, 5),
(898, 65, 10, 9),
(899, 57, 10, 8),
(900, 77, 10, 5),
(901, 42, 10, 11),
(902, 23, 10, 11),
(903, 18, 10, 10),
(904, 81, 10, 3),
(905, 20, 10, 9),
(906, 7, 10, 5),
(907, 40, 10, 8),
(908, 34, 10, 2),
(909, 26, 10, 5),
(910, 32, 10, 10),
(911, 12, 10, 10),
(912, 39, 10, 8),
(913, 84, 10, 2),
(914, 3, 10, 9),
(915, 25, 10, 10),
(916, 68, 10, 4),
(917, 64, 10, 8),
(918, 46, 10, 4),
(919, 15, 10, 7),
(920, 66, 10, 9),
(921, 52, 10, 9),
(922, 74, 10, 4),
(923, 11, 10, 9),
(924, 16, 10, 4),
(925, 78, 10, 11),
(926, 10, 10, 5),
(927, 48, 10, 2),
(928, 36, 10, 2),
(929, 43, 10, 2),
(930, 6, 10, 10),
(931, 83, 10, 5),
(932, 71, 10, 11),
(933, 49, 10, 10),
(934, 74, 11, 4),
(935, 32, 11, 9),
(936, 13, 11, 4),
(937, 31, 11, 9),
(938, 82, 11, 4),
(939, 21, 11, 4),
(940, 18, 11, 7),
(941, 10, 11, 4),
(942, 5, 11, 4),
(943, 7, 11, 4),
(944, 73, 11, 7),
(945, 59, 11, 9),
(946, 30, 11, 1),
(947, 71, 11, 9),
(948, 25, 11, 9),
(949, 9, 11, 9),
(950, 14, 11, 9),
(951, 11, 11, 9),
(952, 17, 11, 4),
(953, 36, 11, 2),
(954, 65, 11, 11),
(955, 16, 11, 6),
(956, 69, 11, 7),
(957, 15, 11, 7),
(958, 80, 11, 2),
(959, 23, 11, 11),
(960, 60, 11, 7),
(961, 79, 11, 4),
(962, 2, 11, 9),
(963, 61, 11, 9),
(964, 72, 11, 4),
(965, 76, 11, 4),
(966, 3, 11, 9),
(967, 1, 11, 9),
(968, 28, 11, 4),
(969, 19, 11, 8),
(970, 75, 11, 4),
(971, 67, 11, 4),
(972, 27, 11, 2),
(973, 78, 11, 11),
(974, 40, 11, 7),
(975, 77, 11, 4),
(976, 33, 11, 2),
(977, 62, 11, 7),
(978, 22, 11, 7),
(979, 26, 11, 4),
(980, 39, 11, 7),
(981, 12, 11, 8),
(982, 6, 11, 9),
(983, 35, 11, 4),
(984, 41, 11, 7),
(985, 37, 11, 7),
(986, 24, 11, 2),
(987, 66, 11, 7),
(988, 49, 11, 10),
(989, 20, 11, 9),
(990, 64, 11, 7),
(991, 83, 11, 4),
(992, 42, 11, 10),
(993, 47, 11, 1),
(994, 85, 11, 7),
(995, 56, 11, 7),
(996, 53, 11, 4),
(997, 55, 11, 9),
(998, 51, 11, 7),
(999, 45, 11, 4),
(1000, 63, 11, 7),
(1001, 48, 11, 1),
(1002, 54, 11, 1),
(1003, 8, 11, 4),
(1004, 29, 11, 7),
(1005, 50, 11, 1),
(1006, 84, 11, 3),
(1007, 52, 11, 9),
(1008, 86, 11, 8),
(1009, 57, 11, 6),
(1010, 81, 11, 2),
(1011, 4, 11, 9),
(1012, 38, 11, 2),
(1013, 70, 11, 8),
(1014, 68, 11, 8),
(1015, 43, 11, 2),
(1016, 46, 11, 5),
(1017, 44, 11, 11),
(1018, 42, 12, 11),
(1019, 4, 12, 6),
(1020, 60, 12, 6),
(1021, 17, 12, 3),
(1022, 63, 12, 6),
(1023, 67, 12, 2),
(1024, 80, 12, 2),
(1025, 59, 12, 7),
(1026, 55, 12, 7),
(1027, 21, 12, 2),
(1028, 45, 12, 3),
(1029, 83, 12, 2),
(1030, 28, 12, 3),
(1031, 75, 12, 1),
(1032, 18, 12, 8),
(1033, 69, 12, 6),
(1034, 15, 12, 8),
(1035, 10, 12, 3),
(1036, 37, 12, 5),
(1037, 38, 12, 3),
(1038, 20, 12, 7),
(1039, 46, 12, 3),
(1040, 22, 12, 5),
(1041, 44, 12, 8),
(1042, 66, 12, 5),
(1043, 27, 12, 2),
(1044, 64, 12, 5),
(1045, 61, 12, 7),
(1046, 32, 12, 8),
(1047, 9, 12, 7),
(1048, 56, 12, 8),
(1049, 71, 12, 10),
(1050, 62, 12, 8),
(1051, 29, 12, 5),
(1052, 1, 12, 12),
(1053, 31, 12, 10),
(1054, 26, 12, 4),
(1055, 49, 12, 7),
(1056, 68, 12, 5),
(1057, 24, 12, 2),
(1058, 33, 12, 1),
(1059, 76, 12, 3),
(1060, 73, 12, 7),
(1061, 77, 12, 5),
(1062, 65, 12, 13),
(1063, 12, 12, 7),
(1064, 2, 12, 8),
(1065, 79, 12, 3),
(1066, 70, 12, 7),
(1067, 11, 12, 8),
(1068, 40, 12, 8),
(1069, 14, 12, 7),
(1070, 8, 12, 3),
(1071, 41, 12, 6),
(1072, 5, 12, 4),
(1073, 19, 12, 6),
(1074, 35, 12, 4),
(1075, 85, 12, 5),
(1076, 30, 12, 2),
(1077, 25, 12, 8),
(1078, 53, 12, 2),
(1079, 34, 12, 2),
(1080, 82, 12, 3),
(1081, 51, 12, 5),
(1082, 39, 12, 6),
(1083, 6, 12, 7),
(1084, 3, 12, 7),
(1085, 23, 12, 9),
(1086, 48, 12, 1),
(1087, 72, 12, 1),
(1088, 74, 12, 5),
(1089, 84, 12, 1),
(1090, 52, 12, 9),
(1091, 86, 12, 8),
(1092, 57, 12, 1),
(1093, 36, 12, 2),
(1094, 54, 12, 2),
(1095, 7, 12, 6),
(1096, 43, 12, 2),
(1097, 13, 12, 5),
(1098, 16, 12, 6),
(1099, 81, 12, 2),
(1100, 78, 12, 13),
(1101, 2, 14, 10),
(1102, 77, 14, 3),
(1103, 20, 14, 8),
(1104, 13, 14, 4),
(1105, 12, 14, 7),
(1106, 23, 14, 10),
(1107, 7, 14, 4),
(1108, 11, 14, 7),
(1109, 19, 14, 7),
(1110, 22, 14, 8),
(1111, 63, 14, 5),
(1112, 68, 14, 5),
(1113, 59, 14, 7),
(1114, 44, 14, 7),
(1115, 27, 14, 2),
(1116, 17, 14, 4),
(1117, 64, 14, 5),
(1118, 73, 14, 6),
(1119, 74, 14, 3),
(1120, 9, 14, 7),
(1121, 36, 14, 2),
(1122, 1, 14, 9),
(1123, 32, 14, 10),
(1124, 21, 14, 5),
(1125, 67, 14, 4),
(1126, 62, 14, 8),
(1127, 3, 14, 10),
(1128, 82, 14, 3),
(1129, 29, 14, 6),
(1130, 66, 14, 5),
(1131, 37, 14, 5),
(1132, 61, 14, 7),
(1133, 76, 14, 2),
(1134, 10, 14, 4),
(1135, 16, 14, 3),
(1136, 79, 14, 4),
(1137, 25, 14, 9),
(1138, 28, 14, 3),
(1139, 69, 14, 5),
(1140, 42, 14, 10),
(1141, 40, 14, 5),
(1142, 14, 14, 8),
(1143, 75, 14, 3),
(1144, 26, 14, 2),
(1145, 70, 14, 8),
(1146, 31, 14, 7),
(1147, 65, 14, 11),
(1148, 35, 14, 4),
(1149, 60, 14, 5),
(1150, 30, 14, 1),
(1151, 49, 14, 7),
(1152, 39, 14, 5),
(1153, 83, 14, 4),
(1154, 41, 14, 8),
(1155, 34, 14, 2),
(1156, 15, 14, 8),
(1157, 24, 14, 1),
(1158, 46, 14, 4),
(1159, 71, 14, 9),
(1160, 5, 14, 5),
(1161, 56, 14, 5),
(1162, 55, 14, 7),
(1163, 85, 14, 6),
(1164, 53, 14, 3),
(1165, 43, 14, 2),
(1166, 45, 14, 3),
(1167, 50, 14, 1),
(1168, 38, 14, 2),
(1169, 47, 14, 2),
(1170, 48, 14, 2),
(1171, 84, 14, 2),
(1172, 54, 14, 1),
(1173, 51, 14, 5),
(1174, 58, 14, 2),
(1175, 52, 14, 6),
(1176, 57, 14, 5),
(1177, 86, 14, 7),
(1178, 72, 14, 6),
(1179, 78, 14, 13),
(1180, 81, 14, 2),
(1181, 6, 14, 13),
(1182, 4, 14, 9),
(1183, 8, 14, 7),
(1184, 18, 14, 9),
(1185, 33, 14, 3),
(1186, 35, 15, 3),
(1187, 26, 15, 4),
(1188, 48, 15, 2),
(1189, 19, 15, 8),
(1190, 28, 15, 4),
(1191, 68, 15, 7),
(1192, 5, 15, 5),
(1193, 80, 15, 2),
(1194, 20, 15, 9),
(1195, 41, 15, 6),
(1196, 52, 15, 7),
(1197, 37, 15, 8),
(1198, 83, 15, 4),
(1199, 21, 15, 5),
(1200, 82, 15, 3),
(1201, 11, 15, 6),
(1202, 74, 15, 4),
(1203, 55, 15, 7),
(1204, 27, 15, 2),
(1205, 79, 15, 4),
(1206, 56, 15, 7),
(1207, 44, 15, 12),
(1208, 62, 15, 8),
(1209, 43, 15, 2),
(1210, 16, 15, 5),
(1211, 51, 15, 5),
(1212, 54, 15, 2),
(1213, 23, 15, 11),
(1214, 31, 15, 9),
(1215, 61, 15, 6),
(1216, 29, 15, 7),
(1217, 71, 15, 11),
(1218, 15, 15, 8),
(1219, 53, 15, 4),
(1220, 39, 15, 7),
(1221, 85, 15, 6),
(1222, 3, 15, 6),
(1223, 63, 15, 5),
(1224, 72, 15, 4),
(1225, 9, 15, 9),
(1226, 73, 15, 8),
(1227, 81, 15, 2),
(1228, 40, 15, 8),
(1229, 42, 15, 10),
(1230, 2, 15, 9),
(1231, 8, 15, 5),
(1232, 7, 15, 5),
(1233, 66, 15, 5),
(1234, 25, 15, 11),
(1235, 75, 15, 4),
(1236, 76, 15, 6),
(1237, 64, 15, 6),
(1238, 33, 15, 2),
(1239, 49, 15, 10),
(1240, 67, 15, 3),
(1241, 6, 15, 10),
(1242, 24, 15, 1),
(1243, 17, 15, 6),
(1244, 34, 15, 1),
(1245, 4, 15, 8),
(1246, 45, 15, 3),
(1247, 13, 15, 4),
(1248, 18, 15, 8),
(1249, 69, 15, 8),
(1250, 32, 15, 10),
(1251, 77, 15, 4),
(1252, 59, 15, 6),
(1253, 1, 15, 11),
(1254, 84, 15, 2),
(1255, 10, 15, 4),
(1256, 60, 15, 7),
(1257, 47, 15, 2),
(1258, 14, 15, 10),
(1259, 86, 15, 5),
(1260, 57, 15, 5),
(1261, 65, 15, 12),
(1262, 12, 15, 8),
(1263, 70, 15, 9),
(1264, 38, 15, 2),
(1265, 78, 15, 12),
(1266, 22, 15, 8),
(1267, 46, 15, 5),
(1268, 36, 15, 2),
(1269, 63, 16, 2),
(1270, 32, 16, 11),
(1271, 81, 16, 1),
(1272, 34, 16, 2),
(1273, 26, 16, 4),
(1274, 74, 16, 6),
(1275, 49, 16, 10),
(1276, 40, 16, 8),
(1277, 68, 16, 3),
(1278, 7, 16, 4),
(1279, 11, 16, 7),
(1280, 6, 16, 11),
(1281, 12, 16, 7),
(1282, 25, 16, 10),
(1283, 31, 16, 9),
(1284, 35, 16, 2),
(1285, 80, 16, 2),
(1286, 86, 16, 7),
(1287, 48, 16, 1),
(1288, 27, 16, 2),
(1289, 58, 16, 2),
(1290, 18, 16, 8),
(1291, 15, 16, 8),
(1292, 43, 16, 1),
(1293, 82, 16, 5),
(1294, 14, 16, 10),
(1295, 70, 16, 7),
(1296, 59, 16, 9),
(1297, 79, 16, 5),
(1298, 38, 16, 2),
(1299, 60, 16, 4),
(1300, 52, 16, 6),
(1301, 85, 16, 5),
(1302, 64, 16, 5),
(1303, 39, 16, 4),
(1304, 9, 16, 10),
(1305, 69, 16, 7),
(1306, 73, 16, 8),
(1307, 54, 16, 1),
(1308, 57, 16, 5),
(1309, 62, 16, 4),
(1310, 21, 16, 5),
(1311, 30, 16, 1),
(1312, 2, 16, 9),
(1313, 67, 16, 5),
(1314, 3, 16, 10),
(1315, 83, 16, 4),
(1316, 5, 16, 4),
(1317, 16, 16, 5),
(1318, 65, 16, 10),
(1319, 46, 16, 3),
(1320, 71, 16, 10),
(1321, 4, 16, 8),
(1322, 8, 16, 5),
(1323, 10, 16, 3),
(1324, 77, 16, 4),
(1325, 56, 16, 7),
(1326, 75, 16, 4),
(1327, 61, 16, 10),
(1328, 55, 16, 1),
(1329, 53, 16, 1),
(1330, 13, 16, 5),
(1331, 19, 16, 8),
(1332, 45, 16, 1),
(1333, 33, 16, 1),
(1334, 51, 16, 7),
(1335, 41, 16, 8),
(1336, 22, 16, 7),
(1337, 76, 16, 4),
(1338, 84, 16, 1),
(1339, 1, 16, 10),
(1340, 17, 16, 4),
(1341, 72, 16, 5),
(1342, 20, 16, 10),
(1343, 44, 16, 11),
(1344, 47, 16, 1),
(1345, 42, 16, 11),
(1346, 29, 16, 9),
(1347, 66, 16, 8),
(1348, 28, 16, 5),
(1349, 37, 16, 9),
(1350, 78, 16, 12),
(1351, 23, 16, 12),
(1352, 50, 16, 2),
(1353, 6, 17, 10),
(1354, 21, 17, 4),
(1355, 71, 17, 10),
(1356, 60, 17, 4),
(1357, 18, 17, 7),
(1358, 75, 17, 4),
(1359, 69, 17, 7),
(1360, 24, 17, 1),
(1361, 63, 17, 4),
(1362, 17, 17, 3),
(1363, 68, 17, 4),
(1364, 11, 17, 6),
(1365, 9, 17, 9),
(1366, 39, 17, 3),
(1367, 57, 17, 6),
(1368, 64, 17, 7),
(1369, 81, 17, 1),
(1370, 65, 17, 6),
(1371, 30, 17, 2),
(1372, 19, 17, 7),
(1373, 32, 17, 8),
(1374, 55, 17, 1),
(1375, 76, 17, 3),
(1376, 77, 17, 2),
(1377, 23, 17, 10),
(1378, 4, 17, 7),
(1379, 78, 17, 5),
(1380, 5, 17, 4),
(1381, 7, 17, 4),
(1382, 44, 17, 10),
(1383, 67, 17, 2),
(1384, 42, 17, 10),
(1385, 40, 17, 7),
(1386, 61, 17, 6),
(1387, 49, 17, 10),
(1388, 13, 17, 3),
(1389, 14, 17, 6),
(1390, 8, 17, 4),
(1391, 29, 17, 7),
(1392, 79, 17, 4),
(1393, 35, 17, 4),
(1394, 28, 17, 4),
(1395, 3, 17, 9),
(1396, 20, 17, 10),
(1397, 36, 17, 1),
(1398, 2, 17, 8),
(1399, 26, 17, 4),
(1400, 31, 17, 7),
(1401, 74, 17, 4),
(1402, 15, 17, 8),
(1403, 82, 17, 4),
(1404, 83, 17, 3),
(1405, 62, 17, 7),
(1406, 66, 17, 3),
(1407, 41, 17, 7),
(1408, 46, 17, 3),
(1409, 37, 17, 1),
(1410, 10, 17, 3),
(1411, 80, 17, 1),
(1412, 85, 17, 3),
(1413, 25, 17, 10),
(1414, 38, 17, 1),
(1415, 47, 17, 1),
(1416, 53, 17, 1),
(1417, 59, 17, 6),
(1418, 45, 17, 1),
(1419, 56, 17, 2),
(1420, 52, 17, 8),
(1421, 51, 17, 6),
(1422, 84, 17, 1),
(1423, 86, 17, 1),
(1424, 73, 17, 8),
(1425, 50, 17, 1),
(1426, 54, 17, 1),
(1427, 72, 17, 6),
(1428, 43, 17, 2),
(1429, 12, 17, 9),
(1430, 1, 17, 12),
(1431, 70, 17, 9),
(1432, 27, 17, 2),
(1433, 22, 17, 9),
(1434, 16, 17, 6),
(1435, 25, 18, 11),
(1436, 63, 18, 7),
(1437, 24, 18, 2),
(1438, 61, 18, 7),
(1439, 19, 18, 8),
(1440, 12, 18, 7),
(1441, 80, 18, 2),
(1442, 62, 18, 6),
(1443, 29, 18, 7),
(1444, 5, 18, 2),
(1445, 16, 18, 5),
(1446, 68, 18, 6),
(1447, 18, 18, 8),
(1448, 20, 18, 11),
(1449, 28, 18, 2),
(1450, 17, 18, 3),
(1451, 36, 18, 2),
(1452, 1, 18, 7),
(1453, 41, 18, 7),
(1454, 14, 18, 9),
(1455, 75, 18, 2),
(1456, 65, 18, 7),
(1457, 69, 18, 8),
(1458, 43, 18, 2),
(1459, 79, 18, 2),
(1460, 9, 18, 10),
(1461, 71, 18, 11),
(1462, 34, 18, 2),
(1463, 46, 18, 2),
(1464, 67, 18, 2),
(1465, 33, 18, 3),
(1466, 2, 18, 10),
(1467, 10, 18, 4),
(1468, 85, 18, 6),
(1469, 59, 18, 6),
(1470, 7, 18, 4),
(1471, 39, 18, 5),
(1472, 15, 18, 7),
(1473, 78, 18, 10),
(1474, 4, 18, 8),
(1475, 53, 18, 2),
(1476, 26, 18, 2),
(1477, 31, 18, 8),
(1478, 23, 18, 11),
(1479, 6, 18, 10),
(1480, 30, 18, 2),
(1481, 56, 18, 5),
(1482, 35, 18, 2),
(1483, 82, 18, 4),
(1484, 3, 18, 11),
(1485, 32, 18, 10),
(1486, 60, 18, 8),
(1487, 47, 18, 2),
(1488, 11, 18, 8),
(1489, 66, 18, 5),
(1490, 40, 18, 4),
(1491, 73, 18, 7),
(1492, 76, 18, 4),
(1493, 55, 18, 9),
(1494, 64, 18, 7),
(1495, 77, 18, 3),
(1496, 49, 18, 10),
(1497, 74, 18, 5),
(1498, 48, 18, 2),
(1499, 8, 18, 4),
(1500, 83, 18, 4),
(1501, 37, 18, 7),
(1502, 72, 18, 4),
(1503, 21, 18, 4),
(1504, 51, 18, 4),
(1505, 45, 18, 2),
(1506, 54, 18, 1),
(1507, 84, 18, 1),
(1508, 52, 18, 1),
(1509, 57, 18, 1),
(1510, 86, 18, 8),
(1511, 70, 18, 9),
(1512, 38, 18, 3),
(1513, 13, 18, 6),
(1514, 22, 18, 9),
(1515, 27, 18, 3),
(1516, 42, 18, 12),
(1517, 81, 18, 2),
(1518, 44, 18, 12),
(1519, 31, 19, 1),
(1520, 59, 19, 1),
(1521, 60, 19, 1),
(1522, 14, 19, 8),
(1523, 21, 19, 1),
(1524, 75, 19, 1),
(1525, 40, 19, 5),
(1526, 63, 19, 1),
(1527, 6, 19, 4),
(1528, 2, 19, 1),
(1529, 64, 19, 1),
(1530, 74, 19, 1),
(1531, 68, 19, 1),
(1532, 70, 19, 7),
(1533, 65, 19, 1),
(1534, 18, 19, 8),
(1535, 62, 19, 7),
(1536, 11, 19, 1),
(1537, 25, 19, 9),
(1538, 26, 19, 1),
(1539, 8, 19, 4),
(1540, 19, 19, 7),
(1541, 69, 19, 1),
(1542, 22, 19, 3),
(1543, 32, 19, 1),
(1544, 61, 19, 1),
(1545, 72, 19, 1),
(1546, 27, 19, 2),
(1547, 9, 19, 6),
(1548, 17, 19, 1),
(1549, 20, 19, 1),
(1550, 66, 19, 7),
(1551, 78, 19, 9),
(1552, 73, 19, 1),
(1553, 5, 19, 1),
(1554, 4, 19, 7),
(1555, 76, 19, 1),
(1556, 7, 19, 1),
(1557, 3, 19, 1),
(1558, 30, 19, 1),
(1559, 29, 19, 1),
(1560, 39, 19, 1),
(1561, 12, 19, 2),
(1562, 16, 19, 4),
(1563, 13, 19, 2),
(1564, 67, 19, 1),
(1565, 45, 19, 1),
(1566, 44, 19, 9),
(1567, 82, 19, 1),
(1568, 28, 19, 1),
(1569, 83, 19, 1),
(1570, 35, 19, 1),
(1571, 46, 19, 1),
(1572, 37, 19, 1),
(1573, 42, 19, 1),
(1574, 34, 19, 1),
(1575, 79, 19, 1),
(1576, 85, 19, 1),
(1577, 15, 19, 8),
(1578, 36, 19, 1),
(1579, 49, 19, 1),
(1580, 47, 19, 1),
(1581, 56, 19, 1),
(1582, 53, 19, 1),
(1583, 55, 19, 1),
(1584, 51, 19, 1),
(1585, 41, 19, 1),
(1586, 71, 19, 1),
(1587, 48, 19, 1),
(1588, 84, 19, 1),
(1589, 52, 19, 1),
(1590, 81, 19, 1),
(1591, 57, 19, 1),
(1592, 86, 19, 1),
(1593, 58, 19, 1),
(1594, 24, 19, 2),
(1595, 43, 19, 2),
(1596, 38, 19, 2),
(1597, 77, 19, 6),
(1598, 10, 19, 7),
(1599, 23, 19, 12),
(1600, 1, 19, 12),
(1601, 21, 20, 4),
(1602, 52, 20, 1),
(1603, 63, 20, 5),
(1604, 82, 20, 4),
(1605, 47, 20, 1),
(1606, 25, 20, 7),
(1607, 20, 20, 11),
(1608, 10, 20, 3),
(1609, 8, 20, 4),
(1610, 73, 20, 6),
(1611, 64, 20, 6),
(1612, 30, 20, 1),
(1613, 18, 20, 9),
(1614, 44, 20, 10),
(1615, 34, 20, 2),
(1616, 78, 20, 11),
(1617, 60, 20, 6),
(1618, 5, 20, 4),
(1619, 46, 20, 3),
(1620, 40, 20, 7),
(1621, 13, 20, 5),
(1622, 77, 20, 4),
(1623, 53, 20, 3),
(1624, 37, 20, 7),
(1625, 68, 20, 7),
(1626, 4, 20, 7),
(1627, 41, 20, 8),
(1628, 76, 20, 4),
(1629, 17, 20, 6),
(1630, 22, 20, 9),
(1631, 15, 20, 7),
(1632, 61, 20, 7),
(1633, 85, 20, 3),
(1634, 75, 20, 5),
(1635, 29, 20, 7),
(1636, 35, 20, 5),
(1637, 14, 20, 10),
(1638, 74, 20, 4),
(1639, 9, 20, 9),
(1640, 24, 20, 1),
(1641, 54, 20, 1),
(1642, 43, 20, 1),
(1643, 45, 20, 2),
(1644, 16, 20, 4),
(1645, 31, 20, 9),
(1646, 62, 20, 5),
(1647, 80, 20, 2),
(1648, 12, 20, 7),
(1649, 23, 20, 9),
(1650, 28, 20, 5),
(1651, 83, 20, 3),
(1652, 26, 20, 2),
(1653, 51, 20, 6),
(1654, 86, 20, 9),
(1655, 38, 20, 2),
(1656, 49, 20, 9),
(1657, 79, 20, 6),
(1658, 42, 20, 8),
(1659, 7, 20, 3),
(1660, 66, 20, 6),
(1661, 55, 20, 7),
(1662, 6, 20, 10),
(1663, 69, 20, 7),
(1664, 3, 20, 10),
(1665, 57, 20, 6),
(1666, 72, 20, 3),
(1667, 84, 20, 1),
(1668, 48, 20, 2),
(1669, 71, 20, 9),
(1670, 59, 20, 7),
(1671, 1, 20, 9),
(1672, 56, 20, 5),
(1673, 19, 20, 7),
(1674, 81, 20, 2),
(1675, 2, 20, 10),
(1676, 67, 20, 4),
(1677, 39, 20, 7),
(1678, 32, 20, 10),
(1679, 65, 20, 10),
(1680, 70, 20, 7),
(1681, 11, 20, 9),
(1682, 36, 21, 2),
(1683, 14, 21, 11),
(1684, 21, 21, 2),
(1685, 27, 21, 1),
(1686, 8, 21, 3),
(1687, 11, 21, 9),
(1688, 23, 21, 11),
(1689, 65, 21, 8),
(1690, 70, 21, 8),
(1691, 69, 21, 1),
(1692, 41, 21, 7),
(1693, 59, 21, 10),
(1694, 35, 21, 4),
(1695, 17, 21, 4),
(1696, 71, 21, 8),
(1697, 60, 21, 4),
(1698, 42, 21, 11),
(1699, 3, 21, 9),
(1700, 5, 21, 4),
(1701, 80, 21, 2),
(1702, 68, 21, 4),
(1703, 77, 21, 4),
(1704, 1, 21, 11),
(1705, 72, 21, 3),
(1706, 49, 21, 9),
(1707, 64, 21, 5),
(1708, 4, 21, 7),
(1709, 28, 21, 2),
(1710, 67, 21, 4),
(1711, 47, 21, 2),
(1712, 83, 21, 3),
(1713, 18, 21, 8),
(1714, 7, 21, 4),
(1715, 16, 21, 3),
(1716, 76, 21, 2),
(1717, 15, 21, 5),
(1718, 38, 21, 2),
(1719, 37, 21, 7),
(1720, 31, 21, 10),
(1721, 25, 21, 10),
(1722, 26, 21, 4),
(1723, 46, 21, 4),
(1724, 9, 21, 11),
(1725, 33, 21, 1),
(1726, 82, 21, 3),
(1727, 62, 21, 7),
(1728, 61, 21, 8),
(1729, 45, 21, 4),
(1730, 39, 21, 7),
(1731, 19, 21, 7),
(1732, 13, 21, 3),
(1733, 30, 21, 2),
(1734, 20, 21, 10),
(1735, 2, 21, 10),
(1736, 73, 21, 7),
(1737, 85, 21, 7),
(1738, 79, 21, 2),
(1739, 34, 21, 2),
(1740, 66, 21, 7),
(1741, 55, 21, 8),
(1742, 74, 21, 2),
(1743, 29, 21, 8),
(1744, 53, 21, 1),
(1745, 24, 21, 2),
(1746, 10, 21, 4),
(1747, 54, 21, 1),
(1748, 78, 21, 11),
(1749, 56, 21, 6),
(1750, 52, 21, 1),
(1751, 84, 21, 1),
(1752, 51, 21, 1),
(1753, 57, 21, 4),
(1754, 86, 21, 1),
(1755, 48, 21, 1),
(1756, 44, 21, 11),
(1757, 22, 21, 9),
(1758, 63, 21, 8),
(1759, 32, 21, 11),
(1760, 75, 21, 6),
(1761, 6, 21, 11),
(1762, 40, 21, 8),
(1763, 12, 21, 8),
(1764, 3, 22, 6),
(1765, 59, 22, 6),
(1766, 29, 22, 3),
(1767, 80, 22, 2),
(1768, 72, 22, 1),
(1769, 11, 22, 9),
(1770, 21, 22, 4),
(1771, 20, 22, 6),
(1772, 40, 22, 6),
(1773, 63, 22, 2),
(1774, 68, 22, 2),
(1775, 23, 22, 6),
(1776, 73, 22, 5),
(1777, 64, 22, 3),
(1778, 4, 22, 3),
(1779, 46, 22, 3),
(1780, 16, 22, 4),
(1781, 77, 22, 2),
(1782, 17, 22, 2),
(1783, 8, 22, 2),
(1784, 14, 22, 6),
(1785, 65, 22, 7),
(1786, 41, 22, 5),
(1787, 36, 22, 2),
(1788, 62, 22, 2),
(1789, 10, 22, 2),
(1790, 30, 22, 2),
(1791, 42, 22, 9),
(1792, 1, 22, 6),
(1793, 5, 22, 2),
(1794, 18, 22, 4),
(1795, 33, 22, 1),
(1796, 7, 22, 3),
(1797, 69, 22, 5),
(1798, 38, 22, 2),
(1799, 61, 22, 6),
(1800, 66, 22, 1),
(1801, 37, 22, 5),
(1802, 81, 22, 1),
(1803, 82, 22, 1),
(1804, 79, 22, 3),
(1805, 12, 22, 4),
(1806, 60, 22, 5),
(1807, 28, 22, 2),
(1808, 49, 22, 6),
(1809, 26, 22, 1),
(1810, 85, 22, 1),
(1811, 71, 22, 6),
(1812, 78, 22, 7),
(1813, 31, 22, 8),
(1814, 39, 22, 6),
(1815, 2, 22, 7),
(1816, 55, 22, 6),
(1817, 25, 22, 6),
(1818, 83, 22, 2),
(1819, 67, 22, 2),
(1820, 56, 22, 1),
(1821, 15, 22, 2),
(1822, 74, 22, 1),
(1823, 76, 22, 1),
(1824, 45, 22, 2),
(1825, 35, 22, 2),
(1826, 53, 22, 2),
(1827, 44, 22, 6),
(1828, 84, 22, 1),
(1829, 27, 22, 2),
(1830, 52, 22, 5),
(1831, 51, 22, 1),
(1832, 50, 22, 2),
(1833, 86, 22, 5),
(1834, 57, 22, 1),
(1835, 47, 22, 1),
(1836, 9, 22, 11),
(1837, 75, 22, 6),
(1838, 22, 22, 9),
(1839, 13, 22, 6),
(1840, 70, 22, 8),
(1841, 32, 22, 11),
(1842, 6, 22, 11),
(1843, 19, 22, 9),
(1844, 3, 26, 9),
(1845, 67, 26, 4),
(1846, 45, 26, 4),
(1847, 21, 26, 5),
(1848, 81, 26, 2),
(1849, 60, 26, 5),
(1850, 11, 26, 8),
(1851, 30, 26, 1),
(1852, 8, 26, 2),
(1853, 49, 26, 10),
(1854, 56, 26, 7),
(1855, 78, 26, 10),
(1856, 19, 26, 8),
(1857, 70, 26, 7),
(1858, 83, 26, 4),
(1859, 1, 26, 10),
(1860, 31, 26, 9),
(1861, 59, 26, 10),
(1862, 13, 26, 4),
(1863, 10, 26, 4),
(1864, 26, 26, 2),
(1865, 27, 26, 1),
(1866, 68, 26, 6),
(1867, 53, 26, 2),
(1868, 62, 26, 7),
(1869, 66, 26, 7),
(1870, 42, 26, 9),
(1871, 29, 26, 7),
(1872, 34, 26, 2),
(1873, 35, 26, 3),
(1874, 76, 26, 4),
(1875, 37, 26, 7),
(1876, 23, 26, 10),
(1877, 18, 26, 7),
(1878, 43, 26, 2),
(1879, 6, 26, 10),
(1880, 85, 26, 7),
(1881, 7, 26, 5),
(1882, 82, 26, 4),
(1883, 44, 26, 10),
(1884, 63, 26, 7),
(1885, 28, 26, 4),
(1886, 48, 26, 1),
(1887, 65, 26, 10),
(1888, 58, 26, 1),
(1889, 4, 26, 7),
(1890, 73, 26, 7),
(1891, 54, 26, 1),
(1892, 20, 26, 10),
(1893, 32, 26, 11),
(1894, 79, 26, 3),
(1895, 9, 26, 9),
(1896, 47, 26, 2),
(1897, 12, 26, 9),
(1898, 5, 26, 2),
(1899, 61, 26, 7),
(1900, 50, 26, 2),
(1901, 77, 26, 3),
(1902, 33, 26, 2),
(1903, 75, 26, 4),
(1904, 51, 26, 6),
(1905, 69, 26, 6),
(1906, 64, 26, 5),
(1907, 72, 26, 3),
(1908, 25, 26, 8),
(1909, 39, 26, 7),
(1910, 55, 26, 7),
(1911, 74, 26, 4),
(1912, 46, 26, 4),
(1913, 84, 26, 2),
(1914, 80, 26, 1),
(1915, 41, 26, 8),
(1916, 38, 26, 1),
(1917, 52, 26, 7),
(1918, 40, 26, 8),
(1919, 57, 26, 3),
(1920, 86, 26, 5),
(1921, 17, 26, 6),
(1922, 16, 26, 6),
(1923, 22, 26, 9),
(1924, 15, 26, 9),
(1925, 36, 26, 1),
(1926, 2, 26, 11),
(1927, 71, 26, 11),
(1928, 14, 26, 12),
(1929, 17, 28, 4),
(1930, 11, 28, 8),
(1931, 29, 28, 6),
(1932, 50, 28, 1),
(1933, 37, 28, 7),
(1934, 63, 28, 4),
(1935, 70, 28, 7),
(1936, 60, 28, 5),
(1937, 24, 28, 1),
(1938, 8, 28, 5),
(1939, 61, 28, 6),
(1940, 40, 28, 7),
(1941, 15, 28, 7),
(1942, 59, 28, 6),
(1943, 14, 28, 7),
(1944, 71, 28, 10),
(1945, 64, 28, 5),
(1946, 22, 28, 7),
(1947, 26, 28, 5),
(1948, 3, 28, 8),
(1949, 44, 28, 9),
(1950, 27, 28, 2),
(1951, 45, 28, 4),
(1952, 66, 28, 5),
(1953, 4, 28, 8),
(1954, 20, 28, 9),
(1955, 25, 28, 9),
(1956, 67, 28, 3),
(1957, 76, 28, 3),
(1958, 81, 28, 2),
(1959, 82, 28, 5),
(1960, 10, 28, 5),
(1961, 72, 28, 4),
(1962, 68, 28, 7),
(1963, 32, 28, 10),
(1964, 7, 28, 5),
(1965, 74, 28, 5),
(1966, 77, 28, 4),
(1967, 21, 28, 5),
(1968, 47, 28, 2),
(1969, 5, 28, 5),
(1970, 23, 28, 11),
(1971, 9, 28, 8),
(1972, 80, 28, 2),
(1973, 48, 28, 2),
(1974, 1, 28, 10),
(1975, 31, 28, 7),
(1976, 73, 28, 8),
(1977, 46, 28, 5),
(1978, 38, 28, 2),
(1979, 13, 28, 5),
(1980, 53, 28, 4),
(1981, 55, 28, 6),
(1982, 43, 28, 2),
(1983, 6, 28, 10),
(1984, 33, 28, 2),
(1985, 12, 28, 7),
(1986, 2, 28, 7),
(1987, 56, 28, 7),
(1988, 35, 28, 5),
(1989, 62, 28, 7),
(1990, 16, 28, 4),
(1991, 85, 28, 5),
(1992, 79, 28, 5),
(1993, 75, 28, 4),
(1994, 39, 28, 8),
(1995, 65, 28, 10),
(1996, 69, 28, 7),
(1997, 51, 28, 7),
(1998, 84, 28, 2),
(1999, 36, 28, 1),
(2000, 83, 28, 4),
(2001, 30, 28, 2),
(2002, 52, 28, 8),
(2003, 57, 28, 5),
(2004, 86, 28, 8),
(2005, 58, 28, 1),
(2006, 19, 28, 8),
(2007, 54, 28, 2),
(2008, 78, 28, 11),
(2009, 49, 28, 11),
(2010, 28, 28, 5),
(2011, 41, 28, 8),
(2012, 18, 28, 9),
(2013, 42, 28, 11),
(2014, 67, 29, 4),
(2015, 3, 29, 10),
(2016, 74, 29, 5),
(2017, 10, 29, 5),
(2018, 78, 29, 9),
(2019, 65, 29, 10),
(2020, 11, 29, 5),
(2021, 20, 29, 10),
(2022, 68, 29, 3),
(2023, 16, 29, 5),
(2024, 30, 29, 2),
(2025, 46, 29, 5),
(2026, 40, 29, 7),
(2027, 73, 29, 7),
(2028, 23, 29, 10),
(2029, 36, 29, 2),
(2030, 76, 29, 3),
(2031, 79, 29, 2),
(2032, 69, 29, 7),
(2033, 24, 29, 1),
(2034, 14, 29, 10),
(2035, 2, 29, 9),
(2036, 4, 29, 8),
(2037, 32, 29, 10),
(2038, 59, 29, 5),
(2039, 12, 29, 8),
(2040, 8, 29, 5),
(2041, 9, 29, 8),
(2042, 15, 29, 8),
(2043, 48, 29, 2),
(2044, 75, 29, 1),
(2045, 54, 29, 2),
(2046, 71, 29, 10),
(2047, 61, 29, 8),
(2048, 28, 29, 5),
(2049, 77, 29, 2),
(2050, 66, 29, 6),
(2051, 25, 29, 1),
(2052, 47, 29, 2),
(2053, 29, 29, 1),
(2054, 39, 29, 2),
(2055, 42, 29, 11),
(2056, 60, 29, 8),
(2057, 63, 29, 4),
(2058, 37, 29, 7),
(2059, 19, 29, 7),
(2060, 35, 29, 5),
(2061, 31, 29, 7),
(2062, 6, 29, 10),
(2063, 26, 29, 3),
(2064, 1, 29, 5),
(2065, 41, 29, 8),
(2066, 21, 29, 5),
(2067, 50, 29, 1),
(2068, 64, 29, 8),
(2069, 17, 29, 4),
(2070, 44, 29, 11),
(2071, 72, 29, 4),
(2072, 13, 29, 5),
(2073, 34, 29, 2),
(2074, 56, 29, 1),
(2075, 45, 29, 3),
(2076, 55, 29, 1),
(2077, 62, 29, 8),
(2078, 85, 29, 1),
(2079, 53, 29, 1),
(2080, 83, 29, 5),
(2081, 82, 29, 4),
(2082, 33, 29, 2),
(2083, 80, 29, 2),
(2084, 84, 29, 3),
(2085, 7, 29, 5),
(2086, 52, 29, 6),
(2087, 51, 29, 1),
(2088, 57, 29, 2),
(2089, 86, 29, 1),
(2090, 22, 29, 9),
(2091, 81, 29, 2),
(2092, 18, 29, 9),
(2093, 5, 29, 5),
(2094, 43, 29, 3),
(2095, 27, 29, 2),
(2096, 49, 29, 12),
(2097, 70, 29, 8),
(2098, 38, 31, 1),
(2099, 21, 31, 5),
(2100, 81, 31, 2),
(2101, 64, 31, 5),
(2102, 56, 31, 4),
(2103, 72, 31, 3),
(2104, 78, 31, 7),
(2105, 12, 31, 6),
(2106, 82, 31, 2),
(2107, 68, 31, 4),
(2108, 75, 31, 2),
(2109, 3, 31, 9),
(2110, 65, 31, 6),
(2111, 26, 31, 3),
(2112, 5, 31, 4),
(2113, 62, 31, 5),
(2114, 31, 31, 10),
(2115, 61, 31, 10),
(2116, 67, 31, 2),
(2117, 60, 31, 4),
(2118, 47, 31, 1),
(2119, 85, 31, 5),
(2120, 8, 31, 3),
(2121, 11, 31, 8),
(2122, 9, 31, 9),
(2123, 2, 31, 7),
(2124, 20, 31, 6),
(2125, 52, 31, 8),
(2126, 34, 31, 2),
(2127, 76, 31, 3),
(2128, 44, 31, 8),
(2129, 16, 31, 4),
(2130, 55, 31, 10),
(2131, 40, 31, 5),
(2132, 73, 31, 6),
(2133, 14, 31, 9),
(2134, 35, 31, 5),
(2135, 79, 31, 3),
(2136, 22, 31, 6),
(2137, 17, 31, 3),
(2138, 59, 31, 6),
(2139, 32, 31, 7),
(2140, 28, 31, 2),
(2141, 63, 31, 5),
(2142, 25, 31, 8),
(2143, 57, 31, 5),
(2144, 83, 31, 4),
(2145, 77, 31, 2),
(2146, 27, 31, 1),
(2147, 54, 31, 2),
(2148, 70, 31, 6),
(2149, 30, 31, 2),
(2150, 1, 31, 9),
(2151, 46, 31, 2),
(2152, 15, 31, 5),
(2153, 49, 31, 10),
(2154, 7, 31, 5),
(2155, 53, 31, 4),
(2156, 4, 31, 5),
(2157, 10, 31, 5),
(2158, 74, 31, 3),
(2159, 45, 31, 2),
(2160, 41, 31, 6),
(2161, 23, 31, 10),
(2162, 39, 31, 5),
(2163, 42, 31, 9),
(2164, 80, 31, 2),
(2165, 69, 31, 4),
(2166, 29, 31, 5),
(2167, 84, 31, 2),
(2168, 51, 31, 6),
(2169, 86, 31, 7),
(2170, 66, 31, 6),
(2171, 13, 31, 5),
(2172, 19, 31, 8),
(2173, 18, 31, 8),
(2174, 6, 31, 11),
(2175, 37, 31, 7),
(2176, 71, 31, 11),
(2177, 36, 31, 2),
(2178, 43, 31, 2),
(2179, 69, 32, 7),
(2180, 4, 32, 8),
(2181, 72, 32, 4),
(2182, 45, 32, 3),
(2183, 68, 32, 6),
(2184, 12, 32, 8),
(2185, 63, 32, 1),
(2186, 49, 32, 11),
(2187, 22, 32, 7),
(2188, 76, 32, 1),
(2189, 3, 32, 8),
(2190, 37, 32, 7),
(2191, 66, 32, 8),
(2192, 46, 32, 5),
(2193, 64, 32, 3),
(2194, 8, 32, 3),
(2195, 16, 32, 5),
(2196, 75, 32, 5),
(2197, 32, 32, 9),
(2198, 48, 32, 2),
(2199, 27, 32, 1),
(2200, 18, 32, 7),
(2201, 23, 32, 11),
(2202, 14, 32, 10),
(2203, 41, 32, 6),
(2204, 21, 32, 3),
(2205, 71, 32, 10),
(2206, 7, 32, 5),
(2207, 38, 32, 2),
(2208, 86, 32, 4),
(2209, 73, 32, 5),
(2210, 36, 32, 2),
(2211, 9, 32, 7),
(2212, 56, 32, 5),
(2213, 15, 32, 7),
(2214, 43, 32, 1),
(2215, 78, 32, 11),
(2216, 1, 32, 10),
(2217, 42, 32, 11),
(2218, 10, 32, 7),
(2219, 84, 32, 1),
(2220, 82, 32, 4),
(2221, 20, 32, 10),
(2222, 47, 32, 2),
(2223, 53, 32, 4),
(2224, 77, 32, 5),
(2225, 74, 32, 4),
(2226, 62, 32, 5),
(2227, 50, 32, 1),
(2228, 60, 32, 7),
(2229, 19, 32, 9),
(2230, 26, 32, 3),
(2231, 35, 32, 1),
(2232, 25, 32, 9),
(2233, 80, 32, 1),
(2234, 13, 32, 4),
(2235, 61, 32, 10),
(2236, 79, 32, 4),
(2237, 44, 32, 10),
(2238, 28, 32, 5),
(2239, 55, 32, 1),
(2240, 29, 32, 7),
(2241, 17, 32, 5),
(2242, 85, 32, 1),
(2243, 51, 32, 2),
(2244, 33, 32, 1),
(2245, 59, 32, 9),
(2246, 24, 32, 2),
(2247, 34, 32, 1),
(2248, 6, 32, 9),
(2249, 83, 32, 5),
(2250, 52, 32, 8),
(2251, 40, 32, 8),
(2252, 5, 32, 4),
(2253, 57, 32, 1),
(2254, 31, 32, 10),
(2255, 2, 32, 10),
(2256, 65, 32, 10),
(2257, 67, 32, 4),
(2258, 70, 32, 7),
(2259, 39, 32, 8),
(2260, 11, 32, 9),
(2261, 81, 32, 2),
(2262, 83, 33, 5),
(2263, 5, 33, 4),
(2264, 15, 33, 6),
(2265, 50, 33, 1),
(2266, 22, 33, 7),
(2267, 29, 33, 7),
(2268, 65, 33, 10),
(2269, 7, 33, 3),
(2270, 69, 33, 7),
(2271, 64, 33, 2),
(2272, 18, 33, 9),
(2273, 71, 33, 9),
(2274, 81, 33, 1),
(2275, 25, 33, 9),
(2276, 68, 33, 7),
(2277, 80, 33, 1),
(2278, 19, 33, 7),
(2279, 26, 33, 3),
(2280, 30, 33, 2),
(2281, 61, 33, 6),
(2282, 11, 33, 9),
(2283, 77, 33, 2),
(2284, 38, 33, 2),
(2285, 13, 33, 4),
(2286, 35, 33, 4),
(2287, 16, 33, 4),
(2288, 49, 33, 7),
(2289, 75, 33, 4),
(2290, 60, 33, 7),
(2291, 9, 33, 9),
(2292, 21, 33, 4),
(2293, 67, 33, 3),
(2294, 28, 33, 3),
(2295, 3, 33, 9),
(2296, 63, 33, 3),
(2297, 59, 33, 6),
(2298, 32, 33, 8),
(2299, 79, 33, 2),
(2300, 37, 33, 7),
(2301, 12, 33, 8),
(2302, 46, 33, 4),
(2303, 14, 33, 9),
(2304, 51, 33, 4),
(2305, 41, 33, 5),
(2306, 62, 33, 7),
(2307, 31, 33, 7),
(2308, 39, 33, 4),
(2309, 8, 33, 6),
(2310, 4, 33, 7),
(2311, 56, 33, 5),
(2312, 17, 33, 4),
(2313, 70, 33, 7),
(2314, 82, 33, 3),
(2315, 85, 33, 4),
(2316, 72, 33, 5),
(2317, 44, 33, 10),
(2318, 45, 33, 2),
(2319, 57, 33, 4),
(2320, 10, 33, 6),
(2321, 76, 33, 4),
(2322, 54, 33, 2),
(2323, 43, 33, 2),
(2324, 53, 33, 1),
(2325, 74, 33, 4),
(2326, 40, 33, 7),
(2327, 66, 33, 7),
(2328, 55, 33, 7),
(2329, 73, 33, 6),
(2330, 84, 33, 1),
(2331, 52, 33, 7),
(2332, 78, 33, 9),
(2333, 86, 33, 6),
(2334, 58, 33, 1),
(2335, 36, 33, 1),
(2336, 33, 33, 1),
(2337, 34, 33, 3),
(2338, 1, 33, 10),
(2339, 23, 33, 10),
(2340, 42, 33, 9),
(2341, 2, 33, 10),
(2342, 20, 33, 8),
(2343, 6, 33, 11),
(2344, 48, 33, 1),
(2345, 9, 34, 9),
(2346, 21, 34, 3),
(2347, 68, 34, 5),
(2348, 29, 34, 4),
(2349, 59, 34, 9),
(2350, 63, 34, 6),
(2351, 73, 34, 5),
(2352, 6, 34, 9),
(2353, 62, 34, 3),
(2354, 46, 34, 3),
(2355, 18, 34, 5),
(2356, 14, 34, 9),
(2357, 28, 34, 3),
(2358, 16, 34, 3),
(2359, 4, 34, 6),
(2360, 19, 34, 7),
(2361, 65, 34, 6),
(2362, 11, 34, 6),
(2363, 45, 34, 2),
(2364, 57, 34, 4),
(2365, 77, 34, 2),
(2366, 23, 34, 7),
(2367, 81, 34, 1),
(2368, 60, 34, 6),
(2369, 85, 34, 3),
(2370, 70, 34, 5),
(2371, 82, 34, 3),
(2372, 8, 34, 2),
(2373, 69, 34, 2),
(2374, 24, 34, 2),
(2375, 67, 34, 4),
(2376, 61, 34, 8),
(2377, 25, 34, 8),
(2378, 32, 34, 8),
(2379, 10, 34, 1),
(2380, 55, 34, 5),
(2381, 66, 34, 4),
(2382, 26, 34, 1),
(2383, 2, 34, 9),
(2384, 80, 34, 1),
(2385, 49, 34, 7),
(2386, 76, 34, 3),
(2387, 34, 34, 1),
(2388, 78, 34, 8),
(2389, 79, 34, 1),
(2390, 39, 34, 1),
(2391, 31, 34, 3),
(2392, 1, 34, 9),
(2393, 35, 34, 2),
(2394, 3, 34, 6),
(2395, 42, 34, 8),
(2396, 56, 34, 5),
(2397, 54, 34, 1),
(2398, 41, 34, 1),
(2399, 40, 34, 5),
(2400, 83, 34, 1),
(2401, 38, 34, 1),
(2402, 17, 34, 3),
(2403, 44, 34, 8),
(2404, 37, 34, 5),
(2405, 22, 34, 5),
(2406, 48, 34, 1),
(2407, 52, 34, 1),
(2408, 64, 34, 6),
(2409, 86, 34, 1),
(2410, 5, 34, 3),
(2411, 84, 34, 1),
(2412, 20, 34, 8),
(2413, 53, 34, 1),
(2414, 75, 34, 4),
(2415, 13, 34, 4),
(2416, 15, 34, 8),
(2417, 72, 34, 4),
(2418, 43, 34, 2),
(2419, 74, 34, 4),
(2420, 12, 34, 8),
(2421, 71, 34, 10),
(2422, 7, 34, 5),
(2423, 66, 35, 7),
(2424, 54, 35, 1),
(2425, 6, 35, 9),
(2426, 68, 35, 6),
(2427, 42, 35, 10),
(2428, 49, 35, 8),
(2429, 27, 35, 1),
(2430, 3, 35, 8),
(2431, 63, 35, 5),
(2432, 83, 35, 3),
(2433, 41, 35, 6),
(2434, 60, 35, 6),
(2435, 22, 35, 7),
(2436, 32, 35, 9),
(2437, 11, 35, 9),
(2438, 74, 35, 3),
(2439, 20, 35, 8),
(2440, 37, 35, 6),
(2441, 21, 35, 3),
(2442, 69, 35, 6),
(2443, 19, 35, 7),
(2444, 1, 35, 9),
(2445, 26, 35, 4),
(2446, 13, 35, 4),
(2447, 2, 35, 7),
(2448, 61, 35, 7),
(2449, 25, 35, 10),
(2450, 85, 35, 7),
(2451, 81, 35, 2),
(2452, 9, 35, 7),
(2453, 80, 35, 1),
(2454, 18, 35, 6),
(2455, 36, 35, 1),
(2456, 46, 35, 4),
(2457, 28, 35, 4),
(2458, 62, 35, 7),
(2459, 79, 35, 3),
(2460, 64, 35, 6),
(2461, 29, 35, 6),
(2462, 75, 35, 3),
(2463, 59, 35, 7),
(2464, 48, 35, 1),
(2465, 39, 35, 6),
(2466, 73, 35, 6),
(2467, 82, 35, 4),
(2468, 65, 35, 9),
(2469, 4, 35, 7),
(2470, 40, 35, 7),
(2471, 7, 35, 3),
(2472, 43, 35, 2),
(2473, 31, 35, 7),
(2474, 72, 35, 3),
(2475, 45, 35, 4),
(2476, 67, 35, 4),
(2477, 14, 35, 10),
(2478, 77, 35, 4),
(2479, 15, 35, 7),
(2480, 44, 35, 9),
(2481, 35, 35, 3),
(2482, 12, 35, 7),
(2483, 57, 35, 5),
(2484, 10, 35, 5),
(2485, 24, 35, 1),
(2486, 56, 35, 6),
(2487, 55, 35, 7),
(2488, 34, 35, 2),
(2489, 53, 35, 2),
(2490, 84, 35, 2),
(2491, 52, 35, 8),
(2492, 16, 35, 4),
(2493, 86, 35, 7),
(2494, 51, 35, 1),
(2495, 17, 35, 5),
(2496, 70, 35, 7),
(2497, 47, 35, 2),
(2498, 76, 35, 6),
(2499, 78, 35, 11),
(2500, 5, 35, 5),
(2501, 71, 35, 10),
(2502, 23, 35, 11),
(2503, 8, 35, 5),
(2504, 68, 36, 5),
(2505, 19, 36, 5),
(2506, 36, 36, 1),
(2507, 73, 36, 9),
(2508, 61, 36, 7),
(2509, 82, 36, 2),
(2510, 13, 36, 5),
(2511, 4, 36, 6),
(2512, 63, 36, 4),
(2513, 84, 36, 2),
(2514, 39, 36, 5),
(2515, 59, 36, 7),
(2516, 60, 36, 6),
(2517, 41, 36, 5),
(2518, 69, 36, 5),
(2519, 65, 36, 7),
(2520, 74, 36, 2),
(2521, 47, 36, 2),
(2522, 1, 36, 7),
(2523, 77, 36, 4),
(2524, 7, 36, 6),
(2525, 26, 36, 2),
(2526, 32, 36, 7),
(2527, 79, 36, 4),
(2528, 66, 36, 4),
(2529, 18, 36, 9),
(2530, 62, 36, 4),
(2531, 21, 36, 5),
(2532, 37, 36, 5),
(2533, 44, 36, 6),
(2534, 15, 36, 5),
(2535, 23, 36, 11),
(2536, 76, 36, 2),
(2537, 29, 36, 4),
(2538, 75, 36, 3),
(2539, 40, 36, 6),
(2540, 12, 36, 5),
(2541, 2, 36, 7),
(2542, 43, 36, 1),
(2543, 6, 36, 8),
(2544, 14, 36, 7),
(2545, 70, 36, 7),
(2546, 22, 36, 6),
(2547, 55, 36, 7),
(2548, 46, 36, 5),
(2549, 71, 36, 8),
(2550, 30, 36, 2),
(2551, 28, 36, 2),
(2552, 25, 36, 6),
(2553, 34, 36, 1),
(2554, 17, 36, 4),
(2555, 10, 36, 2),
(2556, 35, 36, 3),
(2557, 38, 36, 2),
(2558, 83, 36, 2),
(2559, 80, 36, 1),
(2560, 16, 36, 5),
(2561, 56, 36, 4),
(2562, 42, 36, 7),
(2563, 48, 36, 1),
(2564, 9, 36, 6),
(2565, 45, 36, 2),
(2566, 64, 36, 5),
(2567, 67, 36, 2),
(2568, 27, 36, 2),
(2569, 20, 36, 7),
(2570, 53, 36, 2),
(2571, 49, 36, 7),
(2572, 78, 36, 9),
(2573, 8, 36, 5),
(2574, 31, 36, 7),
(2575, 81, 36, 1),
(2576, 51, 36, 5),
(2577, 57, 36, 7),
(2578, 3, 36, 7),
(2579, 24, 36, 1),
(2580, 11, 36, 7),
(2581, 54, 36, 1),
(2582, 58, 36, 1),
(2583, 86, 36, 7),
(2584, 50, 36, 1),
(2585, 52, 36, 6),
(2586, 72, 36, 6),
(2587, 5, 36, 2),
(2588, 85, 36, 5),
(2589, 35, 37, 3),
(2590, 76, 37, 3),
(2591, 85, 37, 1),
(2592, 48, 37, 1),
(2593, 19, 37, 7),
(2594, 3, 37, 5),
(2595, 10, 37, 4),
(2596, 56, 37, 2),
(2597, 68, 37, 5),
(2598, 59, 37, 7),
(2599, 5, 37, 4),
(2600, 4, 37, 7),
(2601, 34, 37, 2),
(2602, 54, 37, 1),
(2603, 84, 37, 3),
(2604, 25, 37, 9),
(2605, 26, 37, 2),
(2606, 28, 37, 4),
(2607, 86, 37, 4),
(2608, 1, 37, 9),
(2609, 40, 37, 6),
(2610, 70, 37, 7),
(2611, 57, 37, 6),
(2612, 16, 37, 4),
(2613, 44, 37, 10),
(2614, 22, 37, 6),
(2615, 37, 37, 8),
(2616, 41, 37, 6),
(2617, 43, 37, 1),
(2618, 20, 37, 8),
(2619, 60, 37, 5),
(2620, 69, 37, 6),
(2621, 83, 37, 4),
(2622, 47, 37, 1),
(2623, 71, 37, 10),
(2624, 24, 37, 2),
(2625, 6, 37, 9),
(2626, 27, 37, 2),
(2627, 63, 37, 3),
(2628, 67, 37, 4),
(2629, 49, 37, 9),
(2630, 79, 37, 5),
(2631, 81, 37, 1),
(2632, 82, 37, 4),
(2633, 42, 37, 10),
(2634, 78, 37, 10),
(2635, 9, 37, 9),
(2636, 61, 37, 5),
(2637, 39, 37, 5),
(2638, 21, 37, 4),
(2639, 80, 37, 2),
(2640, 77, 37, 4),
(2641, 11, 37, 5),
(2642, 65, 37, 9),
(2643, 33, 37, 1),
(2644, 15, 37, 6),
(2645, 64, 37, 4),
(2646, 75, 37, 4),
(2647, 55, 37, 7),
(2648, 73, 37, 6),
(2649, 45, 37, 1),
(2650, 2, 37, 7),
(2651, 52, 37, 8),
(2652, 29, 37, 6),
(2653, 17, 37, 4),
(2654, 32, 37, 9),
(2655, 12, 37, 7),
(2656, 23, 37, 11),
(2657, 51, 37, 1),
(2658, 74, 37, 4),
(2659, 14, 37, 8),
(2660, 62, 37, 8),
(2661, 31, 37, 5),
(2662, 66, 37, 8),
(2663, 30, 37, 1),
(2664, 18, 37, 8),
(2665, 8, 37, 5),
(2666, 7, 37, 5),
(2667, 13, 37, 4),
(2668, 72, 37, 4),
(2669, 38, 37, 2),
(2670, 53, 37, 3),
(2671, 46, 37, 5),
(2672, 37, 38, 4),
(2673, 83, 38, 5),
(2674, 61, 38, 8),
(2675, 56, 38, 5),
(2676, 40, 38, 5),
(2677, 67, 38, 4),
(2678, 59, 38, 8),
(2679, 1, 38, 9),
(2680, 47, 38, 2),
(2681, 85, 38, 4),
(2682, 66, 38, 7),
(2683, 13, 38, 5),
(2684, 78, 38, 8),
(2685, 9, 38, 11),
(2686, 80, 38, 2),
(2687, 17, 38, 4),
(2688, 6, 38, 11),
(2689, 63, 38, 4),
(2690, 79, 38, 4),
(2691, 73, 38, 9),
(2692, 8, 38, 5),
(2693, 75, 38, 5),
(2694, 10, 38, 5),
(2695, 74, 38, 4),
(2696, 19, 38, 5),
(2697, 26, 38, 1),
(2698, 64, 38, 5),
(2699, 27, 38, 2),
(2700, 65, 38, 7),
(2701, 28, 38, 3),
(2702, 36, 38, 2),
(2703, 4, 38, 7),
(2704, 14, 38, 8),
(2705, 11, 38, 7),
(2706, 70, 38, 8),
(2707, 7, 38, 5),
(2708, 60, 38, 6),
(2709, 3, 38, 7),
(2710, 33, 38, 2),
(2711, 20, 38, 9),
(2712, 29, 38, 7),
(2713, 25, 38, 9),
(2714, 39, 38, 4),
(2715, 69, 38, 7),
(2716, 54, 38, 1),
(2717, 81, 38, 1),
(2718, 82, 38, 3),
(2719, 2, 38, 9),
(2720, 49, 38, 10),
(2721, 15, 38, 6),
(2722, 46, 38, 4),
(2723, 77, 38, 3),
(2724, 41, 38, 4),
(2725, 21, 38, 5),
(2726, 31, 38, 7),
(2727, 32, 38, 9),
(2728, 35, 38, 6),
(2729, 71, 38, 10),
(2730, 55, 38, 6),
(2731, 76, 38, 5),
(2732, 38, 38, 2),
(2733, 5, 38, 5),
(2734, 68, 38, 6),
(2735, 53, 38, 2),
(2736, 45, 38, 2),
(2737, 43, 38, 2),
(2738, 42, 38, 8),
(2739, 51, 38, 5),
(2740, 84, 38, 1),
(2741, 24, 38, 2),
(2742, 52, 38, 6),
(2743, 86, 38, 6),
(2744, 57, 38, 4),
(2745, 23, 38, 10),
(2746, 62, 38, 9),
(2747, 16, 38, 5),
(2748, 72, 38, 5),
(2749, 12, 38, 9),
(2750, 22, 38, 8),
(2751, 44, 38, 11),
(2752, 18, 38, 9),
(2753, 62, 39, 4),
(2754, 78, 39, 8),
(2755, 44, 39, 8),
(2756, 59, 39, 6),
(2757, 68, 39, 6),
(2758, 63, 39, 4),
(2759, 17, 39, 4),
(2760, 65, 39, 7),
(2761, 15, 39, 7),
(2762, 69, 39, 6),
(2763, 9, 39, 6),
(2764, 70, 39, 6),
(2765, 26, 39, 3),
(2766, 12, 39, 5),
(2767, 39, 39, 1),
(2768, 24, 39, 1),
(2769, 16, 39, 5),
(2770, 66, 39, 5),
(2771, 79, 39, 2),
(2772, 5, 39, 3),
(2773, 60, 39, 4),
(2774, 82, 39, 3),
(2775, 64, 39, 4),
(2776, 14, 39, 9),
(2777, 7, 39, 2),
(2778, 10, 39, 2),
(2779, 38, 39, 1),
(2780, 11, 39, 7),
(2781, 77, 39, 2),
(2782, 75, 39, 4),
(2783, 3, 39, 6),
(2784, 55, 39, 7),
(2785, 67, 39, 1),
(2786, 37, 39, 4),
(2787, 61, 39, 5),
(2788, 73, 39, 4),
(2789, 1, 39, 8),
(2790, 29, 39, 4),
(2791, 74, 39, 4),
(2792, 41, 39, 6),
(2793, 25, 39, 7),
(2794, 23, 39, 8),
(2795, 32, 39, 8),
(2796, 18, 39, 6),
(2797, 83, 39, 4),
(2798, 28, 39, 3),
(2799, 22, 39, 7),
(2800, 49, 39, 6),
(2801, 40, 39, 6),
(2802, 81, 39, 1),
(2803, 35, 39, 2),
(2804, 13, 39, 3),
(2805, 4, 39, 5),
(2806, 31, 39, 1),
(2807, 76, 39, 3),
(2808, 2, 39, 8),
(2809, 56, 39, 5),
(2810, 45, 39, 2),
(2811, 46, 39, 1),
(2812, 52, 39, 7),
(2813, 57, 39, 7),
(2814, 85, 39, 1),
(2815, 84, 39, 1),
(2816, 86, 39, 6),
(2817, 8, 39, 4),
(2818, 54, 39, 1),
(2819, 20, 39, 9),
(2820, 53, 39, 1),
(2821, 50, 39, 1),
(2822, 72, 39, 4),
(2823, 6, 39, 10),
(2824, 42, 39, 9),
(2825, 71, 39, 9),
(2826, 21, 39, 5),
(2827, 19, 39, 8),
(2828, 33, 39, 2),
(2829, 5, 40, 5),
(2830, 14, 40, 9),
(2831, 71, 40, 10),
(2832, 60, 40, 7),
(2833, 3, 40, 10),
(2834, 34, 40, 1),
(2835, 78, 40, 9),
(2836, 68, 40, 1),
(2837, 11, 40, 9),
(2838, 63, 40, 1),
(2839, 59, 40, 1),
(2840, 16, 40, 5),
(2841, 21, 40, 5),
(2842, 9, 40, 1),
(2843, 64, 40, 1),
(2844, 80, 40, 2),
(2845, 65, 40, 1),
(2846, 6, 40, 10),
(2847, 62, 40, 8),
(2848, 73, 40, 1),
(2849, 35, 40, 4),
(2850, 32, 40, 9),
(2851, 44, 40, 11),
(2852, 4, 40, 8),
(2853, 67, 40, 4),
(2854, 77, 40, 4),
(2855, 1, 40, 4),
(2856, 61, 40, 2),
(2857, 66, 40, 1),
(2858, 15, 40, 8),
(2859, 81, 40, 2),
(2860, 75, 40, 3),
(2861, 72, 40, 4),
(2862, 79, 40, 1),
(2863, 10, 40, 4),
(2864, 76, 40, 3),
(2865, 30, 40, 1),
(2866, 37, 40, 6),
(2867, 25, 40, 9),
(2868, 40, 40, 1),
(2869, 20, 40, 10),
(2870, 29, 40, 1),
(2871, 26, 40, 1),
(2872, 69, 40, 9),
(2873, 28, 40, 4),
(2874, 19, 40, 6),
(2875, 31, 40, 1),
(2876, 39, 40, 1),
(2877, 42, 40, 9),
(2878, 43, 40, 1),
(2879, 83, 40, 4),
(2880, 2, 40, 9),
(2881, 48, 40, 1),
(2882, 8, 40, 4),
(2883, 82, 40, 4),
(2884, 23, 40, 11),
(2885, 55, 40, 1),
(2886, 74, 40, 4),
(2887, 27, 40, 2),
(2888, 41, 40, 7),
(2889, 56, 40, 1),
(2890, 45, 40, 2),
(2891, 22, 40, 9),
(2892, 7, 40, 5),
(2893, 12, 40, 7),
(2894, 24, 40, 2),
(2895, 18, 40, 7),
(2896, 52, 40, 2),
(2897, 84, 40, 1),
(2898, 86, 40, 5),
(2899, 57, 40, 1),
(2900, 85, 40, 1),
(2901, 54, 40, 1),
(2902, 53, 40, 1),
(2903, 51, 40, 1),
(2904, 46, 40, 4),
(2905, 47, 40, 2),
(2906, 49, 40, 11),
(2907, 13, 40, 5),
(2908, 17, 40, 5),
(2909, 36, 40, 1),
(2910, 70, 40, 9),
(2911, 38, 40, 1),
(2912, 2, 42, 8),
(2913, 49, 42, 8),
(2914, 61, 42, 7),
(2915, 86, 42, 6),
(2916, 28, 42, 4),
(2917, 8, 42, 4),
(2918, 55, 42, 5),
(2919, 4, 42, 5),
(2920, 62, 42, 6),
(2921, 77, 42, 2),
(2922, 63, 42, 3),
(2923, 60, 42, 5),
(2924, 21, 42, 2),
(2925, 69, 42, 5),
(2926, 9, 42, 6),
(2927, 41, 42, 5),
(2928, 70, 42, 6),
(2929, 71, 42, 8),
(2930, 67, 42, 2),
(2931, 72, 42, 2),
(2932, 11, 42, 6),
(2933, 39, 42, 4),
(2934, 19, 42, 5),
(2935, 82, 42, 3),
(2936, 20, 42, 8),
(2937, 59, 42, 6),
(2938, 79, 42, 3),
(2939, 64, 42, 5),
(2940, 3, 42, 6),
(2941, 6, 42, 8),
(2942, 66, 42, 5),
(2943, 25, 42, 7),
(2944, 31, 42, 7),
(2945, 73, 42, 5),
(2946, 37, 42, 3),
(2947, 1, 42, 8),
(2948, 42, 42, 8),
(2949, 84, 42, 3),
(2950, 81, 42, 1),
(2951, 29, 42, 3),
(2952, 5, 42, 4),
(2953, 40, 42, 5),
(2954, 68, 42, 4),
(2955, 56, 42, 3),
(2956, 75, 42, 2),
(2957, 14, 42, 8),
(2958, 45, 42, 4),
(2959, 15, 42, 5),
(2960, 44, 42, 7),
(2961, 24, 42, 1),
(2962, 53, 42, 2),
(2963, 16, 42, 3),
(2964, 10, 42, 2),
(2965, 52, 42, 6),
(2966, 32, 42, 7),
(2967, 7, 42, 2),
(2968, 26, 42, 1),
(2969, 65, 42, 6),
(2970, 35, 42, 2),
(2971, 46, 42, 2),
(2972, 57, 42, 1),
(2973, 85, 42, 1),
(2974, 78, 42, 8),
(2975, 13, 42, 4),
(2976, 74, 42, 3),
(2977, 22, 42, 7),
(2978, 12, 42, 7),
(2979, 18, 42, 7),
(2980, 23, 42, 9),
(2981, 17, 42, 3),
(2982, 44, 45, 11),
(2983, 39, 45, 1),
(2984, 21, 45, 4),
(2985, 63, 45, 3),
(2986, 2, 45, 5),
(2987, 77, 45, 1),
(2988, 16, 45, 2),
(2989, 68, 45, 3),
(2990, 8, 45, 5),
(2991, 73, 45, 6),
(2992, 33, 45, 2),
(2993, 6, 45, 9),
(2994, 19, 45, 7),
(2995, 9, 45, 6),
(2996, 59, 45, 1),
(2997, 30, 45, 2),
(2998, 7, 45, 4),
(2999, 65, 45, 6),
(3000, 64, 45, 4),
(3001, 62, 45, 1),
(3002, 72, 45, 4),
(3003, 49, 45, 9),
(3004, 13, 45, 4),
(3005, 41, 45, 8),
(3006, 10, 45, 4),
(3007, 32, 45, 3),
(3008, 60, 45, 7),
(3009, 3, 45, 7),
(3010, 20, 45, 9),
(3011, 15, 45, 7),
(3012, 4, 45, 7),
(3013, 25, 45, 8),
(3014, 61, 45, 1),
(3015, 48, 45, 1),
(3016, 14, 45, 8),
(3017, 71, 45, 7),
(3018, 67, 45, 1),
(3019, 79, 45, 1),
(3020, 40, 45, 3),
(3021, 1, 45, 5),
(3022, 28, 45, 2),
(3023, 55, 45, 8),
(3024, 37, 45, 5),
(3025, 29, 45, 1),
(3026, 80, 45, 2),
(3027, 26, 45, 1),
(3028, 76, 45, 3),
(3029, 11, 45, 6),
(3030, 57, 45, 5),
(3031, 31, 45, 1),
(3032, 5, 45, 2),
(3033, 38, 45, 1),
(3034, 81, 45, 1),
(3035, 35, 45, 1),
(3036, 66, 45, 5),
(3037, 83, 45, 4),
(3038, 46, 45, 4),
(3039, 69, 45, 8),
(3040, 56, 45, 1),
(3041, 86, 45, 6),
(3042, 85, 45, 1),
(3043, 53, 45, 1),
(3044, 45, 45, 1),
(3045, 74, 45, 3),
(3046, 84, 45, 1),
(3047, 43, 45, 1),
(3048, 52, 45, 8);
INSERT INTO `card_level` (`id`, `card_id`, `player_id`, `level`) VALUES
(3049, 51, 45, 1),
(3050, 17, 45, 5),
(3051, 23, 45, 10),
(3052, 50, 45, 1),
(3053, 36, 45, 1),
(3054, 42, 45, 11),
(3055, 78, 45, 10),
(3056, 22, 45, 10),
(3057, 82, 45, 6),
(3058, 12, 45, 9),
(3059, 75, 45, 6),
(3060, 70, 45, 9),
(3061, 18, 45, 9),
(3062, 65, 605, 8),
(3063, 72, 605, 1),
(3064, 4, 605, 6),
(3065, 60, 605, 1),
(3066, 68, 605, 4),
(3067, 32, 605, 1),
(3068, 12, 605, 1),
(3069, 63, 605, 1),
(3070, 17, 605, 2),
(3071, 27, 605, 2),
(3072, 29, 605, 7),
(3073, 50, 605, 2),
(3074, 86, 605, 1),
(3075, 59, 605, 8),
(3076, 70, 605, 6),
(3077, 9, 605, 1),
(3078, 73, 605, 1),
(3079, 66, 605, 8),
(3080, 11, 605, 1),
(3081, 13, 605, 3),
(3082, 8, 605, 3),
(3083, 18, 605, 1),
(3084, 82, 605, 3),
(3085, 79, 605, 4),
(3086, 62, 605, 5),
(3087, 55, 605, 1),
(3088, 49, 605, 7),
(3089, 69, 605, 1),
(3090, 61, 605, 1),
(3091, 31, 605, 3),
(3092, 25, 605, 1),
(3093, 6, 605, 9),
(3094, 7, 605, 1),
(3095, 44, 605, 1),
(3096, 15, 605, 6),
(3097, 22, 605, 6),
(3098, 21, 605, 3),
(3099, 2, 605, 7),
(3100, 14, 605, 4),
(3101, 75, 605, 1),
(3102, 1, 605, 4),
(3103, 83, 605, 1),
(3104, 47, 605, 1),
(3105, 39, 605, 1),
(3106, 51, 605, 5),
(3107, 76, 605, 2),
(3108, 35, 605, 1),
(3109, 20, 605, 7),
(3110, 19, 605, 7),
(3111, 74, 605, 2),
(3112, 41, 605, 1),
(3113, 46, 605, 1),
(3114, 48, 605, 1),
(3115, 67, 605, 1),
(3116, 45, 605, 1),
(3117, 84, 605, 1),
(3118, 85, 605, 1),
(3119, 43, 605, 2),
(3120, 5, 605, 4),
(3121, 71, 605, 11),
(3122, 23, 605, 1),
(3123, 37, 605, 1),
(3124, 3, 605, 8),
(3125, 52, 605, 9),
(3126, 24, 605, 1),
(3127, 64, 605, 5),
(3128, 53, 605, 1),
(3129, 26, 605, 4),
(3130, 30, 605, 1),
(3131, 28, 605, 4),
(3132, 57, 605, 6),
(3133, 0, 605, 1),
(3134, 54, 605, 1),
(3135, 42, 605, 11),
(3136, 40, 605, 7),
(3137, 10, 605, 5),
(3138, 16, 605, 4),
(3139, 36, 605, 1),
(3140, 56, 605, 7),
(3141, 78, 605, 9),
(3142, 77, 605, 4),
(3143, 28, 609, 1),
(3144, 59, 609, 8),
(3145, 24, 609, 1),
(3146, 10, 609, 3),
(3147, 53, 609, 1),
(3148, 9, 609, 2),
(3149, 70, 609, 7),
(3150, 1, 609, 10),
(3151, 86, 609, 4),
(3152, 15, 609, 6),
(3153, 61, 609, 9),
(3154, 68, 609, 5),
(3155, 39, 609, 5),
(3156, 60, 609, 6),
(3157, 75, 609, 2),
(3158, 4, 609, 5),
(3159, 41, 609, 6),
(3160, 8, 609, 3),
(3161, 51, 609, 6),
(3162, 14, 609, 6),
(3163, 76, 609, 2),
(3164, 17, 609, 5),
(3165, 38, 609, 2),
(3166, 12, 609, 6),
(3167, 74, 609, 3),
(3168, 25, 609, 8),
(3169, 22, 609, 7),
(3170, 71, 609, 10),
(3171, 64, 609, 5),
(3172, 50, 609, 1),
(3173, 77, 609, 1),
(3174, 47, 609, 1),
(3175, 31, 609, 8),
(3176, 35, 609, 2),
(3177, 49, 609, 7),
(3178, 37, 609, 7),
(3179, 69, 609, 7),
(3180, 11, 609, 2),
(3181, 73, 609, 6),
(3182, 13, 609, 5),
(3183, 66, 609, 3),
(3184, 30, 609, 1),
(3185, 82, 609, 5),
(3186, 19, 609, 5),
(3187, 67, 609, 3),
(3188, 32, 609, 6),
(3189, 62, 609, 5),
(3190, 79, 609, 3),
(3191, 2, 609, 9),
(3192, 63, 609, 1),
(3193, 3, 609, 6),
(3194, 44, 609, 11),
(3195, 29, 609, 1),
(3196, 46, 609, 3),
(3197, 40, 609, 5),
(3198, 84, 609, 1),
(3199, 85, 609, 2),
(3200, 43, 609, 1),
(3201, 56, 609, 5),
(3202, 23, 609, 9),
(3203, 18, 609, 6),
(3204, 65, 609, 2),
(3205, 72, 609, 3),
(3206, 45, 609, 1),
(3207, 16, 609, 3),
(3208, 5, 609, 1),
(3209, 52, 609, 1),
(3210, 7, 609, 3),
(3211, 57, 609, 2),
(3212, 20, 609, 9),
(3213, 42, 609, 11),
(3214, 78, 609, 12),
(3215, 83, 609, 4),
(3216, 27, 609, 2),
(3217, 26, 609, 4),
(3218, 21, 609, 6),
(3219, 55, 609, 10),
(3220, 6, 609, 13),
(3221, 79, 973, 3),
(3222, 3, 973, 6),
(3223, 2, 973, 10),
(3224, 63, 973, 4),
(3225, 8, 973, 4),
(3226, 42, 973, 10),
(3227, 9, 973, 10),
(3228, 1, 973, 10),
(3229, 64, 973, 5),
(3230, 72, 973, 4),
(3231, 76, 973, 4),
(3232, 46, 973, 3),
(3233, 29, 973, 4),
(3234, 18, 973, 6),
(3235, 12, 973, 8),
(3236, 17, 973, 4),
(3237, 31, 973, 8),
(3238, 83, 973, 4),
(3239, 30, 973, 2),
(3240, 24, 973, 2),
(3241, 14, 973, 10),
(3242, 73, 973, 8),
(3243, 43, 973, 1),
(3244, 7, 973, 5),
(3245, 65, 973, 7),
(3246, 67, 973, 2),
(3247, 70, 973, 8),
(3248, 77, 973, 4),
(3249, 22, 973, 8),
(3250, 6, 973, 10),
(3251, 80, 973, 2),
(3252, 21, 973, 1),
(3253, 61, 973, 5),
(3254, 35, 973, 2),
(3255, 4, 973, 8),
(3256, 32, 973, 9),
(3257, 75, 973, 3),
(3258, 28, 973, 4),
(3259, 71, 973, 10),
(3260, 5, 973, 4),
(3261, 68, 973, 7),
(3262, 26, 973, 4),
(3263, 78, 973, 10),
(3264, 16, 973, 5),
(3265, 38, 973, 2),
(3266, 39, 973, 6),
(3267, 66, 973, 7),
(3268, 62, 973, 8),
(3269, 60, 973, 7),
(3270, 25, 973, 10),
(3271, 40, 973, 8),
(3272, 59, 973, 7),
(3273, 11, 973, 7),
(3274, 10, 973, 4),
(3275, 82, 973, 2),
(3276, 19, 973, 7),
(3277, 41, 973, 8),
(3278, 44, 973, 10),
(3279, 20, 973, 10),
(3280, 37, 973, 7),
(3281, 36, 973, 2),
(3282, 34, 973, 1),
(3283, 85, 973, 7),
(3284, 49, 973, 1),
(3285, 53, 973, 1),
(3286, 56, 973, 6),
(3287, 55, 973, 1),
(3288, 45, 973, 1),
(3289, 51, 973, 1),
(3290, 84, 973, 2),
(3291, 52, 973, 1),
(3292, 86, 973, 1),
(3293, 57, 973, 1),
(3294, 15, 973, 10),
(3295, 13, 973, 6),
(3296, 74, 973, 6),
(3297, 33, 973, 2),
(3298, 27, 973, 2),
(3299, 69, 973, 10),
(3300, 23, 973, 12),
(3301, 81, 973, 2),
(3302, 16, 976, 4),
(3303, 40, 976, 8),
(3304, 85, 976, 6),
(3305, 9, 976, 10),
(3306, 44, 976, 11),
(3307, 67, 976, 5),
(3308, 21, 976, 4),
(3309, 7, 976, 4),
(3310, 12, 976, 8),
(3311, 83, 976, 4),
(3312, 70, 976, 7),
(3313, 74, 976, 5),
(3314, 38, 976, 2),
(3315, 43, 976, 1),
(3316, 15, 976, 7),
(3317, 19, 976, 7),
(3318, 20, 976, 11),
(3319, 5, 976, 5),
(3320, 34, 976, 1),
(3321, 10, 976, 5),
(3322, 11, 976, 9),
(3323, 28, 976, 5),
(3324, 61, 976, 1),
(3325, 22, 976, 8),
(3326, 65, 976, 10),
(3327, 76, 976, 5),
(3328, 1, 976, 10),
(3329, 52, 976, 9),
(3330, 30, 976, 2),
(3331, 13, 976, 4),
(3332, 82, 976, 5),
(3333, 62, 976, 7),
(3334, 14, 976, 10),
(3335, 64, 976, 8),
(3336, 45, 976, 3),
(3337, 77, 976, 4),
(3338, 69, 976, 7),
(3339, 41, 976, 7),
(3340, 32, 976, 10),
(3341, 71, 976, 10),
(3342, 86, 976, 1),
(3343, 26, 976, 3),
(3344, 3, 976, 10),
(3345, 36, 976, 1),
(3346, 80, 976, 1),
(3347, 59, 976, 10),
(3348, 35, 976, 5),
(3349, 17, 976, 4),
(3350, 25, 976, 11),
(3351, 31, 976, 9),
(3352, 75, 976, 4),
(3353, 2, 976, 10),
(3354, 72, 976, 4),
(3355, 68, 976, 8),
(3356, 81, 976, 2),
(3357, 55, 976, 1),
(3358, 47, 976, 1),
(3359, 18, 976, 8),
(3360, 63, 976, 7),
(3361, 24, 976, 2),
(3362, 60, 976, 7),
(3363, 46, 976, 4),
(3364, 49, 976, 9),
(3365, 8, 976, 5),
(3366, 56, 976, 3),
(3367, 73, 976, 7),
(3368, 79, 976, 5),
(3369, 6, 976, 11),
(3370, 53, 976, 1),
(3371, 51, 976, 1),
(3372, 4, 976, 8),
(3373, 27, 976, 2),
(3374, 57, 976, 6),
(3375, 84, 976, 1),
(3376, 54, 976, 1),
(3377, 66, 976, 8),
(3378, 42, 976, 11),
(3379, 39, 976, 8),
(3380, 33, 976, 2),
(3381, 23, 976, 11),
(3382, 78, 976, 11),
(3383, 37, 976, 8),
(3384, 29, 976, 8),
(3385, 2, 977, 8),
(3386, 74, 977, 4),
(3387, 17, 977, 2),
(3388, 37, 977, 7),
(3389, 84, 977, 1),
(3390, 86, 977, 8),
(3391, 40, 977, 8),
(3392, 83, 977, 1),
(3393, 42, 977, 10),
(3394, 4, 977, 7),
(3395, 76, 977, 4),
(3396, 48, 977, 1),
(3397, 65, 977, 10),
(3398, 34, 977, 1),
(3399, 9, 977, 8),
(3400, 26, 977, 2),
(3401, 61, 977, 9),
(3402, 39, 977, 7),
(3403, 46, 977, 4),
(3404, 50, 977, 1),
(3405, 70, 977, 7),
(3406, 15, 977, 7),
(3407, 1, 977, 9),
(3408, 75, 977, 4),
(3409, 43, 977, 1),
(3410, 59, 977, 7),
(3411, 19, 977, 7),
(3412, 60, 977, 5),
(3413, 21, 977, 3),
(3414, 68, 977, 6),
(3415, 11, 977, 9),
(3416, 56, 977, 6),
(3417, 28, 977, 3),
(3418, 25, 977, 10),
(3419, 20, 977, 8),
(3420, 78, 977, 10),
(3421, 35, 977, 4),
(3422, 77, 977, 4),
(3423, 47, 977, 1),
(3424, 12, 977, 7),
(3425, 72, 977, 3),
(3426, 54, 977, 1),
(3427, 79, 977, 4),
(3428, 80, 977, 1),
(3429, 64, 977, 5),
(3430, 5, 977, 4),
(3431, 22, 977, 7),
(3432, 85, 977, 5),
(3433, 69, 977, 8),
(3434, 67, 977, 4),
(3435, 41, 977, 7),
(3436, 29, 977, 7),
(3437, 66, 977, 7),
(3438, 73, 977, 7),
(3439, 32, 977, 10),
(3440, 14, 977, 8),
(3441, 49, 977, 9),
(3442, 63, 977, 7),
(3443, 6, 977, 10),
(3444, 81, 977, 1),
(3445, 18, 977, 8),
(3446, 62, 977, 6),
(3447, 8, 977, 3),
(3448, 53, 977, 2),
(3449, 33, 977, 1),
(3450, 55, 977, 1),
(3451, 82, 977, 3),
(3452, 52, 977, 7),
(3453, 57, 977, 4),
(3454, 45, 977, 1),
(3455, 51, 977, 1),
(3456, 3, 977, 9),
(3457, 10, 977, 5),
(3458, 44, 977, 10),
(3459, 13, 977, 4),
(3460, 71, 977, 10),
(3461, 38, 977, 2),
(3462, 16, 977, 4),
(3463, 7, 977, 4),
(3464, 31, 977, 10),
(3465, 30, 977, 2),
(3466, 23, 977, 10),
(3467, 24, 978, 1),
(3468, 9, 978, 7),
(3469, 15, 978, 5),
(3470, 64, 978, 4),
(3471, 38, 978, 1),
(3472, 26, 978, 2),
(3473, 10, 978, 6),
(3474, 40, 978, 7),
(3475, 83, 978, 3),
(3476, 81, 978, 1),
(3477, 35, 978, 4),
(3478, 61, 978, 7),
(3479, 4, 978, 7),
(3480, 75, 978, 4),
(3481, 39, 978, 4),
(3482, 67, 978, 3),
(3483, 36, 978, 1),
(3484, 20, 978, 9),
(3485, 21, 978, 3),
(3486, 74, 978, 3),
(3487, 19, 978, 4),
(3488, 2, 978, 10),
(3489, 18, 978, 7),
(3490, 31, 978, 9),
(3491, 1, 978, 6),
(3492, 55, 978, 5),
(3493, 3, 978, 7),
(3494, 17, 978, 3),
(3495, 29, 978, 4),
(3496, 6, 978, 9),
(3497, 32, 978, 9),
(3498, 34, 978, 1),
(3499, 80, 978, 1),
(3500, 49, 978, 9),
(3501, 37, 978, 4),
(3502, 41, 978, 4),
(3503, 7, 978, 3),
(3504, 14, 978, 7),
(3505, 72, 978, 5),
(3506, 44, 978, 9),
(3507, 76, 978, 4),
(3508, 33, 978, 1),
(3509, 25, 978, 9),
(3510, 59, 978, 7),
(3511, 68, 978, 5),
(3512, 66, 978, 7),
(3513, 63, 978, 4),
(3514, 52, 978, 5),
(3515, 65, 978, 8),
(3516, 71, 978, 10),
(3517, 70, 978, 6),
(3518, 82, 978, 4),
(3519, 51, 978, 5),
(3520, 13, 978, 4),
(3521, 28, 978, 3),
(3522, 8, 978, 3),
(3523, 16, 978, 3),
(3524, 77, 978, 3),
(3525, 56, 978, 3),
(3526, 46, 978, 3),
(3527, 45, 978, 1),
(3528, 85, 978, 2),
(3529, 73, 978, 6),
(3530, 53, 978, 1),
(3531, 60, 978, 5),
(3532, 5, 978, 4),
(3533, 84, 978, 1),
(3534, 62, 978, 6),
(3535, 86, 978, 6),
(3536, 57, 978, 1),
(3537, 79, 978, 6),
(3538, 22, 978, 8),
(3539, 12, 978, 8),
(3540, 69, 978, 9),
(3541, 23, 978, 10),
(3542, 78, 978, 10),
(3543, 11, 978, 10),
(3544, 42, 978, 11),
(3545, 24, 979, 2),
(3546, 78, 979, 11),
(3547, 61, 979, 10),
(3548, 80, 979, 1),
(3549, 14, 979, 10),
(3550, 72, 979, 4),
(3551, 71, 979, 10),
(3552, 8, 979, 4),
(3553, 18, 979, 7),
(3554, 37, 979, 7),
(3555, 76, 979, 4),
(3556, 9, 979, 8),
(3557, 66, 979, 7),
(3558, 51, 979, 5),
(3559, 4, 979, 8),
(3560, 46, 979, 4),
(3561, 81, 979, 2),
(3562, 20, 979, 10),
(3563, 60, 979, 6),
(3564, 79, 979, 4),
(3565, 11, 979, 9),
(3566, 23, 979, 10),
(3567, 77, 979, 3),
(3568, 59, 979, 7),
(3569, 7, 979, 4),
(3570, 1, 979, 10),
(3571, 34, 979, 1),
(3572, 68, 979, 6),
(3573, 63, 979, 7),
(3574, 57, 979, 6),
(3575, 29, 979, 7),
(3576, 50, 979, 2),
(3577, 52, 979, 9),
(3578, 67, 979, 4),
(3579, 53, 979, 1),
(3580, 44, 979, 10),
(3581, 41, 979, 7),
(3582, 74, 979, 4),
(3583, 16, 979, 3),
(3584, 42, 979, 10),
(3585, 35, 979, 3),
(3586, 86, 979, 6),
(3587, 17, 979, 5),
(3588, 31, 979, 10),
(3589, 83, 979, 4),
(3590, 56, 979, 5),
(3591, 82, 979, 4),
(3592, 5, 979, 4),
(3593, 48, 979, 1),
(3594, 54, 979, 2),
(3595, 70, 979, 7),
(3596, 73, 979, 7),
(3597, 39, 979, 7),
(3598, 62, 979, 7),
(3599, 30, 979, 1),
(3600, 65, 979, 10),
(3601, 13, 979, 4),
(3602, 64, 979, 6),
(3603, 85, 979, 1),
(3604, 26, 979, 4),
(3605, 43, 979, 1),
(3606, 45, 979, 4),
(3607, 55, 979, 8),
(3608, 15, 979, 6),
(3609, 21, 979, 4),
(3610, 69, 979, 7),
(3611, 12, 979, 7),
(3612, 84, 979, 1),
(3613, 25, 979, 9),
(3614, 49, 979, 10),
(3615, 10, 979, 4),
(3616, 2, 979, 10),
(3617, 28, 979, 4),
(3618, 75, 979, 4),
(3619, 27, 979, 1),
(3620, 22, 979, 7),
(3621, 3, 979, 10),
(3622, 33, 979, 2),
(3623, 32, 979, 10),
(3624, 40, 979, 8),
(3625, 19, 979, 7),
(3626, 6, 979, 10),
(3627, 24, 980, 1),
(3628, 11, 980, 8),
(3629, 62, 980, 5),
(3630, 9, 980, 3),
(3631, 3, 980, 8),
(3632, 69, 980, 2),
(3633, 68, 980, 1),
(3634, 65, 980, 4),
(3635, 59, 980, 7),
(3636, 75, 980, 3),
(3637, 60, 980, 3),
(3638, 6, 980, 8),
(3639, 14, 980, 8),
(3640, 78, 980, 8),
(3641, 8, 980, 3),
(3642, 63, 980, 1),
(3643, 79, 980, 3),
(3644, 70, 980, 5),
(3645, 44, 980, 7),
(3646, 18, 980, 4),
(3647, 19, 980, 5),
(3648, 21, 980, 2),
(3649, 23, 980, 8),
(3650, 15, 980, 7),
(3651, 64, 980, 3),
(3652, 32, 980, 6),
(3653, 20, 980, 9),
(3654, 73, 980, 6),
(3655, 37, 980, 1),
(3656, 17, 980, 3),
(3657, 55, 980, 7),
(3658, 67, 980, 1),
(3659, 58, 980, 1),
(3660, 12, 980, 7),
(3661, 22, 980, 6),
(3662, 72, 980, 3),
(3663, 40, 980, 4),
(3664, 77, 980, 1),
(3665, 29, 980, 2),
(3666, 5, 980, 2),
(3667, 25, 980, 9),
(3668, 66, 980, 1),
(3669, 28, 980, 3),
(3670, 34, 980, 1),
(3671, 10, 980, 3),
(3672, 4, 980, 6),
(3673, 74, 980, 2),
(3674, 49, 980, 9),
(3675, 1, 980, 8),
(3676, 39, 980, 3),
(3677, 76, 980, 4),
(3678, 31, 980, 3),
(3679, 42, 980, 8),
(3680, 56, 980, 1),
(3681, 26, 980, 2),
(3682, 35, 980, 1),
(3683, 41, 980, 3),
(3684, 45, 980, 1),
(3685, 46, 980, 1),
(3686, 85, 980, 4),
(3687, 51, 980, 1),
(3688, 61, 980, 7),
(3689, 53, 980, 1),
(3690, 80, 980, 1),
(3691, 82, 980, 2),
(3692, 84, 980, 2),
(3693, 38, 980, 1),
(3694, 83, 980, 3),
(3695, 36, 980, 1),
(3696, 52, 980, 1),
(3697, 86, 980, 1),
(3698, 57, 980, 1),
(3699, 7, 980, 5),
(3700, 16, 980, 5),
(3701, 2, 980, 11),
(3702, 71, 980, 12),
(3703, 27, 980, 1),
(3704, 13, 980, 5),
(3705, 54, 980, 2),
(3706, 43, 980, 1),
(3707, 60, 981, 1),
(3708, 3, 981, 1),
(3709, 12, 981, 1),
(3710, 77, 981, 1),
(3711, 20, 981, 1),
(3712, 32, 981, 7),
(3713, 4, 981, 4),
(3714, 6, 981, 1),
(3715, 11, 981, 1),
(3716, 68, 981, 1),
(3717, 13, 981, 1),
(3718, 63, 981, 1),
(3719, 2, 981, 1),
(3720, 59, 981, 1),
(3721, 9, 981, 1),
(3722, 70, 981, 3),
(3723, 73, 981, 1),
(3724, 64, 981, 1),
(3725, 5, 981, 1),
(3726, 23, 981, 1),
(3727, 65, 981, 1),
(3728, 22, 981, 1),
(3729, 21, 981, 2),
(3730, 62, 981, 1),
(3731, 67, 981, 1),
(3732, 76, 981, 1),
(3733, 69, 981, 4),
(3734, 1, 981, 8),
(3735, 17, 981, 3),
(3736, 15, 981, 5),
(3737, 79, 981, 3),
(3738, 7, 981, 3),
(3739, 37, 981, 1),
(3740, 66, 981, 1),
(3741, 8, 981, 3),
(3742, 55, 981, 1),
(3743, 61, 981, 1),
(3744, 49, 981, 1),
(3745, 56, 981, 1),
(3746, 40, 981, 1),
(3747, 84, 981, 1),
(3748, 53, 981, 1),
(3749, 45, 981, 1),
(3750, 78, 981, 7),
(3751, 16, 981, 3),
(3752, 19, 981, 6),
(3753, 71, 981, 9),
(3754, 14, 981, 8),
(3755, 72, 981, 4),
(3756, 18, 981, 6),
(3757, 10, 981, 4),
(3758, 65, 982, 10),
(3759, 36, 982, 1),
(3760, 27, 982, 1),
(3761, 85, 982, 5),
(3762, 63, 982, 7),
(3763, 28, 982, 4),
(3764, 53, 982, 3),
(3765, 34, 982, 2),
(3766, 5, 982, 4),
(3767, 78, 982, 10),
(3768, 9, 982, 10),
(3769, 72, 982, 3),
(3770, 47, 982, 2),
(3771, 56, 982, 5),
(3772, 7, 982, 4),
(3773, 61, 982, 10),
(3774, 54, 982, 2),
(3775, 6, 982, 9),
(3776, 40, 982, 7),
(3777, 68, 982, 6),
(3778, 66, 982, 6),
(3779, 1, 982, 10),
(3780, 38, 982, 1),
(3781, 49, 982, 10),
(3782, 76, 982, 4),
(3783, 16, 982, 3),
(3784, 69, 982, 7),
(3785, 13, 982, 4),
(3786, 55, 982, 7),
(3787, 21, 982, 3),
(3788, 75, 982, 3),
(3789, 84, 982, 3),
(3790, 4, 982, 7),
(3791, 41, 982, 7),
(3792, 24, 982, 2),
(3793, 35, 982, 4),
(3794, 42, 982, 10),
(3795, 30, 982, 1),
(3796, 39, 982, 6),
(3797, 74, 982, 4),
(3798, 57, 982, 1),
(3799, 25, 982, 10),
(3800, 62, 982, 7),
(3801, 29, 982, 7),
(3802, 81, 982, 2),
(3803, 20, 982, 9),
(3804, 8, 982, 4),
(3805, 51, 982, 5),
(3806, 79, 982, 3),
(3807, 37, 982, 7),
(3808, 26, 982, 4),
(3809, 11, 982, 9),
(3810, 59, 982, 10),
(3811, 23, 982, 10),
(3812, 17, 982, 4),
(3813, 64, 982, 6),
(3814, 60, 982, 6),
(3815, 86, 982, 7),
(3816, 31, 982, 10),
(3817, 14, 982, 9),
(3818, 73, 982, 7),
(3819, 18, 982, 7),
(3820, 10, 982, 3),
(3821, 52, 982, 7),
(3822, 83, 982, 3),
(3823, 67, 982, 2),
(3824, 45, 982, 2),
(3825, 71, 982, 10),
(3826, 82, 982, 4),
(3827, 77, 982, 4),
(3828, 2, 982, 10),
(3829, 44, 982, 10),
(3830, 3, 982, 10),
(3831, 15, 982, 7),
(3832, 58, 982, 1),
(3833, 50, 982, 2),
(3834, 70, 982, 7),
(3835, 22, 982, 7),
(3836, 32, 982, 11),
(3837, 12, 982, 7),
(3838, 19, 982, 8),
(3839, 43, 982, 1),
(3840, 46, 982, 4),
(3841, 75, 983, 3),
(3842, 4, 983, 7),
(3843, 66, 983, 4),
(3844, 9, 983, 9),
(3845, 12, 983, 6),
(3846, 78, 983, 10),
(3847, 63, 983, 7),
(3848, 15, 983, 5),
(3849, 76, 983, 4),
(3850, 27, 983, 1),
(3851, 42, 983, 10),
(3852, 65, 983, 9),
(3853, 14, 983, 7),
(3854, 28, 983, 4),
(3855, 37, 983, 5),
(3856, 62, 983, 4),
(3857, 59, 983, 7),
(3858, 5, 983, 3),
(3859, 67, 983, 3),
(3860, 18, 983, 7),
(3861, 30, 983, 1),
(3862, 77, 983, 2),
(3863, 1, 983, 9),
(3864, 19, 983, 5),
(3865, 32, 983, 9),
(3866, 61, 983, 10),
(3867, 20, 983, 10),
(3868, 6, 983, 9),
(3869, 22, 983, 8),
(3870, 79, 983, 2),
(3871, 2, 983, 9),
(3872, 25, 983, 10),
(3873, 33, 983, 1),
(3874, 82, 983, 4),
(3875, 8, 983, 2),
(3876, 29, 983, 3),
(3877, 40, 983, 2),
(3878, 46, 983, 4),
(3879, 80, 983, 2),
(3880, 10, 983, 3),
(3881, 21, 983, 4),
(3882, 13, 983, 4),
(3883, 26, 983, 1),
(3884, 70, 983, 7),
(3885, 68, 983, 6),
(3886, 17, 983, 5),
(3887, 73, 983, 6),
(3888, 31, 983, 3),
(3889, 49, 983, 9),
(3890, 11, 983, 7),
(3891, 39, 983, 1),
(3892, 3, 983, 10),
(3893, 35, 983, 2),
(3894, 44, 983, 10),
(3895, 60, 983, 7),
(3896, 64, 983, 6),
(3897, 41, 983, 2),
(3898, 34, 983, 1),
(3899, 56, 983, 1),
(3900, 83, 983, 4),
(3901, 24, 983, 1),
(3902, 55, 983, 3),
(3903, 85, 983, 1),
(3904, 45, 983, 3),
(3905, 53, 983, 1),
(3906, 81, 983, 1),
(3907, 50, 983, 1),
(3908, 48, 983, 1),
(3909, 51, 983, 1),
(3910, 38, 983, 1),
(3911, 84, 983, 1),
(3912, 52, 983, 1),
(3913, 86, 983, 1),
(3914, 57, 983, 1),
(3915, 23, 983, 12),
(3916, 72, 983, 6),
(3917, 16, 983, 5),
(3918, 36, 983, 2),
(3919, 69, 983, 9),
(3920, 7, 983, 5),
(3921, 74, 983, 6),
(3922, 71, 983, 11),
(3923, 22, 984, 7),
(3924, 27, 984, 1),
(3925, 9, 984, 9),
(3926, 21, 984, 2),
(3927, 29, 984, 7),
(3928, 7, 984, 3),
(3929, 8, 984, 2),
(3930, 60, 984, 6),
(3931, 57, 984, 1),
(3932, 26, 984, 2),
(3933, 75, 984, 3),
(3934, 28, 984, 2),
(3935, 13, 984, 2),
(3936, 68, 984, 6),
(3937, 49, 984, 8),
(3938, 65, 984, 6),
(3939, 76, 984, 3),
(3940, 59, 984, 10),
(3941, 72, 984, 3),
(3942, 85, 984, 6),
(3943, 61, 984, 6),
(3944, 2, 984, 10),
(3945, 24, 984, 1),
(3946, 20, 984, 7),
(3947, 82, 984, 4),
(3948, 15, 984, 7),
(3949, 62, 984, 7),
(3950, 34, 984, 1),
(3951, 79, 984, 3),
(3952, 44, 984, 10),
(3953, 52, 984, 7),
(3954, 64, 984, 6),
(3955, 86, 984, 1),
(3956, 42, 984, 9),
(3957, 74, 984, 3),
(3958, 83, 984, 3),
(3959, 11, 984, 10),
(3960, 63, 984, 5),
(3961, 35, 984, 4),
(3962, 70, 984, 7),
(3963, 41, 984, 6),
(3964, 69, 984, 7),
(3965, 32, 984, 9),
(3966, 23, 984, 8),
(3967, 77, 984, 3),
(3968, 19, 984, 7),
(3969, 37, 984, 6),
(3970, 31, 984, 10),
(3971, 16, 984, 3),
(3972, 1, 984, 10),
(3973, 71, 984, 9),
(3974, 46, 984, 3),
(3975, 40, 984, 7),
(3976, 39, 984, 6),
(3977, 55, 984, 6),
(3978, 73, 984, 7),
(3979, 25, 984, 10),
(3980, 67, 984, 4),
(3981, 56, 984, 1),
(3982, 14, 984, 7),
(3983, 53, 984, 3),
(3984, 45, 984, 2),
(3985, 17, 984, 3),
(3986, 4, 984, 7),
(3987, 51, 984, 3),
(3988, 84, 984, 1),
(3989, 5, 984, 3),
(3990, 10, 984, 5),
(3991, 66, 984, 7),
(3992, 3, 984, 10),
(3993, 78, 984, 10),
(3994, 6, 984, 11),
(3995, 18, 984, 7),
(3996, 12, 984, 7),
(3997, 80, 984, 2),
(3998, 23, 985, 9),
(3999, 32, 985, 8),
(4000, 13, 985, 3),
(4001, 83, 985, 2),
(4002, 4, 985, 6),
(4003, 74, 985, 3),
(4004, 59, 985, 7),
(4005, 71, 985, 9),
(4006, 22, 985, 6),
(4007, 84, 985, 2),
(4008, 77, 985, 4),
(4009, 70, 985, 6),
(4010, 66, 985, 5),
(4011, 61, 985, 8),
(4012, 76, 985, 3),
(4013, 31, 985, 5),
(4014, 16, 985, 4),
(4015, 78, 985, 8),
(4016, 72, 985, 4),
(4017, 64, 985, 5),
(4018, 39, 985, 3),
(4019, 69, 985, 5),
(4020, 19, 985, 6),
(4021, 12, 985, 6),
(4022, 28, 985, 2),
(4023, 45, 985, 1),
(4024, 65, 985, 5),
(4025, 26, 985, 3),
(4026, 2, 985, 9),
(4027, 63, 985, 5),
(4028, 25, 985, 7),
(4029, 49, 985, 6),
(4030, 14, 985, 9),
(4031, 73, 985, 6),
(4032, 55, 985, 5),
(4033, 67, 985, 3),
(4034, 7, 985, 4),
(4035, 21, 985, 3),
(4036, 5, 985, 4),
(4037, 20, 985, 9),
(4038, 3, 985, 6),
(4039, 10, 985, 3),
(4040, 62, 985, 6),
(4041, 17, 985, 4),
(4042, 9, 985, 9),
(4043, 6, 985, 6),
(4044, 37, 985, 5),
(4045, 79, 985, 3),
(4046, 68, 985, 5),
(4047, 60, 985, 4),
(4048, 11, 985, 9),
(4049, 75, 985, 4),
(4050, 53, 985, 1),
(4051, 1, 985, 9),
(4052, 18, 985, 6),
(4053, 40, 985, 4),
(4054, 15, 985, 6),
(4055, 8, 985, 4),
(4056, 82, 985, 2),
(4057, 29, 985, 5),
(4058, 44, 985, 7);

-- --------------------------------------------------------

--
-- Table structure for table `decks`
--

CREATE TABLE `decks` (
  `id` int(6) NOT NULL,
  `player_id` int(5) NOT NULL,
  `current` tinyint(1) NOT NULL
) ENGINE=InnoDB DEFAULT CHARSET=latin1;

--
-- Dumping data for table `decks`
--

INSERT INTO `decks` (`id`, `player_id`, `current`) VALUES
(1, 3, 1),
(2, 2, 1),
(3, 14, 1),
(4, 4, 0),
(14, 17, 0),
(15, 27, 0),
(16, 37, 0),
(17, 42, 0),
(18, 41, 1),
(19, 38, 0),
(20, 42, 0),
(21, 39, 0),
(22, 33, 0),
(23, 42, 0),
(24, 605, 0),
(25, 9, 1),
(26, 1, 1),
(27, 3, 0),
(31, 30, 1),
(37, 21, 1),
(38, 42, 0),
(39, 4, 1),
(40, 4, 0),
(41, 12, 1),
(98, 610, 0),
(99, 610, 0),
(100, 610, 0),
(101, 610, 0),
(102, 610, 0),
(103, 610, 0),
(104, 610, 0),
(105, 610, 0),
(106, 610, 0),
(107, 610, 0),
(108, 610, 0),
(109, 610, 0),
(110, 610, 0),
(111, 610, 0),
(112, 610, 0),
(113, 610, 0),
(114, 610, 0),
(115, 610, 0),
(116, 610, 0),
(117, 610, 0),
(118, 610, 0),
(119, 610, 0),
(120, 610, 0),
(121, 610, 0),
(124, 610, 0),
(125, 610, 0),
(126, 611, 1),
(127, 7, 1),
(128, 610, 0),
(129, 16, 1),
(130, 36, 0),
(131, 42, 1),
(132, 8, 1),
(133, 18, 1),
(134, 27, 0),
(135, 610, 0),
(136, 610, 0),
(137, 610, 0),
(138, 610, 0),
(139, 610, 0),
(140, 610, 0),
(141, 610, 0),
(142, 610, 0),
(143, 610, 0),
(144, 610, 0),
(145, 610, 0),
(146, 610, 0),
(147, 610, 0),
(148, 610, 0),
(149, 610, 0),
(150, 610, 0),
(151, 610, 0),
(152, 610, 0),
(153, 610, 0),
(154, 610, 0),
(155, 610, 0),
(156, 610, 0),
(157, 610, 0),
(158, 610, 0),
(159, 610, 0),
(160, 610, 0),
(161, 610, 0),
(162, 610, 0),
(163, 610, 0),
(164, 610, 0),
(165, 610, 0),
(166, 610, 0),
(167, 610, 0),
(168, 610, 0),
(169, 5, 1),
(170, 42, 0),
(171, 610, 0),
(172, 610, 0),
(173, 610, 0),
(174, 610, 0),
(175, 610, 0),
(176, 610, 0),
(177, 610, 0),
(178, 610, 0),
(179, 610, 0),
(180, 610, 0),
(181, 610, 0),
(182, 610, 0),
(183, 610, 0),
(184, 610, 0),
(185, 610, 0),
(186, 610, 0),
(187, 610, 0),
(188, 610, 0),
(189, 610, 0),
(190, 610, 0),
(191, 610, 0),
(192, 610, 0),
(193, 610, 0),
(194, 610, 0),
(195, 610, 0),
(196, 610, 0),
(197, 610, 0),
(198, 610, 0),
(199, 610, 0),
(200, 610, 0),
(201, 610, 0),
(202, 610, 0),
(203, 19, 1),
(204, 6, 0),
(205, 610, 0),
(206, 610, 0),
(207, 610, 0),
(208, 973, 1),
(209, 610, 0),
(210, 610, 0),
(211, 610, 0),
(212, 610, 0),
(213, 610, 0),
(214, 610, 0),
(215, 610, 0),
(216, 610, 0),
(217, 610, 0),
(218, 610, 0),
(219, 610, 0),
(220, 610, 0),
(221, 610, 0),
(222, 610, 0),
(223, 610, 0),
(224, 610, 0),
(225, 610, 0),
(226, 610, 0),
(227, 610, 0),
(228, 610, 0),
(229, 610, 0),
(230, 610, 0),
(231, 610, 0),
(232, 610, 0),
(233, 610, 0),
(234, 610, 0),
(235, 610, 0),
(236, 610, 0),
(237, 610, 0),
(238, 610, 0),
(239, 610, 0),
(240, 610, 0),
(241, 610, 0),
(242, 610, 0),
(243, 610, 0),
(244, 610, 0),
(245, 610, 0),
(246, 610, 0),
(247, 610, 0),
(248, 610, 0),
(249, 610, 0),
(250, 610, 0),
(251, 610, 0),
(252, 610, 0),
(253, 610, 0),
(254, 610, 0),
(255, 610, 0),
(256, 610, 0),
(257, 610, 0),
(258, 610, 0),
(259, 610, 0),
(260, 610, 0),
(261, 610, 0),
(262, 610, 0),
(263, 610, 0),
(264, 610, 0),
(265, 610, 0),
(266, 610, 0),
(267, 610, 0),
(268, 610, 0),
(269, 610, 0),
(270, 610, 0),
(271, 610, 0),
(272, 610, 0),
(273, 610, 0),
(274, 610, 0),
(275, 610, 0),
(276, 610, 0),
(277, 610, 0),
(278, 610, 0),
(279, 610, 0),
(280, 610, 0),
(281, 610, 0),
(282, 610, 0),
(283, 610, 0),
(284, 610, 0),
(285, 610, 0),
(286, 610, 0),
(287, 610, 0),
(288, 610, 0),
(289, 610, 0),
(290, 610, 0),
(291, 610, 0),
(292, 610, 0),
(293, 610, 0),
(294, 610, 0),
(295, 610, 0),
(296, 610, 0),
(297, 610, 0),
(298, 610, 0),
(299, 610, 0),
(300, 610, 0),
(301, 610, 0),
(302, 610, 0),
(303, 610, 0),
(304, 610, 0),
(305, 610, 0),
(306, 610, 0),
(307, 610, 0),
(308, 610, 0),
(309, 610, 0),
(310, 610, 0),
(311, 610, 0),
(312, 610, 0),
(313, 610, 0),
(314, 610, 0),
(315, 610, 0),
(316, 610, 0),
(317, 610, 0),
(318, 610, 0),
(319, 610, 0),
(320, 610, 0),
(321, 610, 0),
(322, 610, 0),
(323, 610, 0),
(324, 610, 0),
(325, 610, 0),
(326, 610, 0),
(327, 610, 0),
(328, 610, 0),
(329, 27, 0),
(330, 610, 0),
(331, 610, 0),
(332, 610, 0),
(333, 610, 0),
(334, 610, 0),
(335, 610, 0),
(336, 610, 0),
(337, 610, 0),
(338, 610, 0),
(339, 610, 0),
(340, 610, 0),
(341, 610, 0),
(342, 610, 0),
(343, 610, 0),
(344, 610, 0),
(345, 610, 0),
(346, 610, 0),
(347, 610, 0),
(348, 610, 0),
(349, 610, 0),
(350, 610, 0),
(351, 610, 0),
(352, 610, 0),
(353, 610, 0),
(354, 610, 0),
(355, 610, 0),
(356, 610, 0),
(357, 610, 0),
(358, 610, 0),
(359, 610, 0),
(360, 610, 0),
(361, 610, 0),
(362, 610, 0),
(363, 610, 0),
(364, 610, 0),
(365, 610, 0),
(366, 610, 0),
(367, 610, 0),
(368, 39, 1),
(369, 27, 0),
(370, 610, 0),
(371, 610, 0),
(372, 610, 0),
(373, 610, 0),
(374, 610, 0),
(375, 610, 0),
(376, 610, 0),
(377, 610, 0),
(378, 610, 0),
(379, 610, 0),
(380, 610, 0),
(381, 610, 0),
(382, 610, 0),
(383, 610, 0),
(384, 610, 0),
(385, 610, 0),
(386, 610, 0),
(387, 610, 0),
(388, 610, 0),
(389, 610, 0),
(390, 610, 0),
(391, 610, 0),
(392, 610, 0),
(393, 610, 0),
(394, 610, 0),
(395, 610, 0),
(396, 610, 0),
(397, 610, 0),
(398, 610, 0),
(399, 610, 0),
(400, 610, 0),
(401, 610, 0),
(402, 610, 0),
(403, 610, 0),
(404, 981, 1),
(405, 983, 1),
(406, 610, 0),
(407, 610, 0),
(408, 610, 0),
(409, 610, 0),
(410, 610, 0),
(411, 610, 0),
(412, 610, 0),
(413, 610, 0),
(414, 610, 0),
(415, 610, 0),
(416, 610, 0),
(417, 610, 0),
(418, 610, 0),
(419, 610, 0),
(420, 610, 0),
(421, 610, 0),
(422, 610, 0),
(423, 610, 0),
(424, 610, 0),
(425, 610, 0),
(426, 610, 0),
(427, 610, 0),
(428, 610, 0),
(429, 610, 0),
(430, 610, 0),
(431, 610, 0),
(432, 610, 0),
(433, 610, 0),
(434, 610, 0),
(435, 610, 0),
(436, 610, 1),
(437, 610, 1),
(438, 610, 1),
(439, 610, 1),
(440, 985, 1),
(441, 977, 0),
(442, 6, 1),
(443, 10, 0),
(444, 11, 1),
(445, 15, 1),
(446, 17, 1),
(447, 20, 1),
(448, 22, 1),
(449, 26, 1),
(450, 28, 1),
(451, 29, 1),
(452, 31, 1),
(453, 32, 1),
(454, 33, 1),
(455, 34, 1),
(456, 35, 1),
(457, 36, 1),
(458, 37, 1),
(459, 38, 1),
(460, 40, 1),
(461, 42, 0),
(462, 45, 1),
(463, 605, 1),
(464, 609, 1),
(465, 976, 0),
(466, 978, 1),
(467, 979, 0),
(468, 980, 1),
(469, 982, 1),
(470, 984, 1),
(471, 27, 1),
(472, 10, 1),
(473, 976, 1),
(474, 977, 1),
(475, 979, 1);

-- --------------------------------------------------------

--
-- Table structure for table `deck_results`
--

CREATE TABLE `deck_results` (
  `id` int(8) NOT NULL,
  `deck_id` int(5) NOT NULL,
  `played` int(4) NOT NULL,
  `wins` int(4) NOT NULL,
  `crowns` int(5) NOT NULL
) ENGINE=InnoDB DEFAULT CHARSET=latin1;

--
-- Dumping data for table `deck_results`
--

INSERT INTO `deck_results` (`id`, `deck_id`, `played`, `wins`, `crowns`) VALUES
(442, 168, 1, 0, 0),
(443, 157, 1, 0, 0),
(444, 158, 1, 0, 0),
(445, 159, 2, 1, 3),
(446, 160, 1, 1, 1),
(447, 161, 1, 1, 3),
(448, 162, 1, 0, 0),
(449, 163, 1, 0, 1),
(450, 164, 1, 0, 0),
(451, 165, 1, 1, 1),
(452, 166, 1, 1, 2),
(453, 149, 2, 2, 4),
(454, 167, 1, 0, 0),
(455, 141, 3, 2, 3),
(456, 156, 1, 0, 0),
(457, 136, 1, 1, 3),
(458, 137, 1, 1, 2),
(459, 138, 1, 1, 2),
(460, 139, 1, 0, 0),
(461, 140, 1, 1, 1),
(462, 142, 1, 0, 0),
(463, 143, 1, 0, 1),
(464, 144, 1, 1, 1),
(465, 145, 1, 1, 1),
(466, 146, 1, 1, 3),
(467, 147, 2, 1, 2),
(468, 150, 1, 0, 0),
(469, 151, 2, 2, 3),
(470, 152, 1, 0, 0),
(471, 153, 1, 1, 2),
(472, 154, 1, 1, 3),
(473, 155, 1, 0, 0),
(474, 135, 1, 1, 3),
(544, 200, 1, 1, 3),
(545, 201, 1, 1, 1),
(546, 202, 1, 1, 1),
(547, 191, 1, 0, 1),
(548, 192, 1, 1, 3),
(549, 193, 1, 1, 3),
(550, 194, 1, 1, 1),
(551, 195, 1, 0, 0),
(552, 196, 2, 0, 0),
(553, 180, 2, 0, 0),
(554, 197, 1, 0, 0),
(555, 198, 1, 0, 0),
(556, 199, 1, 0, 0),
(557, 190, 1, 1, 2),
(558, 188, 2, 2, 5),
(559, 171, 1, 1, 3),
(560, 172, 1, 0, 1),
(561, 173, 1, 0, 0),
(562, 174, 1, 1, 3),
(563, 175, 1, 1, 1),
(564, 176, 1, 1, 1),
(565, 177, 1, 0, 0),
(566, 178, 1, 1, 1),
(567, 179, 1, 0, 0),
(568, 181, 1, 0, 0),
(569, 182, 1, 0, 0),
(570, 183, 1, 0, 1),
(571, 184, 1, 0, 0),
(572, 185, 1, 1, 1),
(573, 186, 1, 0, 1),
(574, 187, 1, 0, 0),
(575, 189, 1, 0, 0),
(628, 233, 1, 1, 3),
(629, 234, 1, 0, 0),
(630, 235, 1, 0, 0),
(631, 213, 3, 3, 5),
(632, 236, 1, 1, 1),
(633, 229, 1, 0, 1),
(634, 230, 1, 1, 2),
(635, 231, 2, 1, 1),
(636, 232, 1, 0, 0),
(637, 209, 1, 1, 3),
(638, 210, 1, 1, 2),
(639, 211, 1, 0, 0),
(640, 212, 1, 1, 1),
(641, 214, 3, 3, 3),
(642, 215, 1, 0, 0),
(643, 216, 1, 0, 0),
(644, 217, 1, 1, 1),
(645, 218, 1, 1, 2),
(646, 220, 1, 0, 0),
(647, 221, 1, 1, 1),
(648, 222, 1, 0, 0),
(649, 223, 2, 1, 1),
(650, 224, 1, 0, 0),
(651, 225, 1, 0, 0),
(652, 226, 1, 0, 0),
(653, 227, 1, 0, 0),
(654, 228, 1, 1, 2),
(655, 205, 1, 1, 1),
(656, 206, 1, 1, 2),
(729, 268, 1, 1, 1),
(730, 243, 2, 1, 4),
(731, 258, 1, 0, 0),
(732, 252, 2, 1, 1),
(733, 259, 1, 0, 0),
(734, 260, 1, 0, 0),
(735, 261, 2, 0, 1),
(736, 262, 1, 0, 1),
(737, 263, 1, 1, 2),
(738, 264, 1, 0, 0),
(739, 265, 1, 0, 1),
(740, 266, 1, 1, 1),
(741, 267, 1, 0, 0),
(742, 237, 1, 1, 1),
(743, 238, 2, 1, 1),
(744, 239, 1, 1, 2),
(745, 240, 1, 0, 0),
(746, 241, 1, 0, 0),
(747, 242, 1, 0, 0),
(748, 244, 1, 1, 2),
(749, 245, 2, 1, 1),
(750, 246, 1, 0, 1),
(751, 247, 1, 0, 0),
(752, 248, 1, 0, 0),
(753, 249, 1, 0, 0),
(754, 250, 1, 1, 3),
(755, 251, 1, 1, 2),
(756, 253, 1, 0, 0),
(757, 254, 1, 0, 0),
(758, 255, 1, 0, 0),
(759, 256, 1, 0, 0),
(835, 302, 1, 1, 2),
(836, 303, 1, 1, 2),
(837, 304, 1, 1, 2),
(838, 294, 1, 0, 0),
(839, 295, 1, 0, 0),
(840, 296, 1, 1, 3),
(841, 297, 1, 0, 0),
(842, 290, 3, 2, 2),
(843, 298, 1, 0, 0),
(844, 299, 1, 0, 0),
(845, 300, 1, 1, 1),
(846, 279, 3, 2, 3),
(847, 301, 1, 0, 0),
(848, 287, 1, 1, 1),
(849, 288, 1, 0, 1),
(850, 289, 1, 0, 0),
(851, 292, 1, 0, 0),
(852, 293, 1, 1, 3),
(853, 269, 1, 0, 0),
(854, 270, 1, 0, 0),
(855, 271, 1, 0, 0),
(856, 272, 1, 1, 3),
(857, 273, 1, 0, 0),
(858, 274, 1, 1, 1),
(859, 275, 1, 1, 1),
(860, 276, 1, 0, 0),
(861, 277, 1, 0, 1),
(862, 278, 1, 1, 1),
(863, 280, 1, 1, 1),
(864, 281, 1, 0, 0),
(865, 282, 1, 0, 0),
(866, 283, 1, 1, 1),
(867, 284, 1, 1, 1),
(868, 286, 1, 1, 3),
(988, 330, 1, 1, 3),
(989, 331, 1, 1, 3),
(990, 332, 1, 1, 2),
(991, 316, 2, 1, 3),
(992, 333, 1, 0, 0),
(993, 334, 1, 0, 0),
(994, 335, 1, 0, 0),
(995, 336, 1, 0, 0),
(996, 328, 1, 0, 0),
(997, 318, 1, 1, 2),
(998, 319, 1, 0, 0),
(999, 320, 1, 1, 1),
(1000, 321, 1, 1, 1),
(1001, 322, 1, 0, 0),
(1002, 323, 1, 0, 0),
(1003, 325, 1, 1, 3),
(1004, 324, 1, 1, 2),
(1005, 326, 1, 0, 1),
(1006, 311, 3, 3, 5),
(1007, 305, 1, 0, 0),
(1008, 306, 1, 0, 1),
(1009, 307, 1, 1, 2),
(1010, 308, 1, 0, 0),
(1011, 309, 1, 1, 3),
(1012, 310, 1, 1, 3),
(1013, 312, 1, 1, 1),
(1014, 313, 1, 0, 0),
(1015, 315, 1, 1, 3),
(1099, 364, 1, 1, 3),
(1100, 346, 2, 1, 2),
(1101, 365, 1, 0, 0),
(1102, 366, 1, 0, 1),
(1103, 367, 1, 0, 0),
(1104, 340, 3, 2, 4),
(1105, 363, 1, 1, 1),
(1106, 341, 1, 0, 0),
(1107, 342, 1, 0, 0),
(1108, 343, 1, 0, 1),
(1109, 344, 1, 0, 0),
(1110, 345, 1, 0, 0),
(1111, 347, 1, 0, 0),
(1112, 350, 1, 1, 2),
(1113, 351, 1, 0, 0),
(1114, 352, 1, 0, 0),
(1115, 353, 1, 0, 1),
(1116, 354, 1, 0, 0),
(1117, 355, 1, 1, 1),
(1118, 356, 1, 1, 1),
(1119, 357, 1, 0, 0),
(1120, 358, 2, 1, 2),
(1121, 359, 1, 1, 1),
(1122, 360, 1, 0, 0),
(1123, 361, 1, 0, 0),
(1124, 362, 1, 1, 1),
(1125, 338, 1, 0, 0),
(1280, 401, 1, 1, 2),
(1281, 402, 1, 0, 0),
(1282, 403, 1, 0, 0),
(1283, 373, 2, 2, 3),
(1284, 395, 1, 0, 0),
(1285, 396, 1, 0, 0),
(1286, 397, 1, 0, 0),
(1287, 398, 1, 1, 1),
(1288, 399, 1, 0, 0),
(1289, 374, 3, 2, 6),
(1290, 400, 1, 0, 0),
(1291, 393, 1, 0, 1),
(1292, 386, 1, 1, 1),
(1293, 387, 1, 1, 3),
(1294, 389, 1, 0, 0),
(1295, 390, 1, 0, 0),
(1296, 391, 1, 0, 1),
(1297, 392, 1, 0, 1),
(1298, 376, 1, 0, 0),
(1299, 377, 1, 1, 2),
(1300, 378, 1, 0, 0),
(1301, 379, 1, 0, 1),
(1302, 380, 1, 0, 0),
(1303, 381, 1, 1, 1),
(1304, 382, 1, 1, 3),
(1305, 383, 1, 0, 0),
(1306, 384, 1, 0, 1),
(1307, 385, 1, 0, 1),
(1308, 370, 1, 1, 1),
(1309, 371, 1, 1, 1),
(1310, 372, 1, 1, 2),
(1469, 437, 1, 0, 0),
(1470, 438, 1, 0, 0),
(1471, 439, 1, 1, 2),
(1472, 436, 1, 1, 3),
(1473, 435, 1, 0, 0),
(1474, 423, 1, 1, 1),
(1475, 430, 1, 0, 1),
(1476, 431, 1, 1, 2),
(1477, 432, 1, 0, 1),
(1478, 433, 1, 1, 1),
(1479, 407, 2, 1, 2),
(1480, 416, 1, 0, 0),
(1481, 417, 1, 0, 1),
(1482, 418, 1, 1, 1),
(1483, 419, 1, 0, 0),
(1484, 420, 1, 0, 0),
(1485, 421, 1, 0, 1),
(1486, 422, 1, 1, 1),
(1487, 424, 1, 1, 1),
(1488, 425, 1, 0, 0),
(1489, 426, 1, 0, 1),
(1490, 427, 1, 0, 1),
(1491, 428, 1, 0, 0),
(1492, 429, 1, 0, 0),
(1493, 406, 1, 0, 2),
(1494, 408, 1, 0, 0),
(1495, 409, 1, 0, 1),
(1496, 410, 1, 0, 1),
(1497, 411, 1, 0, 0),
(1498, 412, 1, 1, 1),
(1499, 413, 1, 0, 1),
(1500, 414, 1, 1, 1),
(1501, 415, 1, 1, 1),
(1502, 434, 1, 1, 3);

-- --------------------------------------------------------

--
-- Table structure for table `last_updated`
--

CREATE TABLE `last_updated` (
  `id` int(3) NOT NULL,
  `page_name` varchar(50) NOT NULL,
  `updated` datetime DEFAULT NULL,
  `tag` varchar(10) DEFAULT NULL
) ENGINE=InnoDB DEFAULT CHARSET=latin1;

--
-- Dumping data for table `last_updated`
--

INSERT INTO `last_updated` (`id`, `page_name`, `updated`, `tag`) VALUES
(1, 'index', '2018-07-27 15:01:03', NULL),
(3, 'war', '2018-07-27 14:45:36', NULL),
(4, 'war_stats', '2018-07-27 14:45:36', NULL),
(5, 'war_decks', '2018-07-27 14:33:23', NULL),
(7, 'player', '2018-07-27 14:46:40', '90VG2292'),
(8, 'player', '2018-07-27 14:46:55', 'LLG0QGR9'),
(9, 'player', '2018-07-27 14:47:11', '88V0L8LQG'),
(10, 'player', '2018-07-27 14:47:34', '9YPLPGRQL'),
(11, 'player', '2018-07-27 14:47:27', '80LR8GCR0'),
(12, 'player', '2018-07-27 14:46:52', '2YPJR9Q0'),
(13, 'player', '2018-07-27 14:46:46', '9LJL09CQ'),
(14, 'player', '2018-07-27 14:46:58', 'QCY9YPC9'),
(15, 'player', '2018-07-27 14:46:42', '2J88RVQRY'),
(16, 'player', '2018-07-27 14:46:59', '22PL0J8JG'),
(17, 'player', '2018-07-27 14:46:43', '2JPC2G0G'),
(18, 'player', '2018-07-27 14:47:40', 'VYJ00PJL'),
(19, 'player', '2018-07-27 14:46:39', '8YG908L08'),
(20, 'player', '2018-07-27 14:47:31', '9U9G90RYV'),
(21, 'player', '2018-07-27 14:47:50', 'P0JVUQVRV'),
(22, 'player', '2018-07-27 14:47:52', '9VGV88GC'),
(23, 'player', '2018-07-27 14:47:56', '8LU920GLP'),
(24, 'player', '2018-07-27 14:47:43', '9UP2QQCQ'),
(25, 'player', '2018-07-27 14:46:36', '2P9QYR2P'),
(26, 'player', '2018-07-27 14:46:37', 'PURCPRVJ'),
(27, 'player', '2018-07-27 14:46:44', '9JQ82G0P'),
(28, 'player', '2018-07-27 14:46:47', 'PYU2QP8J'),
(29, 'player', '2018-07-27 14:46:49', '2YJ0PJ0U'),
(30, 'player', '2018-07-27 14:46:50', 'QLLLLQVQ'),
(31, 'player', '2018-07-27 14:46:51', '8G8VGQL88'),
(32, 'player', '2018-07-27 14:46:54', '8JRGRGGGR'),
(33, 'player', '2018-07-27 14:46:56', 'LJV8928C'),
(34, 'player', '2018-07-27 14:47:01', '9G2JPRY8'),
(35, 'player', '2018-07-27 14:47:03', '9Y82JPP9'),
(36, 'player', '2018-07-27 14:47:05', '8V0RVRRJV'),
(37, 'player', '2018-07-27 14:47:07', '908GUL0G'),
(38, 'player', '2018-07-27 14:47:13', '8PU0R0GYV'),
(39, 'player', '2018-07-27 14:47:16', '28V08R0PY'),
(40, 'player', '2018-07-27 14:47:19', '8Y02YJU2U'),
(41, 'player', '2018-07-27 14:47:22', '8YQU8JCC8'),
(42, 'player', '2018-07-27 14:47:23', '29CJ980P'),
(43, 'player', '2018-07-27 14:47:24', '2C89G8UQ9'),
(44, 'player', '2018-07-27 14:47:26', 'LUQUJR2Q'),
(45, 'player', '2018-07-27 14:47:28', '8Y8GYC298'),
(46, 'player', '2018-07-27 14:47:30', 'YV9R20G'),
(47, 'player', '2018-07-27 14:47:32', '29YR2VQCR'),
(48, 'player', '2018-07-27 14:47:35', 'P8PRYQR2'),
(49, 'player', '2018-07-27 14:47:37', '9QJVJ0JG9'),
(50, 'player', '2018-07-27 14:47:39', '2JJQ0V2QP'),
(51, 'player', '2018-07-27 14:47:41', '2U8V8GGQ'),
(52, 'player', '2018-07-27 14:47:45', '2U8ULL9P'),
(53, 'player', '2018-07-27 14:47:47', '2YCPCYU9'),
(54, 'player', '2018-07-27 14:47:48', '8QGJQPVC8'),
(55, 'player', '2018-07-27 14:47:51', '2L220QY0G'),
(56, 'player', '2018-07-27 14:47:54', '990VG0YY');

-- --------------------------------------------------------

--
-- Table structure for table `players`
--

CREATE TABLE `players` (
  `id` int(4) NOT NULL,
  `tag` varchar(10) CHARACTER SET utf8 NOT NULL COMMENT 'Tag du joueur',
  `name` varchar(50) CHARACTER SET utf8 NOT NULL COMMENT 'Nom du joueur',
  `rank` int(2) NOT NULL COMMENT 'Placement dans le clan',
  `trophies` int(5) NOT NULL COMMENT 'Nombre de trophe du joueur',
  `role_id` int(1) NOT NULL,
  `exp_level` int(2) NOT NULL COMMENT 'Niveau de la tour',
  `in_clan` tinyint(1) NOT NULL DEFAULT '0',
  `arena` int(3) NOT NULL,
  `donations` int(10) NOT NULL,
  `donations_received` int(10) NOT NULL,
  `donations_delta` int(10) NOT NULL,
  `donations_ratio` float NOT NULL,
  `max_trophies` int(5) NOT NULL DEFAULT '0'
) ENGINE=InnoDB DEFAULT CHARSET=utf8 COLLATE=utf8_unicode_ci;

--
-- Dumping data for table `players`
--

INSERT INTO `players` (`id`, `tag`, `name`, `rank`, `trophies`, `role_id`, `exp_level`, `in_clan`, `arena`, `donations`, `donations_received`, `donations_delta`, `donations_ratio`, `max_trophies`) VALUES
(1, '2P9QYR2P', 'Tomawaak', 2, 4615, 2, 12, 1, 15, 621, 440, 181, 2.14, 4629),
(2, 'PURCPRVJ', 'vabz', 4, 4411, 2, 12, 1, 14, 350, 440, -90, 1.21, 4445),
(3, '8YG908L08', 'BadPoussin', 5, 4322, 1, 12, 1, 14, 768, 520, 248, 2.65, 4322),
(4, '90VG2292', 'Rocky', 1, 4622, 3, 12, 1, 15, 1149, 520, 629, 3.96, 4622),
(5, '2J88RVQRY', 'OnyaGamer', 11, 4152, 3, 11, 1, 13, 386, 360, 26, 1.33, 4259),
(6, '2JPC2G0G', 'Majin Freeza', 3, 4452, 3, 12, 1, 14, 366, 440, -74, 1.26, 4493),
(7, '9JQ82G0P', 'bolognaise', 6, 4222, 3, 11, 1, 13, 294, 440, -146, 1.01, 4222),
(8, '9LJL09CQ', 'Stph', 8, 4203, 3, 12, 1, 13, 422, 440, -18, 1.46, 4203),
(9, 'PYU2QP8J', 'Zypher', 13, 4133, 3, 10, 1, 13, 464, 360, 104, 1.6, 4176),
(10, '2YJ0PJ0U', 'Sup3r-K', 12, 4146, 3, 12, 1, 13, 94, 280, -186, 0.32, 4396),
(11, 'QLLLLQVQ', 'MightyChicken', 15, 4072, 3, 11, 1, 13, 18, 120, -102, 0.06, 4218),
(12, '8G8VGQL88', 'youpi', 9, 4183, 3, 11, 1, 13, 843, 400, 443, 2.91, 4266),
(13, 'PUU8PUQY', 'Ruilucenzo', 14, 4098, 3, 12, 0, 13, 292, 320, -28, 1.13, 0),
(14, '2YPJR9Q0', 'Kaldor', 14, 4083, 2, 11, 1, 13, 376, 440, -64, 1.3, 4083),
(15, '8JRGRGGGR', 'CJ21', 7, 4210, 3, 11, 1, 13, 878, 560, 318, 3.03, 4210),
(16, 'LLG0QGR9', 'Patatepower', 20, 3899, 3, 11, 1, 12, 330, 400, -70, 1.14, 4102),
(17, 'LJV8928C', 'lolo', 19, 3910, 3, 11, 1, 12, 317, 400, -83, 1.09, 3951),
(18, 'QCY9YPC9', '??Willen??', 25, 3815, 3, 11, 1, 12, 64, 16, 48, 0.22, 3816),
(19, '22PL0J8JG', 'chamb', 17, 4001, 3, 10, 1, 13, 52, 0, 52, 0.18, 4116),
(20, '9G2JPRY8', 'oui', 21, 3881, 3, 11, 1, 12, 102, 240, -138, 0.35, 3881),
(21, '9Y82JPP9', 'Maped', 16, 4026, 3, 11, 1, 13, 520, 450, 70, 1.79, 4026),
(22, '8V0RVRRJV', 'morgan', 22, 3852, 3, 10, 1, 12, 547, 360, 187, 1.89, 3852),
(23, '2RUU0V209', 'Olympia', 31, 3640, 3, 10, 0, 11, 360, 320, 40, 1.33, 0),
(24, '2J8CRU22G', 'lexrider', 30, 3606, 3, 10, 0, 11, 0, 0, 0, 0, 0),
(25, '2U2002JQ0', 'Jack-So', 33, 3712, 4, 10, 0, 11, 54, 120, -66, 0.42, 0),
(26, '908GUL0G', 'osiris', 24, 3818, 4, 11, 1, 12, 74, 200, -126, 0.26, 3885),
(27, '88V0L8LQG', 'Kaoulombre', 27, 3807, 2, 11, 1, 12, 828, 530, 298, 2.86, 3859),
(28, '8PU0R0GYV', 'daoshine', 29, 3801, 3, 10, 1, 12, 320, 480, -160, 1.1, 3801),
(29, '28V08R0PY', 'jojo95', 28, 3806, 3, 11, 1, 12, 461, 400, 61, 1.59, 3913),
(30, 'RGCGVJRL', 'domidom97', 33, 3535, 4, 11, 0, 11, 8, 0, 8, 0.03, 3660),
(31, '8Y02YJU2U', 'SorcireDuJour', 39, 3463, 3, 10, 1, 11, 28, 40, -12, 0.1, 3578),
(32, '8YQU8JCC8', 'Karu24', 40, 3442, 3, 11, 1, 11, 204, 280, -76, 0.7, 3442),
(33, '29CJ980P', 'pate lorrain', 44, 3363, 3, 10, 1, 11, 0, 0, 0, 0, 3762),
(34, '2C89G8UQ9', '?\\WEEED//?', 43, 3368, 3, 10, 1, 10, 225, 360, -135, 0.78, 3393),
(35, 'LUQUJR2Q', 'tictac', 31, 3702, 3, 11, 1, 11, 44, 40, 4, 0.15, 3757),
(36, '80LR8GCR0', 'peyo le grand', 41, 3441, 3, 10, 1, 11, 0, 0, 0, 0, 3455),
(37, '8Y8GYC298', 'EddiE', 34, 3542, 3, 10, 1, 11, 45, 240, -195, 0.16, 3592),
(38, 'YV9R20G', 'beryllus', 46, 3313, 3, 10, 1, 10, 0, 0, 0, 0, 3505),
(39, '9U9G90RYV', 'Fumseck', 45, 3324, 3, 10, 1, 10, 421, 360, 61, 1.45, 3366),
(40, '29YR2VQCR', 'jojoooo', 35, 3538, 3, 11, 1, 11, 226, 280, -54, 0.78, 3703),
(41, '8GCQPG08', 'THOR', 49, 2656, 3, 10, 0, 9, 74, 30, 44, 0.58, 2656),
(42, '9YPLPGRQL', 'nano', 47, 3064, 3, 9, 1, 10, 390, 550, -160, 1.35, 3064),
(45, 'P8PRYQR2', 'Kapt723', 26, 3809, 3, 11, 1, 12, 320, 400, -80, 1.1, 3809),
(605, '9QJVJ0JG9', 'Saga', 23, 3834, 3, 9, 1, 12, 106, 280, -174, 0.37, 3834),
(606, '2LRV22890', 'Haroune2retour', 14, 3861, 4, 11, 0, 12, 73, 80, -7, 0.22, 0),
(607, '8JCPGR9U0', 'topmonellz', 38, 3409, 4, 10, 0, 11, 48, 160, -112, 0.17, 0),
(608, 'V99UQPGY', 'Bahiano', 37, 3414, 4, 10, 0, 11, 10, 40, -30, 0.03, 0),
(609, '2JJQ0V2QP', 'Bonobo', 18, 3984, 3, 10, 1, 12, 330, 320, 10, 1.14, 4092),
(610, '9RGPL8PC', 'CLAN', 0, 0, 1, 0, 0, 0, 0, 0, 0, 0, 0),
(611, '8CQYJ9R', 'DrBoubou', 37, 3426, 4, 10, 0, 11, 38, 40, -2, 0.15, 3426),
(612, '8UQ28Q8P', 'Pablo', 17, 3911, 4, 10, 0, 12, 0, 0, 0, 0, 0),
(973, 'VYJ00PJL', 'Kaboum971', 10, 4156, 3, 11, 1, 13, 153, 280, -127, 0.53, 4183),
(974, 'V9YCLVJV', 'B.F.A', 36, 3497, 4, 10, 0, 11, 26, 0, 26, 0.41, 0),
(975, '2VCURRJUC', 'MrDjerbou57', 40, 3405, 4, 10, 0, 11, 36, 0, 36, 0.12, 0),
(976, '2U8V8GGQ', 'zermazeubihass', 49, 1927, 4, 11, 1, 6, 1, 120, -119, 0, 3898),
(977, '9UP2QQCQ', 'maxouille', 42, 3377, 3, 10, 1, 10, 92, 360, -268, 0.32, 3632),
(978, '2U8ULL9P', 'TBSF 2nd class', 33, 3553, 4, 10, 1, 11, 76, 160, -84, 0.26, 3579),
(979, '2YCPCYU9', 'Watrax EU', 38, 3473, 4, 11, 1, 11, 380, 240, 140, 1.31, 3663),
(980, '8QGJQPVC8', 'Aplecraf', 37, 3500, 4, 10, 1, 11, 24, 120, -96, 0.08, 3538),
(981, 'P0JVUQVRV', 'Parpino', 50, 1915, 4, 7, 1, 6, 124, 120, 4, 0.43, 1964),
(982, '2L220QY0G', 'KenalLeTheg', 36, 3511, 4, 11, 1, 11, 0, 0, 0, 0, 3835),
(983, '9VGV88GC', 'PedrO!', 32, 3593, 4, 11, 1, 11, 133, 120, 13, 0.46, 3602),
(984, '990VG0YY', 'juliusYT', 30, 3733, 4, 10, 1, 11, 110, 120, -10, 0.38, 3733),
(985, '8LU920GLP', 'AXEL', 48, 2021, 4, 9, 1, 7, 0, 0, 0, 0, 2402);

-- --------------------------------------------------------

--
-- Table structure for table `player_war`
--

CREATE TABLE `player_war` (
  `id` int(10) NOT NULL,
  `player_id` int(5) NOT NULL,
  `cards_earned` int(4) NOT NULL,
  `collection_played` int(1) NOT NULL,
  `collection_won` int(1) NOT NULL,
  `battle_played` int(1) NOT NULL,
  `battle_won` int(1) NOT NULL,
  `war_id` int(4) NOT NULL
) ENGINE=InnoDB DEFAULT CHARSET=latin1;

--
-- Dumping data for table `player_war`
--

INSERT INTO `player_war` (`id`, `player_id`, `cards_earned`, `collection_played`, `collection_won`, `battle_played`, `battle_won`, `war_id`) VALUES
(395, 1, 640, 0, 0, 1, 0, 24),
(396, 2, 640, 0, 0, 1, 1, 24),
(397, 3, 800, 0, 0, 1, 1, 24),
(398, 4, 960, 0, 0, 1, 1, 24),
(399, 5, 640, 0, 0, 1, 1, 24),
(400, 6, 800, 0, 0, 1, 0, 24),
(401, 7, 640, 0, 0, 1, 0, 24),
(402, 8, 0, 0, 0, 0, 0, 24),
(403, 9, 750, 0, 0, 1, 1, 24),
(404, 10, 750, 0, 0, 1, 0, 24),
(405, 11, 750, 0, 0, 1, 1, 24),
(406, 12, 750, 0, 0, 1, 1, 24),
(407, 13, 600, 0, 0, 1, 0, 24),
(408, 14, 750, 0, 0, 1, 1, 24),
(409, 15, 750, 0, 0, 1, 0, 24),
(410, 16, 600, 0, 0, 1, 1, 24),
(411, 17, 600, 0, 0, 1, 0, 24),
(412, 18, 750, 0, 0, 1, 0, 24),
(413, 19, 450, 0, 0, 1, 0, 24),
(414, 20, 700, 0, 0, 1, 1, 24),
(415, 21, 700, 0, 0, 1, 0, 24),
(416, 22, 560, 0, 0, 1, 0, 24),
(417, 23, 560, 0, 0, 1, 0, 24),
(418, 24, 0, 0, 0, 0, 0, 24),
(419, 25, 560, 0, 0, 1, 1, 24),
(420, 26, 0, 0, 0, 0, 0, 24),
(421, 27, 700, 0, 0, 1, 1, 24),
(422, 28, 700, 0, 0, 1, 0, 24),
(423, 29, 420, 0, 0, 1, 1, 24),
(424, 30, 0, 0, 0, 0, 0, 24),
(425, 31, 700, 0, 0, 1, 1, 24),
(426, 32, 650, 0, 0, 1, 0, 24),
(427, 33, 650, 0, 0, 1, 0, 24),
(428, 34, 520, 0, 0, 1, 1, 24),
(429, 35, 420, 0, 0, 1, 0, 24),
(430, 36, 390, 0, 0, 1, 0, 24),
(431, 37, 780, 0, 0, 1, 1, 24),
(432, 38, 650, 0, 0, 1, 1, 24),
(433, 39, 650, 0, 0, 1, 1, 24),
(434, 40, 390, 0, 0, 1, 1, 24),
(435, 41, 480, 0, 0, 1, 0, 24),
(436, 42, 360, 0, 0, 1, 1, 24),
(437, 45, 700, 0, 0, 1, 0, 24),
(438, 605, 840, 0, 0, 1, 0, 24),
(439, 606, 450, 0, 0, 1, 1, 24),
(440, 607, 0, 0, 0, 0, 0, 24),
(441, 608, 700, 3, 2, 1, 1, 24),
(449, 1, 480, 0, 0, 1, 0, 23),
(450, 2, 480, 0, 0, 1, 1, 23),
(451, 3, 800, 0, 0, 1, 0, 23),
(452, 4, 800, 0, 0, 1, 1, 23),
(453, 5, 640, 0, 0, 1, 1, 23),
(454, 6, 320, 0, 0, 1, 0, 23),
(455, 7, 960, 0, 0, 1, 0, 23),
(456, 8, 0, 0, 0, 0, 0, 23),
(457, 9, 900, 0, 0, 1, 1, 23),
(458, 10, 700, 0, 0, 1, 1, 23),
(459, 11, 450, 0, 0, 1, 0, 23),
(460, 12, 960, 0, 0, 1, 1, 23),
(461, 13, 600, 0, 0, 1, 1, 23),
(462, 14, 750, 0, 0, 1, 1, 23),
(463, 15, 750, 0, 0, 1, 0, 23),
(464, 16, 600, 0, 0, 1, 0, 23),
(465, 17, 420, 0, 0, 1, 0, 23),
(466, 18, 600, 0, 0, 1, 0, 23),
(467, 19, 750, 0, 0, 1, 1, 23),
(468, 20, 700, 0, 0, 1, 0, 23),
(469, 21, 840, 0, 0, 1, 0, 23),
(470, 22, 700, 0, 0, 1, 0, 23),
(471, 23, 0, 0, 0, 0, 0, 23),
(472, 25, 390, 0, 0, 1, 0, 23),
(473, 26, 700, 0, 0, 1, 0, 23),
(474, 27, 700, 0, 0, 1, 0, 23),
(475, 28, 560, 0, 0, 1, 1, 23),
(476, 29, 560, 0, 0, 1, 1, 23),
(477, 31, 700, 0, 0, 1, 1, 23),
(478, 32, 520, 0, 0, 1, 0, 23),
(479, 33, 520, 0, 0, 1, 0, 23),
(480, 34, 650, 0, 0, 1, 0, 23),
(481, 35, 410, 0, 0, 1, 1, 23),
(482, 36, 390, 0, 0, 1, 0, 23),
(483, 37, 650, 0, 0, 1, 1, 23),
(484, 38, 520, 0, 0, 1, 0, 23),
(485, 39, 520, 0, 0, 1, 1, 23),
(486, 40, 520, 0, 0, 1, 1, 23),
(487, 41, 0, 0, 0, 0, 0, 23),
(488, 42, 550, 0, 0, 1, 0, 23),
(489, 45, 560, 0, 0, 1, 1, 23),
(490, 605, 0, 0, 0, 0, 0, 23),
(491, 606, 0, 0, 0, 0, 0, 23),
(492, 609, 0, 0, 0, 0, 0, 23),
(493, 609, 0, 0, 0, 0, 0, 24),
(494, 1, 640, 3, 1, 1, 1, 25),
(495, 2, 800, 3, 2, 1, 1, 25),
(496, 3, 800, 3, 2, 1, 1, 25),
(497, 4, 640, 3, 1, 1, 1, 25),
(498, 5, 600, 3, 1, 1, 0, 25),
(499, 6, 320, 2, 0, 1, 0, 25),
(500, 7, 640, 3, 1, 1, 0, 25),
(501, 8, 0, 0, 0, 0, 0, 25),
(502, 9, 600, 3, 2, 1, 1, 25),
(503, 10, 750, 3, 2, 1, 0, 25),
(504, 11, 750, 3, 2, 1, 1, 25),
(505, 12, 750, 3, 2, 1, 1, 25),
(506, 13, 150, 1, 0, 2, 1, 25),
(507, 14, 960, 3, 3, 1, 1, 25),
(508, 15, 600, 3, 1, 1, 0, 25),
(509, 16, 600, 3, 1, 1, 1, 25),
(510, 17, 750, 3, 2, 1, 0, 25),
(511, 18, 750, 3, 2, 1, 1, 25),
(512, 19, 0, 0, 0, 0, 0, 25),
(513, 20, 0, 0, 0, 0, 0, 25),
(514, 21, 700, 3, 2, 1, 1, 25),
(515, 22, 560, 3, 1, 1, 0, 25),
(516, 23, 0, 0, 0, 0, 0, 25),
(517, 25, 560, 3, 1, 0, 0, 25),
(518, 26, 0, 0, 0, 0, 0, 25),
(519, 27, 700, 3, 2, 1, 1, 25),
(520, 28, 700, 3, 2, 2, 2, 25),
(521, 29, 700, 3, 2, 1, 0, 25),
(522, 31, 560, 3, 1, 1, 0, 25),
(523, 32, 520, 3, 1, 2, 1, 25),
(524, 33, 0, 0, 0, 0, 0, 25),
(525, 34, 520, 3, 1, 1, 1, 25),
(526, 35, 280, 1, 1, 1, 1, 25),
(527, 36, 520, 1, 0, 1, 0, 25),
(528, 37, 130, 1, 0, 0, 0, 25),
(529, 38, 0, 0, 0, 0, 0, 25),
(530, 39, 390, 3, 0, 1, 0, 25),
(531, 40, 650, 3, 2, 1, 1, 25),
(532, 41, 360, 2, 1, 2, 0, 25),
(533, 42, 720, 3, 3, 1, 0, 25),
(534, 45, 560, 3, 1, 1, 1, 25),
(535, 605, 700, 3, 3, 1, 0, 25),
(536, 606, 0, 0, 0, 0, 0, 25),
(537, 609, 420, 3, 0, 1, 1, 25),
(538, 1, 800, 3, 2, 1, 1, 26),
(539, 2, 640, 3, 1, 1, 1, 26),
(540, 3, 960, 3, 3, 1, 0, 26),
(541, 4, 800, 3, 2, 1, 1, 26),
(542, 5, 960, 3, 3, 1, 0, 26),
(543, 6, 160, 1, 0, 1, 1, 26),
(544, 7, 960, 3, 3, 1, 1, 26),
(545, 8, 0, 0, 0, 0, 0, 26),
(546, 9, 750, 3, 2, 1, 0, 26),
(547, 10, 0, 0, 0, 0, 0, 26),
(548, 11, 800, 3, 2, 1, 1, 26),
(549, 12, 600, 3, 1, 1, 1, 26),
(550, 13, 0, 0, 0, 0, 0, 26),
(551, 14, 640, 3, 1, 1, 1, 26),
(552, 15, 600, 3, 1, 1, 1, 26),
(553, 16, 450, 3, 0, 2, 1, 26),
(554, 17, 560, 3, 1, 2, 2, 26),
(555, 18, 450, 3, 0, 1, 0, 26),
(556, 19, 280, 2, 0, 1, 1, 26),
(557, 20, 560, 3, 1, 1, 0, 26),
(558, 21, 420, 3, 0, 1, 0, 26),
(559, 22, 750, 3, 2, 1, 0, 26),
(560, 23, 700, 3, 2, 1, 1, 26),
(561, 25, 560, 3, 1, 0, 0, 26),
(562, 26, 0, 0, 0, 0, 0, 26),
(563, 27, 840, 3, 3, 1, 1, 26),
(564, 28, 560, 3, 1, 1, 0, 26),
(565, 29, 600, 3, 1, 2, 0, 26),
(566, 31, 560, 3, 1, 2, 0, 26),
(567, 32, 780, 3, 3, 1, 1, 26),
(568, 33, 420, 3, 0, 1, 1, 26),
(569, 34, 520, 3, 1, 1, 0, 26),
(570, 35, 140, 1, 0, 1, 1, 26),
(571, 36, 520, 3, 1, 1, 0, 26),
(572, 37, 650, 3, 2, 1, 1, 26),
(573, 38, 390, 3, 0, 1, 1, 26),
(574, 39, 520, 3, 1, 1, 0, 26),
(575, 40, 520, 3, 1, 1, 0, 26),
(576, 41, 0, 0, 0, 0, 0, 26),
(577, 42, 600, 3, 2, 1, 1, 26),
(578, 45, 700, 3, 2, 1, 0, 26),
(579, 605, 700, 3, 2, 1, 1, 26),
(580, 609, 840, 3, 3, 1, 1, 26),
(581, 611, 0, 0, 0, 0, 0, 26),
(582, 1, 800, 3, 2, 1, 0, 27),
(583, 2, 640, 3, 1, 2, 1, 27),
(584, 3, 480, 3, 0, 1, 0, 27),
(585, 4, 640, 3, 1, 2, 2, 27),
(586, 5, 800, 3, 2, 1, 1, 27),
(587, 6, 160, 1, 0, 1, 1, 27),
(588, 7, 640, 3, 1, 1, 1, 27),
(589, 8, 0, 0, 0, 0, 0, 27),
(590, 9, 600, 3, 1, 1, 0, 27),
(591, 10, 800, 3, 2, 1, 0, 27),
(592, 11, 800, 3, 2, 1, 1, 27),
(593, 12, 640, 3, 1, 1, 0, 27),
(594, 13, 0, 0, 0, 0, 0, 27),
(595, 14, 450, 3, 0, 1, 0, 27),
(596, 15, 750, 3, 2, 1, 1, 27),
(597, 16, 0, 0, 0, 0, 0, 27),
(598, 17, 560, 3, 1, 1, 0, 27),
(599, 18, 600, 3, 1, 1, 0, 27),
(600, 19, 840, 3, 3, 1, 0, 27),
(601, 20, 840, 3, 3, 1, 0, 27),
(602, 21, 700, 3, 2, 1, 1, 27),
(603, 22, 600, 3, 1, 1, 1, 27),
(604, 23, 0, 0, 0, 0, 0, 27),
(605, 25, 700, 3, 2, 1, 0, 27),
(606, 26, 560, 3, 1, 1, 0, 27),
(607, 27, 450, 3, 0, 1, 1, 27),
(608, 28, 0, 0, 0, 0, 0, 27),
(609, 29, 560, 3, 1, 1, 0, 27),
(610, 31, 560, 3, 1, 1, 0, 27),
(611, 32, 650, 3, 2, 1, 0, 27),
(612, 33, 0, 0, 0, 0, 0, 27),
(613, 34, 650, 3, 2, 1, 1, 27),
(614, 35, 0, 0, 0, 0, 0, 27),
(615, 36, 390, 3, 0, 2, 0, 27),
(616, 37, 520, 3, 1, 1, 1, 27),
(617, 38, 0, 0, 0, 0, 0, 27),
(618, 39, 520, 3, 1, 1, 1, 27),
(619, 40, 560, 3, 1, 1, 0, 27),
(620, 41, 240, 1, 1, 1, 1, 27),
(621, 42, 480, 3, 1, 1, 0, 27),
(622, 45, 420, 3, 0, 1, 1, 27),
(623, 605, 840, 3, 3, 1, 1, 27),
(624, 609, 560, 3, 1, 1, 1, 27),
(625, 611, 700, 3, 2, 0, 0, 27),
(626, 612, 450, 2, 1, 0, 0, 27),
(627, 1, 800, 3, 2, 1, 1, 28),
(628, 2, 640, 3, 1, 1, 1, 28),
(629, 3, 800, 3, 0, 1, 1, 28),
(630, 4, 800, 3, 1, 1, 1, 28),
(631, 5, 640, 3, 2, 1, 0, 28),
(632, 6, 640, 3, 3, 2, 1, 28),
(633, 7, 960, 3, 3, 1, 1, 28),
(634, 8, 0, 0, 0, 0, 0, 28),
(635, 9, 750, 3, 2, 1, 0, 28),
(636, 10, 800, 3, 2, 1, 1, 28),
(637, 11, 640, 3, 1, 1, 1, 28),
(638, 12, 640, 3, 1, 1, 1, 28),
(639, 13, 0, 0, 0, 0, 0, 28),
(640, 14, 450, 3, 0, 1, 1, 28),
(641, 15, 640, 3, 1, 1, 1, 28),
(642, 16, 300, 1, 1, 2, 1, 28),
(643, 17, 560, 3, 1, 1, 0, 28),
(644, 18, 600, 3, 1, 1, 0, 28),
(645, 19, 560, 3, 1, 1, 0, 28),
(646, 20, 700, 3, 2, 1, 0, 28),
(647, 21, 700, 3, 2, 1, 1, 28),
(648, 22, 580, 3, 1, 1, 0, 28),
(649, 23, 0, 0, 0, 0, 0, 28),
(650, 25, 700, 3, 2, 1, 0, 28),
(651, 26, 0, 0, 0, 0, 0, 28),
(652, 27, 750, 3, 2, 1, 1, 28),
(653, 28, 560, 3, 1, 1, 1, 28),
(654, 29, 840, 3, 3, 1, 0, 28),
(655, 31, 560, 3, 1, 1, 0, 28),
(656, 32, 520, 3, 1, 1, 1, 28),
(657, 33, 0, 0, 0, 0, 0, 28),
(658, 34, 650, 3, 2, 1, 1, 28),
(659, 35, 0, 0, 0, 0, 0, 28),
(660, 36, 520, 3, 1, 1, 0, 28),
(661, 37, 390, 2, 1, 1, 1, 28),
(662, 38, 0, 0, 0, 0, 0, 28),
(663, 39, 650, 3, 2, 1, 1, 28),
(664, 40, 840, 3, 3, 1, 1, 28),
(665, 41, 720, 3, 3, 1, 0, 28),
(666, 42, 650, 3, 2, 1, 0, 28),
(667, 45, 700, 3, 3, 1, 1, 28),
(668, 605, 0, 0, 0, 0, 0, 28),
(669, 609, 600, 3, 1, 1, 0, 28),
(670, 973, 800, 3, 3, 1, 1, 28),
(671, 1, 800, 3, 2, 1, 0, 29),
(672, 2, 640, 3, 1, 1, 0, 29),
(673, 3, 640, 3, 1, 1, 1, 29),
(674, 4, 480, 3, 0, 1, 1, 29),
(675, 5, 0, 0, 0, 0, 0, 29),
(676, 6, 640, 1, 0, 2, 0, 29),
(677, 7, 320, 1, 1, 2, 1, 29),
(678, 8, 800, 3, 3, 2, 1, 29),
(679, 9, 450, 3, 0, 1, 0, 29),
(680, 10, 480, 3, 1, 2, 1, 29),
(681, 11, 750, 3, 3, 0, 0, 29),
(682, 12, 800, 3, 2, 1, 1, 29),
(683, 13, 0, 0, 0, 0, 0, 29),
(684, 14, 600, 3, 1, 1, 0, 29),
(685, 15, 800, 3, 2, 1, 0, 29),
(686, 16, 750, 3, 2, 1, 0, 29),
(687, 17, 420, 3, 0, 1, 0, 29),
(688, 18, 150, 1, 1, 2, 0, 29),
(689, 19, 140, 1, 0, 1, 1, 29),
(690, 20, 700, 3, 2, 1, 0, 29),
(691, 21, 560, 3, 1, 1, 0, 29),
(692, 22, 700, 3, 3, 1, 0, 29),
(693, 23, 0, 0, 0, 0, 0, 29),
(694, 25, 0, 0, 0, 0, 0, 29),
(695, 26, 0, 0, 0, 0, 0, 29),
(696, 27, 600, 3, 2, 2, 1, 29),
(697, 28, 700, 3, 2, 1, 0, 29),
(698, 29, 700, 3, 2, 1, 1, 29),
(699, 31, 420, 3, 0, 1, 0, 29),
(700, 32, 130, 1, 0, 0, 0, 29),
(701, 33, 0, 0, 0, 0, 0, 29),
(702, 34, 390, 2, 1, 1, 1, 29),
(703, 35, 0, 0, 0, 0, 0, 29),
(704, 36, 650, 3, 2, 1, 1, 29),
(705, 37, 650, 3, 2, 1, 0, 29),
(706, 38, 0, 0, 0, 0, 0, 29),
(707, 39, 650, 3, 2, 2, 1, 29),
(708, 40, 700, 3, 2, 1, 0, 29),
(709, 41, 120, 1, 0, 1, 0, 29),
(710, 42, 600, 3, 2, 1, 0, 29),
(711, 45, 0, 0, 0, 0, 0, 29),
(712, 605, 560, 3, 1, 1, 1, 29),
(713, 609, 960, 1, 1, 1, 1, 29),
(714, 973, 0, 0, 0, 0, 0, 29),
(715, 1, 640, 3, 1, 1, 1, 30),
(716, 2, 800, 3, 2, 1, 0, 30),
(717, 3, 800, 3, 2, 2, 1, 30),
(718, 4, 480, 3, 0, 1, 1, 30),
(719, 5, 640, 3, 1, 1, 1, 30),
(720, 6, 640, 3, 1, 1, 0, 30),
(721, 7, 640, 3, 1, 1, 0, 30),
(722, 8, 640, 3, 1, 1, 0, 30),
(723, 9, 800, 3, 2, 1, 0, 30),
(724, 10, 640, 3, 1, 1, 1, 30),
(725, 11, 800, 3, 2, 1, 1, 30),
(726, 12, 800, 3, 2, 1, 1, 30),
(727, 13, 0, 0, 0, 0, 0, 30),
(728, 14, 600, 3, 1, 1, 0, 30),
(729, 15, 800, 3, 2, 2, 2, 30),
(730, 16, 450, 3, 0, 1, 0, 30),
(731, 17, 560, 3, 1, 1, 0, 30),
(732, 18, 450, 1, 0, 1, 1, 30),
(733, 19, 450, 3, 0, 1, 0, 30),
(734, 20, 750, 3, 2, 1, 1, 30),
(735, 21, 700, 3, 2, 1, 1, 30),
(736, 22, 840, 3, 3, 1, 0, 30),
(737, 23, 0, 0, 0, 0, 0, 30),
(738, 25, 0, 0, 0, 0, 0, 30),
(739, 26, 420, 2, 1, 1, 1, 30),
(740, 27, 700, 3, 2, 1, 1, 30),
(741, 28, 700, 3, 2, 1, 1, 30),
(742, 29, 700, 3, 2, 1, 1, 30),
(743, 31, 560, 3, 1, 1, 0, 30),
(744, 32, 0, 0, 0, 0, 0, 30),
(745, 33, 280, 1, 1, 1, 0, 30),
(746, 34, 780, 3, 3, 1, 0, 30),
(747, 35, 0, 0, 0, 0, 0, 30),
(748, 36, 520, 3, 1, 1, 1, 30),
(749, 37, 780, 3, 3, 2, 1, 30),
(750, 38, 0, 0, 0, 0, 0, 30),
(751, 39, 520, 3, 1, 1, 0, 30),
(752, 40, 700, 3, 2, 1, 0, 30),
(753, 41, 360, 3, 0, 0, 0, 30),
(754, 42, 600, 3, 2, 1, 0, 30),
(755, 45, 700, 3, 2, 1, 0, 30),
(756, 605, 560, 3, 1, 1, 1, 30),
(757, 609, 640, 3, 1, 1, 0, 30),
(758, 973, 0, 0, 0, 0, 0, 30),
(759, 975, 0, 0, 0, 0, 0, 30),
(760, 976, 560, 3, 1, 1, 1, 30),
(761, 1, 800, 3, 2, 1, 0, 31),
(762, 2, 800, 3, 2, 1, 0, 31),
(763, 3, 960, 3, 3, 1, 1, 31),
(764, 4, 640, 3, 1, 1, 1, 31),
(765, 5, 320, 1, 1, 1, 1, 31),
(766, 6, 480, 2, 1, 1, 0, 31),
(767, 7, 800, 3, 2, 1, 1, 31),
(768, 8, 800, 3, 2, 1, 1, 31),
(769, 9, 800, 3, 2, 1, 1, 31),
(770, 10, 640, 3, 1, 1, 1, 31),
(771, 11, 800, 3, 2, 1, 1, 31),
(772, 12, 640, 3, 1, 1, 1, 31),
(773, 13, 0, 0, 0, 0, 0, 31),
(774, 14, 800, 3, 2, 1, 0, 31),
(775, 15, 640, 3, 1, 1, 1, 31),
(776, 16, 450, 3, 0, 0, 0, 31),
(777, 17, 750, 3, 2, 1, 0, 31),
(778, 18, 600, 3, 1, 1, 0, 31),
(779, 19, 840, 3, 3, 1, 1, 31),
(780, 20, 450, 3, 0, 1, 1, 31),
(781, 21, 700, 3, 2, 1, 0, 31),
(782, 22, 0, 0, 0, 0, 0, 31),
(783, 23, 0, 0, 0, 0, 0, 31),
(784, 25, 700, 3, 2, 1, 0, 31),
(785, 26, 0, 0, 0, 0, 0, 31),
(786, 27, 840, 3, 3, 1, 1, 31),
(787, 28, 560, 3, 1, 1, 1, 31),
(788, 29, 420, 3, 0, 1, 1, 31),
(789, 31, 700, 3, 2, 1, 0, 31),
(790, 32, 0, 0, 0, 0, 0, 31),
(791, 33, 0, 0, 0, 0, 0, 31),
(792, 34, 520, 3, 1, 1, 0, 31),
(793, 35, 0, 0, 0, 0, 0, 31),
(794, 36, 560, 3, 1, 1, 1, 31),
(795, 37, 700, 3, 2, 1, 0, 31),
(796, 38, 0, 0, 0, 0, 0, 31),
(797, 39, 520, 3, 1, 1, 0, 31),
(798, 40, 420, 3, 0, 1, 1, 31),
(799, 41, 0, 0, 0, 0, 0, 31),
(800, 42, 600, 3, 2, 1, 1, 31),
(801, 45, 750, 3, 2, 1, 0, 31),
(802, 605, 0, 0, 0, 0, 0, 31),
(803, 609, 900, 3, 3, 1, 0, 31),
(804, 973, 800, 3, 2, 1, 1, 31),
(805, 975, 0, 0, 0, 0, 0, 31),
(806, 976, 840, 3, 3, 1, 0, 31),
(807, 977, 840, 3, 3, 1, 0, 31),
(808, 1, 800, 3, 2, 1, 0, 32),
(809, 2, 640, 3, 1, 1, 0, 32),
(810, 3, 960, 3, 3, 1, 0, 32),
(811, 4, 800, 3, 2, 1, 0, 32),
(812, 5, 480, 3, 0, 1, 0, 32),
(813, 6, 800, 3, 2, 1, 0, 32),
(814, 7, 480, 3, 0, 1, 0, 32),
(815, 8, 640, 3, 1, 1, 0, 32),
(816, 9, 640, 3, 1, 1, 0, 32),
(817, 10, 640, 3, 1, 1, 0, 32),
(818, 11, 800, 3, 2, 1, 0, 32),
(819, 12, 0, 0, 0, 0, 0, 32),
(820, 13, 0, 0, 0, 0, 0, 32),
(821, 14, 640, 3, 1, 1, 0, 32),
(822, 15, 800, 3, 2, 1, 1, 32),
(823, 16, 0, 0, 0, 0, 0, 32),
(824, 17, 750, 3, 2, 1, 0, 32),
(825, 18, 750, 3, 2, 1, 0, 32),
(826, 19, 560, 3, 1, 2, 2, 32),
(827, 20, 750, 3, 2, 1, 1, 32),
(828, 21, 840, 3, 3, 1, 1, 32),
(829, 22, 700, 3, 2, 1, 0, 32),
(830, 25, 560, 3, 1, 1, 0, 32),
(831, 26, 560, 3, 1, 1, 0, 32),
(832, 27, 840, 3, 3, 1, 0, 32),
(833, 28, 700, 3, 2, 1, 1, 32),
(834, 29, 600, 3, 1, 1, 0, 32),
(835, 31, 700, 3, 2, 1, 1, 32),
(836, 32, 520, 3, 1, 1, 1, 32),
(837, 33, 0, 0, 0, 0, 0, 32),
(838, 34, 650, 3, 2, 1, 1, 32),
(839, 35, 0, 0, 0, 0, 0, 32),
(840, 36, 700, 3, 2, 0, 0, 32),
(841, 37, 0, 0, 0, 0, 0, 32),
(842, 38, 0, 0, 0, 0, 0, 32),
(843, 39, 260, 2, 0, 1, 0, 32),
(844, 40, 560, 3, 1, 1, 1, 32),
(845, 41, 0, 0, 0, 0, 0, 32),
(846, 42, 480, 3, 1, 1, 0, 32),
(847, 45, 0, 0, 0, 0, 0, 32),
(848, 605, 0, 0, 0, 0, 0, 32),
(849, 609, 800, 3, 2, 1, 1, 32),
(850, 973, 0, 0, 0, 0, 0, 32),
(851, 975, 0, 0, 0, 0, 0, 32),
(852, 976, 700, 3, 2, 1, 0, 32),
(853, 977, 560, 3, 1, 1, 1, 32),
(854, 978, 420, 3, 0, 1, 0, 32),
(855, 1, 640, 3, 1, 1, 1, 33),
(856, 2, 640, 3, 1, 1, 1, 33),
(857, 3, 480, 3, 0, 1, 0, 33),
(858, 4, 800, 3, 2, 1, 1, 33),
(859, 5, 960, 3, 3, 1, 0, 33),
(860, 6, 160, 1, 0, 1, 0, 33),
(861, 7, 960, 3, 3, 1, 0, 33),
(862, 8, 640, 3, 1, 1, 0, 33),
(863, 9, 480, 3, 0, 1, 0, 33),
(864, 10, 800, 3, 2, 1, 0, 33),
(865, 11, 640, 3, 1, 1, 0, 33),
(866, 12, 800, 3, 2, 1, 1, 33),
(867, 13, 0, 0, 0, 0, 0, 33),
(868, 14, 480, 3, 0, 1, 1, 33),
(869, 15, 800, 3, 2, 1, 0, 33),
(870, 16, 450, 3, 0, 1, 1, 33),
(871, 17, 600, 3, 1, 1, 1, 33),
(872, 18, 450, 3, 0, 1, 0, 33),
(873, 19, 900, 3, 3, 0, 0, 33),
(874, 20, 150, 1, 0, 1, 0, 33),
(875, 21, 700, 3, 2, 1, 1, 33),
(876, 22, 560, 3, 1, 1, 0, 33),
(877, 25, 560, 3, 1, 1, 0, 33),
(878, 26, 700, 3, 2, 1, 0, 33),
(879, 27, 450, 3, 0, 1, 1, 33),
(880, 28, 750, 3, 2, 1, 0, 33),
(881, 29, 750, 3, 2, 1, 1, 33),
(882, 31, 0, 0, 0, 0, 0, 33),
(883, 32, 840, 3, 3, 1, 0, 33),
(884, 33, 0, 0, 0, 0, 0, 33),
(885, 34, 650, 3, 2, 1, 0, 33),
(886, 35, 0, 0, 0, 0, 0, 33),
(887, 36, 0, 0, 0, 0, 0, 33),
(888, 37, 700, 3, 2, 1, 0, 33),
(889, 38, 0, 0, 0, 0, 0, 33),
(890, 39, 650, 3, 2, 1, 1, 33),
(891, 40, 700, 3, 2, 1, 1, 33),
(892, 41, 480, 3, 1, 0, 0, 33),
(893, 42, 520, 3, 1, 1, 0, 33),
(894, 45, 600, 3, 1, 1, 0, 33),
(895, 605, 750, 3, 2, 1, 0, 33),
(896, 609, 800, 3, 2, 1, 1, 33),
(897, 973, 480, 3, 0, 1, 0, 33),
(898, 976, 560, 3, 1, 1, 1, 33),
(899, 977, 420, 3, 0, 1, 1, 33),
(900, 978, 0, 0, 0, 0, 0, 33),
(901, 1, 800, 3, 2, 1, 1, 34),
(902, 2, 480, 3, 0, 1, 0, 34),
(903, 3, 800, 3, 2, 1, 1, 34),
(904, 4, 800, 3, 2, 1, 1, 34),
(905, 5, 800, 3, 2, 1, 0, 34),
(906, 6, 960, 3, 3, 1, 0, 34),
(907, 7, 480, 3, 0, 1, 0, 34),
(908, 8, 960, 3, 3, 1, 1, 34),
(909, 9, 800, 3, 2, 1, 1, 34),
(910, 10, 640, 3, 1, 0, 0, 34),
(911, 11, 640, 3, 1, 1, 0, 34),
(912, 12, 800, 3, 2, 1, 0, 34),
(913, 13, 0, 0, 0, 0, 0, 34),
(914, 14, 640, 3, 1, 1, 1, 34),
(915, 15, 800, 3, 2, 1, 0, 34),
(916, 16, 800, 3, 2, 1, 1, 34),
(917, 17, 450, 3, 0, 1, 0, 34),
(918, 18, 600, 3, 1, 1, 0, 34),
(919, 19, 480, 3, 0, 1, 0, 34),
(920, 20, 750, 3, 2, 0, 0, 34),
(921, 21, 600, 3, 1, 1, 0, 34),
(922, 22, 600, 3, 1, 1, 0, 34),
(923, 25, 0, 0, 0, 0, 0, 34),
(924, 26, 280, 1, 1, 1, 1, 34),
(925, 27, 750, 3, 2, 1, 1, 34),
(926, 28, 600, 3, 1, 1, 1, 34),
(927, 29, 750, 3, 2, 1, 0, 34),
(928, 31, 0, 0, 0, 0, 0, 34),
(929, 32, 560, 3, 1, 1, 1, 34),
(930, 33, 0, 0, 0, 0, 0, 34),
(931, 34, 650, 3, 2, 1, 0, 34),
(932, 35, 0, 0, 0, 0, 0, 34),
(933, 36, 0, 0, 0, 0, 0, 34),
(934, 37, 560, 3, 1, 1, 0, 34),
(935, 38, 0, 0, 0, 0, 0, 34),
(936, 39, 650, 3, 2, 1, 0, 34),
(937, 40, 700, 3, 2, 1, 0, 34),
(938, 41, 0, 0, 0, 0, 0, 34),
(939, 42, 650, 3, 2, 1, 1, 34),
(940, 45, 560, 3, 1, 1, 0, 34),
(941, 605, 750, 3, 2, 1, 1, 34),
(942, 609, 600, 3, 1, 1, 0, 34),
(943, 973, 640, 3, 1, 1, 0, 34),
(944, 976, 0, 0, 0, 0, 0, 34),
(945, 977, 520, 3, 1, 1, 0, 34),
(946, 978, 0, 0, 0, 0, 0, 34),
(947, 979, 700, 3, 2, 1, 0, 34),
(948, 980, 0, 0, 0, 0, 0, 34),
(949, 981, 0, 0, 0, 0, 0, 34),
(950, 982, 0, 0, 0, 0, 0, 34),
(951, 983, 0, 0, 0, 0, 0, 34),
(952, 1, 0, 0, 0, 0, 0, 35),
(953, 2, 160, 1, 0, 0, 0, 35),
(954, 3, 0, 0, 0, 0, 0, 35),
(955, 4, 800, 3, 2, 0, 0, 35),
(956, 5, 0, 0, 0, 0, 0, 35),
(957, 6, 480, 3, 0, 0, 0, 35),
(958, 7, 0, 0, 0, 0, 0, 35),
(959, 8, 0, 0, 0, 0, 0, 35),
(960, 9, 640, 3, 1, 0, 0, 35),
(961, 10, 640, 3, 1, 0, 0, 35),
(962, 11, 0, 0, 0, 0, 0, 35),
(963, 12, 640, 3, 1, 0, 0, 35),
(964, 13, 0, 0, 0, 0, 0, 35),
(965, 14, 480, 3, 0, 0, 0, 35),
(966, 15, 640, 3, 1, 0, 0, 35),
(967, 16, 450, 3, 0, 0, 0, 35),
(968, 17, 600, 3, 1, 0, 0, 35),
(969, 18, 0, 0, 0, 0, 0, 35),
(970, 19, 0, 0, 0, 0, 0, 35),
(971, 20, 0, 0, 0, 0, 0, 35),
(972, 21, 800, 3, 2, 0, 0, 35),
(973, 22, 450, 3, 0, 0, 0, 35),
(974, 26, 0, 0, 0, 0, 0, 35),
(975, 27, 0, 0, 0, 0, 0, 35),
(976, 28, 0, 0, 0, 0, 0, 35),
(977, 29, 0, 0, 0, 0, 0, 35),
(978, 31, 0, 0, 0, 0, 0, 35),
(979, 32, 0, 0, 0, 0, 0, 35),
(980, 33, 0, 0, 0, 0, 0, 35),
(981, 34, 0, 0, 0, 0, 0, 35),
(982, 35, 280, 1, 1, 0, 0, 35),
(983, 36, 0, 0, 0, 0, 0, 35),
(984, 37, 700, 3, 2, 0, 0, 35),
(985, 38, 0, 0, 0, 0, 0, 35),
(986, 39, 520, 3, 1, 0, 0, 35),
(987, 40, 0, 0, 0, 0, 0, 35),
(988, 42, 390, 3, 0, 0, 0, 35),
(989, 45, 0, 0, 0, 0, 0, 35),
(990, 605, 750, 3, 2, 0, 0, 35),
(991, 609, 0, 0, 0, 0, 0, 35),
(992, 973, 480, 2, 1, 0, 0, 35),
(993, 976, 100, 1, 0, 0, 0, 35),
(994, 977, 650, 3, 2, 0, 0, 35),
(995, 978, 0, 0, 0, 0, 0, 35),
(996, 979, 700, 3, 2, 0, 0, 35),
(997, 980, 560, 3, 1, 0, 0, 35),
(998, 981, 0, 0, 0, 0, 0, 35),
(999, 982, 0, 0, 0, 0, 0, 35),
(1000, 983, 700, 3, 2, 0, 0, 35),
(1001, 984, 840, 3, 3, 0, 0, 35),
(1002, 985, 0, 0, 0, 0, 0, 35);

-- --------------------------------------------------------

--
-- Table structure for table `role`
--

CREATE TABLE `role` (
  `id` int(1) NOT NULL,
  `name` varchar(50) CHARACTER SET utf8 NOT NULL,
  `machine_name` varchar(20) CHARACTER SET utf8 DEFAULT NULL
) ENGINE=InnoDB DEFAULT CHARSET=utf8 COLLATE=utf8_unicode_ci;

--
-- Dumping data for table `role`
--

INSERT INTO `role` (`id`, `name`, `machine_name`) VALUES
(1, 'Chef', 'leader'),
(2, 'Chef Adjoint', 'coLeader'),
(3, 'Ain', 'elder'),
(4, 'Membre', 'member');

-- --------------------------------------------------------

--
-- Table structure for table `standings`
--

CREATE TABLE `standings` (
  `id` int(5) NOT NULL,
  `tag` varchar(10) NOT NULL,
  `name` varchar(35) NOT NULL,
  `participants` int(2) NOT NULL,
  `battles_played` int(2) NOT NULL,
  `battles_won` int(2) NOT NULL,
  `crowns` int(4) NOT NULL,
  `war_trophies` int(5) NOT NULL,
  `war_id` int(5) NOT NULL
) ENGINE=InnoDB DEFAULT CHARSET=latin1;

--
-- Dumping data for table `standings`
--

INSERT INTO `standings` (`id`, `tag`, `name`, `participants`, `battles_played`, `battles_won`, `crowns`, `war_trophies`, `war_id`) VALUES
(1, 'LGCP', 'Aussie Avengers', 36, 35, 18, 37, 1300, 13),
(2, '9RGPL8PC', 'Iron', 37, 28, 18, 37, 894, 13),
(3, '8UQ0ULU', 'Night Wolves', 36, 32, 18, 25, 1399, 13),
(4, 'R8Q8GL', 'CROATIA', 35, 33, 11, 31, 1210, 13),
(5, '8VPG2YQ8', 'Nom Arabe ou chinois', 34, 33, 8, 23, 934, 13),
(6, '9RGPL8PC', 'Iron', 36, 33, 11, 29, 987, 22),
(7, 'P80C2C9', 'royale lol', 33, 33, 22, 44, 1095, 22),
(8, '2LLLUPVJ', 'os lend?rios', 32, 29, 16, 25, 1184, 22),
(9, '8Y80Y0RL', 'Macei? Elit', 32, 34, 16, 31, 1263, 22),
(10, '2JUPGVVR', '?Kings Activos!', 33, 27, 13, 20, 1387, 22),
(11, '2GCCQ2GC', 'Nom Arabe ou chinois', 35, 36, 21, 41, 1158, 23),
(12, '2P98J0CJ', 'Imperio Peruano', 36, 33, 21, 38, 1038, 23),
(13, '2GP8LJ0C', 'Deathly Hallows', 35, 38, 18, 30, 1022, 23),
(14, '9RGPL8PC', 'Iron', 38, 37, 16, 32, 938, 23),
(15, '9YYR088', 'Abbey\'s Army', 34, 28, 5, 14, 1240, 23),
(16, '9RGPL8PC', 'Iron', 42, 42, 22, 43, 925, 24),
(17, 'PLU99U0', 'BRASIL ELITE', 36, 36, 23, 44, 1187, 24),
(18, '908P2J8U', 'TEAM CLASH MT', 38, 39, 17, 40, 1156, 24),
(19, '2L2CGY0Q', '???????????', 37, 40, 22, 37, 1385, 24),
(20, 'YCGCY0Q', 'Sesto Fut Team', 39, 40, 23, 41, 1475, 24),
(21, '8PC89RLG', 'Nom Arabe ou chinois', 40, 37, 25, 46, 1360, 25),
(22, 'P0C2CUQ2', 'nova eSport2.0', 36, 30, 21, 38, 975, 25),
(23, '9RGPL8PC', 'Iron', 36, 38, 21, 41, 932, 25),
(24, '2VUYUJLR', 'Nom Arabe ou chinois', 36, 37, 18, 29, 1493, 25),
(25, 'YPLL200', 'Nom Arabe ou chinois', 40, 37, 21, 34, 1098, 25),
(26, '28J2PUP', 'KSA', 42, 37, 19, 37, 1439, 26),
(27, '9RGPL8PC', 'Iron', 38, 41, 23, 46, 1003, 26),
(28, '9J8YY28', 'The Colt Myth', 36, 38, 22, 38, 1263, 26),
(29, 'QL02RJ9', 'herdez vicio MX', 39, 38, 15, 29, 1409, 26),
(30, '9Y0G2VPC', 'the red master', 35, 35, 9, 21, 1208, 26),
(31, '229R9LQ2', 'TOP BR', 36, 37, 15, 33, 1337, 27),
(32, '9RGPL8PC', 'Iron', 37, 38, 18, 38, 1076, 27),
(33, 'YYQ98Q', '?? ??', 41, 35, 14, 30, 1328, 27),
(34, '2L9U0J8L', 'Nom Arabe ou chinois', 37, 39, 14, 31, 1266, 27),
(35, '2RR0G8YY', 'Legends Royale', 39, 38, 9, 27, 1208, 27),
(36, '9RGPL8PC', 'Iron', 36, 38, 22, 37, 1194, 28),
(37, '9PR0R90P', 'Genei Ryodan', 37, 37, 18, 46, 1453, 28),
(38, '2G92VQ', 'Tesla Supremacy', 38, 35, 20, 35, 1296, 28),
(39, 'PP2GCLQ', 'Nom Arabe ou chinois', 36, 35, 22, 34, 1041, 28),
(40, '8VC0UYV', 'Korea', 35, 31, 12, 28, 1331, 28),
(41, 'GQL2RL', 'Type1', 41, 37, 19, 36, 1019, 29),
(42, '92U98JCR', 'ROOT GAMING', 41, 35, 17, 30, 1359, 29),
(43, '8CRULYCY', 'bachelor', 33, 38, 23, 40, 1211, 29),
(44, '9299CL8J', 'Nom Arabe ou chinois', 31, 35, 14, 31, 1257, 29),
(45, '9RGPL8PC', 'Iron', 34, 39, 14, 29, 1316, 29),
(46, 'C22PCY', 'Nom Arabe ou chinois', 40, 38, 24, 45, 1185, 30),
(47, '9RGPL8PC', 'Iron', 38, 40, 20, 34, 1250, 30),
(48, 'GQL2RL', 'Type1', 41, 39, 11, 29, 1089, 30),
(49, '9LG8LJ0P', 'NOVA I ELITE', 38, 37, 11, 24, 1255, 30),
(50, '8CG9R9LP', 'Power clash', 39, 31, 12, 27, 963, 30),
(51, '8YGPUCCY', 'Royale Team', 35, 33, 18, 30, 1354, 31),
(52, '99RGPVVQ', 'INVENC?VEIS', 35, 35, 18, 36, 1471, 31),
(53, 'RRUY8J', 'Red Raiders', 36, 32, 21, 41, 1287, 31),
(54, '8CG9R9LP', 'Power clash', 35, 26, 13, 27, 960, 31),
(55, '9RGPL8PC', 'Iron', 36, 35, 19, 41, 1320, 31),
(56, '9UY0QP9L', 'UNIVERSO 7', 32, 33, 22, 46, 1460, 32),
(57, '99GU80JY', 'Exiliados clan', 33, 33, 12, 19, 968, 32),
(58, '9RGPL8PC', 'Iron', 35, 35, 12, 22, 1389, 32),
(59, '9RGUC9QL', 'MEXICAN EMPIRE', 36, 32, 20, 36, 1391, 32),
(60, 'U00YUV', 'America', 36, 31, 17, 30, 1220, 32),
(61, '2CLQQYPP', 'Fam?lia BR', 35, 36, 21, 39, 1000, 33),
(62, '9YRVR2LG', '??', 37, 35, 17, 38, 951, 33),
(63, '2998CG0J', 'ARGENTOS', 38, 37, 19, 40, 1344, 33),
(64, '8VGUV9QV', 'the ultimate', 38, 37, 19, 31, 1314, 33),
(65, '9RGPL8PC', 'Iron', 39, 37, 15, 34, 1361, 33),
(66, '8P8VJVLL', 'MTwins', 34, 34, 14, 37, 1202, 34),
(67, '8VGUV9QV', 'the ultimate', 36, 34, 13, 22, 1313, 34),
(68, '9RGPL8PC', 'Iron', 37, 35, 13, 30, 1296, 34),
(69, '2JPLPRR9', 'ItasPro', 35, 30, 14, 24, 1201, 34),
(70, '9C80VPVR', 'Per? legends', 37, 33, 14, 26, 1249, 34);

-- --------------------------------------------------------

--
-- Table structure for table `war`
--

CREATE TABLE `war` (
  `id` int(4) NOT NULL,
  `created` int(15) NOT NULL,
  `past_war` tinyint(1) NOT NULL COMMENT 'boolean, vrai si c''est une ancienne guerre'
) ENGINE=InnoDB DEFAULT CHARSET=latin1;

--
-- Dumping data for table `war`
--

INSERT INTO `war` (`id`, `created`, `past_war`) VALUES
(12, 1530223645, 1),
(13, 1530396482, 1),
(22, 1530569765, 1),
(23, 1530743005, 1),
(24, 1530916877, 1),
(25, 1531090228, 1),
(26, 1531263126, 1),
(27, 1531435947, 1),
(28, 1531609438, 1),
(29, 1531782263, 1),
(30, 1531955107, 1),
(31, 1532127930, 1),
(32, 1532300751, 1),
(33, 1532473646, 1),
(34, 1532646488, 1),
(35, 0, 0);

-- --------------------------------------------------------

--
-- Table structure for table `war_decks`
--

CREATE TABLE `war_decks` (
  `id` int(11) NOT NULL,
  `deck_id` int(11) NOT NULL,
  `war_id` int(11) NOT NULL
) ENGINE=InnoDB DEFAULT CHARSET=latin1 COMMENT='Table de jointure - quel deck est dans quelle guerre';

--
-- Dumping data for table `war_decks`
--

INSERT INTO `war_decks` (`id`, `deck_id`, `war_id`) VALUES
(1, 98, 25),
(2, 99, 25),
(3, 100, 25),
(4, 101, 25),
(5, 102, 25),
(6, 103, 25),
(7, 104, 25),
(8, 105, 25),
(9, 106, 25),
(10, 107, 25),
(11, 108, 25),
(12, 109, 25),
(13, 110, 25),
(14, 111, 25),
(15, 112, 25),
(16, 113, 25),
(17, 114, 25),
(18, 115, 25),
(19, 116, 25),
(20, 117, 25),
(21, 118, 25),
(22, 119, 25),
(23, 120, 25),
(24, 121, 25),
(25, 124, 25),
(26, 125, 25),
(27, 128, 25),
(28, 135, 26),
(29, 136, 26),
(30, 137, 26),
(31, 138, 26),
(32, 139, 26),
(33, 140, 26),
(34, 141, 26),
(35, 142, 26),
(36, 143, 26),
(37, 144, 26),
(38, 145, 26),
(39, 146, 26),
(40, 147, 26),
(41, 148, 26),
(42, 149, 26),
(43, 150, 26),
(44, 151, 26),
(45, 152, 26),
(46, 153, 26),
(47, 154, 26),
(48, 155, 26),
(49, 156, 26),
(50, 157, 26),
(51, 158, 26),
(52, 159, 26),
(53, 160, 26),
(54, 161, 26),
(55, 162, 26),
(56, 163, 26),
(57, 164, 26),
(58, 165, 26),
(59, 166, 26),
(60, 167, 26),
(61, 168, 26),
(62, 171, 27),
(63, 172, 27),
(64, 173, 27),
(65, 174, 27),
(66, 175, 27),
(67, 176, 27),
(68, 177, 27),
(69, 178, 27),
(70, 179, 27),
(71, 180, 27),
(72, 181, 27),
(73, 182, 27),
(74, 183, 27),
(75, 184, 27),
(76, 185, 27),
(77, 186, 27),
(78, 187, 27),
(79, 188, 27),
(80, 189, 27),
(81, 190, 27),
(82, 191, 27),
(83, 192, 27),
(84, 193, 27),
(85, 194, 27),
(86, 195, 27),
(87, 196, 27),
(88, 197, 27),
(89, 198, 27),
(90, 199, 27),
(91, 200, 27),
(92, 201, 27),
(93, 202, 27),
(94, 205, 28),
(95, 206, 28),
(96, 207, 28),
(97, 209, 28),
(98, 210, 28),
(99, 211, 28),
(100, 212, 28),
(101, 213, 28),
(102, 214, 28),
(103, 215, 28),
(104, 216, 28),
(105, 217, 28),
(106, 218, 28),
(107, 219, 28),
(108, 220, 28),
(109, 221, 28),
(110, 222, 28),
(111, 223, 28),
(112, 224, 28),
(113, 225, 28),
(114, 226, 28),
(115, 227, 28),
(116, 228, 28),
(117, 229, 28),
(118, 230, 28),
(119, 231, 28),
(120, 232, 28),
(121, 233, 28),
(122, 234, 28),
(123, 235, 28),
(124, 236, 28),
(125, 237, 29),
(126, 238, 29),
(127, 239, 29),
(128, 240, 29),
(129, 241, 29),
(130, 242, 29),
(131, 243, 29),
(132, 244, 29),
(133, 245, 29),
(134, 246, 29),
(135, 247, 29),
(136, 248, 29),
(137, 249, 29),
(138, 250, 29),
(139, 251, 29),
(140, 252, 29),
(141, 253, 29),
(142, 254, 29),
(143, 255, 29),
(144, 256, 29),
(145, 257, 29),
(146, 258, 29),
(147, 259, 29),
(148, 260, 29),
(149, 261, 29),
(150, 262, 29),
(151, 263, 29),
(152, 264, 29),
(153, 265, 29),
(154, 266, 29),
(155, 267, 29),
(156, 268, 29),
(157, 269, 30),
(158, 270, 30),
(159, 271, 30),
(160, 272, 30),
(161, 273, 30),
(162, 274, 30),
(163, 275, 30),
(164, 276, 30),
(165, 277, 30),
(166, 278, 30),
(167, 279, 30),
(168, 280, 30),
(169, 281, 30),
(170, 282, 30),
(171, 283, 30),
(172, 284, 30),
(173, 285, 30),
(174, 286, 30),
(175, 287, 30),
(176, 288, 30),
(177, 289, 30),
(178, 290, 30),
(179, 291, 30),
(180, 292, 30),
(181, 293, 30),
(182, 294, 30),
(183, 295, 30),
(184, 296, 30),
(185, 297, 30),
(186, 298, 30),
(187, 299, 30),
(188, 300, 30),
(189, 301, 30),
(190, 302, 30),
(191, 303, 30),
(192, 304, 30),
(193, 305, 31),
(194, 306, 31),
(195, 307, 31),
(196, 308, 31),
(197, 309, 31),
(198, 310, 31),
(199, 311, 31),
(200, 312, 31),
(201, 313, 31),
(202, 314, 31),
(203, 315, 31),
(204, 316, 31),
(205, 317, 31),
(206, 318, 31),
(207, 319, 31),
(208, 320, 31),
(209, 321, 31),
(210, 322, 31),
(211, 323, 31),
(212, 324, 31),
(213, 325, 31),
(214, 326, 31),
(215, 327, 31),
(216, 328, 31),
(217, 330, 31),
(218, 331, 31),
(219, 332, 31),
(220, 333, 31),
(221, 334, 31),
(222, 335, 31),
(223, 336, 31),
(224, 337, 32),
(225, 338, 32),
(226, 339, 32),
(227, 340, 32),
(228, 341, 32),
(229, 342, 32),
(230, 343, 32),
(231, 344, 32),
(232, 345, 32),
(233, 346, 32),
(234, 347, 32),
(235, 348, 32),
(236, 349, 32),
(237, 350, 32),
(238, 351, 32),
(239, 352, 32),
(240, 353, 32),
(241, 354, 32),
(242, 355, 32),
(243, 356, 32),
(244, 357, 32),
(245, 358, 32),
(246, 359, 32),
(247, 360, 32),
(248, 361, 32),
(249, 362, 32),
(250, 363, 32),
(251, 364, 32),
(252, 365, 32),
(253, 366, 32),
(254, 367, 32),
(255, 370, 33),
(256, 371, 33),
(257, 372, 33),
(258, 373, 33),
(259, 374, 33),
(260, 375, 33),
(261, 376, 33),
(262, 377, 33),
(263, 378, 33),
(264, 379, 33),
(265, 380, 33),
(266, 381, 33),
(267, 382, 33),
(268, 383, 33),
(269, 384, 33),
(270, 385, 33),
(271, 386, 33),
(272, 387, 33),
(273, 388, 33),
(274, 389, 33),
(275, 390, 33),
(276, 391, 33),
(277, 392, 33),
(278, 393, 33),
(279, 394, 33),
(280, 395, 33),
(281, 396, 33),
(282, 397, 33),
(283, 398, 33),
(284, 399, 33),
(285, 400, 33),
(286, 401, 33),
(287, 402, 33),
(288, 403, 33),
(289, 406, 34),
(290, 407, 34),
(291, 408, 34),
(292, 409, 34),
(293, 410, 34),
(294, 411, 34),
(295, 412, 34),
(296, 413, 34),
(297, 414, 34),
(298, 415, 34),
(299, 416, 34),
(300, 417, 34),
(301, 418, 34),
(302, 419, 34),
(303, 420, 34),
(304, 421, 34),
(305, 422, 34),
(306, 423, 34),
(307, 424, 34),
(308, 425, 34),
(309, 426, 34),
(310, 427, 34),
(311, 428, 34),
(312, 429, 34),
(313, 430, 34),
(314, 431, 34),
(315, 432, 34),
(316, 433, 34),
(317, 434, 34),
(318, 435, 34),
(319, 436, 34),
(320, 437, 34),
(321, 438, 34),
(322, 439, 34);

--
-- Indexes for dumped tables
--

--
-- Indexes for table `arena`
--
ALTER TABLE `arena`
  ADD PRIMARY KEY (`id`),
  ADD KEY `arena_id` (`arena_id`);

--
-- Indexes for table `cards`
--
ALTER TABLE `cards`
  ADD PRIMARY KEY (`id`),
  ADD KEY `arena` (`arena`),
  ADD KEY `cr_id` (`cr_id`),
  ADD KEY `card_key` (`card_key`);

--
-- Indexes for table `card_deck`
--
ALTER TABLE `card_deck`
  ADD PRIMARY KEY (`id`),
  ADD KEY `card_id` (`card_id`),
  ADD KEY `deck_id` (`deck_id`);

--
-- Indexes for table `card_level`
--
ALTER TABLE `card_level`
  ADD PRIMARY KEY (`id`);

--
-- Indexes for table `decks`
--
ALTER TABLE `decks`
  ADD PRIMARY KEY (`id`),
  ADD KEY `player_id` (`player_id`);

--
-- Indexes for table `deck_results`
--
ALTER TABLE `deck_results`
  ADD PRIMARY KEY (`id`),
  ADD KEY `deck_id` (`deck_id`);

--
-- Indexes for table `last_updated`
--
ALTER TABLE `last_updated`
  ADD PRIMARY KEY (`id`);

--
-- Indexes for table `players`
--
ALTER TABLE `players`
  ADD PRIMARY KEY (`id`),
  ADD UNIQUE KEY `tag` (`tag`),
  ADD KEY `fk_role_id` (`role_id`);

--
-- Indexes for table `player_war`
--
ALTER TABLE `player_war`
  ADD PRIMARY KEY (`id`),
  ADD KEY `player_id` (`player_id`),
  ADD KEY `war_id` (`war_id`),
  ADD KEY `battle_played` (`battle_played`),
  ADD KEY `collection_played` (`collection_played`);

--
-- Indexes for table `role`
--
ALTER TABLE `role`
  ADD PRIMARY KEY (`id`);

--
-- Indexes for table `standings`
--
ALTER TABLE `standings`
  ADD PRIMARY KEY (`id`),
  ADD KEY `war_id` (`war_id`);

--
-- Indexes for table `war`
--
ALTER TABLE `war`
  ADD PRIMARY KEY (`id`);

--
-- Indexes for table `war_decks`
--
ALTER TABLE `war_decks`
  ADD PRIMARY KEY (`id`),
  ADD KEY `deck_id` (`deck_id`),
  ADD KEY `war_id` (`war_id`);

--
-- AUTO_INCREMENT for dumped tables
--

--
-- AUTO_INCREMENT for table `arena`
--
ALTER TABLE `arena`
  MODIFY `id` int(2) NOT NULL AUTO_INCREMENT, AUTO_INCREMENT=23;
--
-- AUTO_INCREMENT for table `cards`
--
ALTER TABLE `cards`
  MODIFY `id` int(6) NOT NULL AUTO_INCREMENT, AUTO_INCREMENT=87;
--
-- AUTO_INCREMENT for table `card_deck`
--
ALTER TABLE `card_deck`
  MODIFY `id` int(11) NOT NULL AUTO_INCREMENT, AUTO_INCREMENT=3209;
--
-- AUTO_INCREMENT for table `card_level`
--
ALTER TABLE `card_level`
  MODIFY `id` int(11) NOT NULL AUTO_INCREMENT, AUTO_INCREMENT=4059;
--
-- AUTO_INCREMENT for table `decks`
--
ALTER TABLE `decks`
  MODIFY `id` int(6) NOT NULL AUTO_INCREMENT, AUTO_INCREMENT=476;
--
-- AUTO_INCREMENT for table `deck_results`
--
ALTER TABLE `deck_results`
  MODIFY `id` int(8) NOT NULL AUTO_INCREMENT, AUTO_INCREMENT=1503;
--
-- AUTO_INCREMENT for table `last_updated`
--
ALTER TABLE `last_updated`
  MODIFY `id` int(3) NOT NULL AUTO_INCREMENT, AUTO_INCREMENT=57;
--
-- AUTO_INCREMENT for table `players`
--
ALTER TABLE `players`
  MODIFY `id` int(4) NOT NULL AUTO_INCREMENT, AUTO_INCREMENT=986;
--
-- AUTO_INCREMENT for table `player_war`
--
ALTER TABLE `player_war`
  MODIFY `id` int(10) NOT NULL AUTO_INCREMENT, AUTO_INCREMENT=1003;
--
-- AUTO_INCREMENT for table `role`
--
ALTER TABLE `role`
  MODIFY `id` int(1) NOT NULL AUTO_INCREMENT, AUTO_INCREMENT=5;
--
-- AUTO_INCREMENT for table `standings`
--
ALTER TABLE `standings`
  MODIFY `id` int(5) NOT NULL AUTO_INCREMENT, AUTO_INCREMENT=71;
--
-- AUTO_INCREMENT for table `war`
--
ALTER TABLE `war`
  MODIFY `id` int(4) NOT NULL AUTO_INCREMENT, AUTO_INCREMENT=36;
--
-- AUTO_INCREMENT for table `war_decks`
--
ALTER TABLE `war_decks`
  MODIFY `id` int(11) NOT NULL AUTO_INCREMENT, AUTO_INCREMENT=323;
--
-- Constraints for dumped tables
--

--
-- Constraints for table `cards`
--
ALTER TABLE `cards`
  ADD CONSTRAINT `cards_ibfk_1` FOREIGN KEY (`arena`) REFERENCES `arena` (`arena_id`);

--
-- Constraints for table `card_deck`
--
ALTER TABLE `card_deck`
  ADD CONSTRAINT `card_deck_ibfk_1` FOREIGN KEY (`card_id`) REFERENCES `cards` (`id`),
  ADD CONSTRAINT `card_deck_ibfk_2` FOREIGN KEY (`deck_id`) REFERENCES `decks` (`id`);

--
-- Constraints for table `decks`
--
ALTER TABLE `decks`
  ADD CONSTRAINT `decks_ibfk_1` FOREIGN KEY (`player_id`) REFERENCES `players` (`id`);

--
-- Constraints for table `deck_results`
--
ALTER TABLE `deck_results`
  ADD CONSTRAINT `deck_results_ibfk_1` FOREIGN KEY (`deck_id`) REFERENCES `decks` (`id`);

--
-- Constraints for table `players`
--
ALTER TABLE `players`
  ADD CONSTRAINT `fk_role_id` FOREIGN KEY (`role_id`) REFERENCES `role` (`id`);

--
-- Constraints for table `player_war`
--
ALTER TABLE `player_war`
  ADD CONSTRAINT `player_war_ibfk_1` FOREIGN KEY (`player_id`) REFERENCES `players` (`id`),
  ADD CONSTRAINT `player_war_ibfk_2` FOREIGN KEY (`war_id`) REFERENCES `war` (`id`);

--
-- Constraints for table `standings`
--
ALTER TABLE `standings`
  ADD CONSTRAINT `standings_ibfk_1` FOREIGN KEY (`war_id`) REFERENCES `war` (`id`);

--
-- Constraints for table `war_decks`
--
ALTER TABLE `war_decks`
  ADD CONSTRAINT `war_decks_ibfk_1` FOREIGN KEY (`deck_id`) REFERENCES `decks` (`id`),
  ADD CONSTRAINT `war_decks_ibfk_2` FOREIGN KEY (`war_id`) REFERENCES `war` (`id`);
COMMIT;

/*!40101 SET CHARACTER_SET_CLIENT=@OLD_CHARACTER_SET_CLIENT */;
/*!40101 SET CHARACTER_SET_RESULTS=@OLD_CHARACTER_SET_RESULTS */;
/*!40101 SET COLLATION_CONNECTION=@OLD_COLLATION_CONNECTION */;
