-- phpMyAdmin SQL Dump
-- version 4.7.3
-- https://www.phpmyadmin.net/
--
-- Host: ironmanauedata.mysql.db
-- Generation Time: Sep 07, 2018 at 05:35 PM
-- Server version: 5.6.39-log
-- PHP Version: 7.0.30

SET SQL_MODE = "NO_AUTO_VALUE_ON_ZERO";
SET AUTOCOMMIT = 0;
START TRANSACTION;
SET time_zone = "+00:00";


/*!40101 SET @OLD_CHARACTER_SET_CLIENT=@@CHARACTER_SET_CLIENT */;
/*!40101 SET @OLD_CHARACTER_SET_RESULTS=@@CHARACTER_SET_RESULTS */;
/*!40101 SET @OLD_COLLATION_CONNECTION=@@COLLATION_CONNECTION */;
/*!40101 SET NAMES utf8mb4 */;

--
-- Database: `ironmanauedata`
--

-- --------------------------------------------------------

--
-- Table structure for table `account`
--

CREATE TABLE `account` (
  `id` int(11) NOT NULL,
  `player_id` int(11) NOT NULL,
  `password` varchar(150) NOT NULL,
  `last_visit` int(16) NOT NULL
) ENGINE=InnoDB DEFAULT CHARSET=latin1;

--
-- Dumping data for table `account`
--

INSERT INTO `account` (`id`, `player_id`, `password`, `last_visit`) VALUES
(1, 27, '$2y$11$ZFyWHBbjbXIDUw/2jgjgTeG0J2u/rYwRge4INmoDquegMU7xAvgRy', 1536334494),
(2, 14, '$2y$11$a.FwQgjtuRoZglByiSZz6.udw4uuYJU6IdFyJeu7wk2ZV5vbwjSVS', 1535135030),
(3, 42, '$2y$11$rIOIg6qkS.Qj6C4USLCfwOroiE9bzKZLnMs7BvOGG5FLy.ZNaJbjS', 1536131751),
(4, 16, '$2y$11$nvq.lvzLw6iP37EkxA0kXuu21ULNSN244Ii/PKxoVVQE653BcpfUC', 1535061811),
(5, 9, '$2y$11$bpvru0CEaMbAofBnWyOo5e8iUJQ/VBEdCGlhpa87srHS5c5aBPcNC', 1536297072),
(6, 8, '$2y$11$s9EbdsQweNZag2t8W6Hnk.y638/mq1/h6mk9I933TV5RjNsGujmb6', 1536135624),
(7, 5, '$2y$11$Pr6k32U5FFKWrTBIGPCK8elZmjwiAjv6LqdFhJQ5dH8.P07ie0wym', 1534025258),
(8, 992, '$2y$11$wyKWx/rOO/kS2JOGNOxLGOzZ3HMNqRwCG9M0ULmmfC/uOzkwlMa/C', 1535216127),
(9, 15, '$2y$11$tbZIuAsueMJRlfhbwJkNpuoeBlzW.bDvdscOIsoIzU32okUIS8ZHy', 1534491025),
(10, 3, '$2y$11$bk2.jFc.kjc9nAkx.Zpw3OzcQgcrd5lDCN8rRhcnz4FRul4xuaIkK', 1536310421),
(11, 993, '$2y$11$ryYMe49LoF0/WoiDg.vQ4uZ5tIt5PsWMzmYpyeSKEXVh8aGxytvxm', 1536254037),
(16, 20, '$2y$11$NVjzyG3.JfAXH8IOxeW2O.WjmbL.aXrqCkVkxseky09UtOtGXPb1C', 1536049555);

-- --------------------------------------------------------

--
-- Table structure for table `arena`
--

CREATE TABLE `arena` (
  `id` int(2) NOT NULL,
  `arena_id` int(2) NOT NULL,
  `name` varchar(35) NOT NULL,
  `arena` varchar(35) NOT NULL,
  `trophy_limit` int(5) NOT NULL
) ENGINE=InnoDB DEFAULT CHARSET=utf8;

--
-- Dumping data for table `arena`
--

INSERT INTO `arena` (`id`, `arena_id`, `name`, `arena`, `trophy_limit`) VALUES
(1, 0, 'Training Camp', 'Training Camp', 0),
(2, 1, 'Goblin Stadium', 'Arena 1', 0),
(3, 2, 'Bone Pit', 'Arena 2', 400),
(4, 3, 'Barbarian Bowl', 'Arena 3', 800),
(5, 4, 'P.E.K.K.A\'s Playhouse', 'Arena 4', 1100),
(6, 5, 'Spell Valley', 'Arena 5', 1400),
(7, 6, 'Builder\'s Workshop', 'Arena 6', 1700),
(8, 7, 'Royal Arena', 'Arena 7', 2000),
(9, 8, 'Frozen Peak', 'Arena 8', 2300),
(10, 9, 'Jungle Arena', 'Arena 9', 2600),
(11, 10, 'Hog Mountain', 'Arena 10', 3000),
(12, 11, 'Electro Valley', 'Arena 11', 3400),
(13, 12, 'Legendary Arena', 'Arena 12', 3800),
(14, 13, 'Combattant I', 'League 1', 4000),
(15, 14, 'Combattant II', 'League 2', 4300),
(16, 15, 'Combattant III', 'League 3', 4600),
(17, 16, 'Maitre I', 'League 4', 4900),
(18, 17, 'Maitre II', 'League 5', 5200),
(19, 18, 'Maitre III', 'League 6', 5500),
(20, 19, 'Champion', 'League 7', 5800),
(21, 20, 'Grand Champion', 'League 8', 6100),
(22, 21, 'Champion Suprême', 'League 9', 6400);

-- --------------------------------------------------------

--
-- Table structure for table `cards`
--

CREATE TABLE `cards` (
  `id` int(6) NOT NULL,
  `card_key` varchar(25) NOT NULL,
  `name` varchar(25) NOT NULL,
  `elixir` int(2) NOT NULL,
  `type` varchar(15) NOT NULL,
  `rarity` varchar(15) NOT NULL,
  `cr_id` int(12) NOT NULL,
  `arena` int(3) NOT NULL
) ENGINE=InnoDB DEFAULT CHARSET=latin1;

--
-- Dumping data for table `cards`
--

INSERT INTO `cards` (`id`, `card_key`, `name`, `elixir`, `type`, `rarity`, `cr_id`, `arena`) VALUES
(1, 'knight', 'Knight', 3, 'Troop', 'Common', 26000000, 0),
(2, 'archers', 'Archers', 3, 'Troop', 'Common', 26000001, 0),
(3, 'goblins', 'Goblins', 2, 'Troop', 'Common', 26000002, 1),
(4, 'giant', 'Giant', 5, 'Troop', 'Rare', 26000003, 0),
(5, 'pekka', 'P.E.K.K.A', 7, 'Troop', 'Epic', 26000004, 4),
(6, 'minions', 'Minions', 3, 'Troop', 'Common', 26000005, 0),
(7, 'balloon', 'Balloon', 5, 'Troop', 'Epic', 26000006, 2),
(8, 'witch', 'Witch', 5, 'Troop', 'Epic', 26000007, 0),
(9, 'barbarians', 'Barbarians', 5, 'Troop', 'Common', 26000008, 3),
(10, 'golem', 'Golem', 8, 'Troop', 'Epic', 26000009, 3),
(11, 'skeletons', 'Skeletons', 1, 'Troop', 'Common', 26000010, 2),
(12, 'valkyrie', 'Valkyrie', 4, 'Troop', 'Rare', 26000011, 2),
(13, 'skeleton-army', 'Skeleton Army', 3, 'Troop', 'Epic', 26000012, 0),
(14, 'bomber', 'Bomber', 3, 'Troop', 'Common', 26000013, 2),
(15, 'musketeer', 'Musketeer', 4, 'Troop', 'Rare', 26000014, 0),
(16, 'baby-dragon', 'Baby Dragon', 4, 'Troop', 'Epic', 26000015, 0),
(17, 'prince', 'Prince', 5, 'Troop', 'Epic', 26000016, 0),
(18, 'wizard', 'Wizard', 5, 'Troop', 'Rare', 26000017, 5),
(19, 'mini-pekka', 'Mini P.E.K.K.A', 4, 'Troop', 'Rare', 26000018, 0),
(20, 'spear-goblins', 'Spear Goblins', 2, 'Troop', 'Common', 26000019, 1),
(21, 'giant-skeleton', 'Giant Skeleton', 6, 'Troop', 'Epic', 26000020, 2),
(22, 'hog-rider', 'Hog Rider', 4, 'Troop', 'Rare', 26000021, 1),
(23, 'minion-horde', 'Minion Horde', 5, 'Troop', 'Common', 26000022, 4),
(24, 'ice-wizard', 'Ice Wizard', 3, 'Troop', 'Legendary', 26000023, 8),
(25, 'royal-giant', 'Royal Giant', 6, 'Troop', 'Common', 26000024, 7),
(26, 'guards', 'Guards', 3, 'Troop', 'Epic', 26000025, 7),
(27, 'princess', 'Princess', 3, 'Troop', 'Legendary', 26000026, 7),
(28, 'dark-prince', 'Dark Prince', 4, 'Troop', 'Epic', 26000027, 7),
(29, 'three-musketeers', 'Three Musketeers', 9, 'Troop', 'Rare', 26000028, 7),
(30, 'lava-hound', 'Lava Hound', 7, 'Troop', 'Legendary', 26000029, 4),
(31, 'ice-spirit', 'Ice Spirit', 1, 'Troop', 'Common', 26000030, 8),
(32, 'fire-spirits', 'Fire Spirits', 2, 'Troop', 'Common', 26000031, 5),
(33, 'miner', 'Miner', 3, 'Troop', 'Legendary', 26000032, 4),
(34, 'sparky', 'Sparky', 6, 'Troop', 'Legendary', 26000033, 11),
(35, 'bowler', 'Bowler', 5, 'Troop', 'Epic', 26000034, 8),
(36, 'lumberjack', 'Lumberjack', 4, 'Troop', 'Legendary', 26000035, 8),
(37, 'battle-ram', 'Battle Ram', 4, 'Troop', 'Rare', 26000036, 3),
(38, 'inferno-dragon', 'Inferno Dragon', 4, 'Troop', 'Legendary', 26000037, 6),
(39, 'ice-golem', 'Ice Golem', 2, 'Troop', 'Rare', 26000038, 8),
(40, 'mega-minion', 'Mega Minion', 3, 'Troop', 'Rare', 26000039, 4),
(41, 'dart-goblin', 'Dart Goblin', 3, 'Troop', 'Rare', 26000040, 9),
(42, 'goblin-gang', 'Goblin Gang', 3, 'Troop', 'Common', 26000041, 9),
(43, 'electro-wizard', 'Electro Wizard', 4, 'Troop', 'Legendary', 26000042, 11),
(44, 'elite-barbarians', 'Elite Barbarians', 6, 'Troop', 'Common', 26000043, 10),
(45, 'hunter', 'Hunter', 4, 'Troop', 'Epic', 26000044, 1),
(46, 'executioner', 'Executioner', 5, 'Troop', 'Epic', 26000045, 9),
(47, 'bandit', 'Bandit', 3, 'Troop', 'Legendary', 26000046, 9),
(48, 'night-witch', 'Night Witch', 4, 'Troop', 'Legendary', 26000048, 5),
(49, 'bats', 'Bats', 2, 'Troop', 'Common', 26000049, 5),
(50, 'royal-ghost', 'Royal Ghost', 3, 'Troop', 'Legendary', 26000050, 7),
(51, 'zappies', 'Zappies', 4, 'Troop', 'Rare', 26000052, 11),
(52, 'rascals', 'Rascals', 5, 'Troop', 'Common', 26000053, 9),
(53, 'cannon-cart', 'Cannon Cart', 5, 'Troop', 'Epic', 26000054, 6),
(54, 'mega-knight', 'Mega Knight', 7, 'Troop', 'Legendary', 26000055, 10),
(55, 'skeleton-barrel', 'Skeleton Barrel', 3, 'Troop', 'Common', 26000056, 6),
(56, 'flying-machine', 'Flying Machine', 4, 'Troop', 'Rare', 26000057, 6),
(57, 'royal-hogs', 'Royal Hogs', 5, 'Troop', 'Rare', 26000059, 10),
(58, 'magic-archer', 'Magic Archer', 4, 'Troop', 'Legendary', 26000062, 10),
(59, 'cannon', 'Cannon', 3, 'Building', 'Common', 27000000, 3),
(60, 'goblin-hut', 'Goblin Hut', 5, 'Building', 'Rare', 27000001, 1),
(61, 'mortar', 'Mortar', 4, 'Building', 'Common', 27000002, 6),
(62, 'inferno-tower', 'Inferno Tower', 5, 'Building', 'Rare', 27000003, 4),
(63, 'bomb-tower', 'Bomb Tower', 4, 'Building', 'Rare', 27000004, 10),
(64, 'barbarian-hut', 'Barbarian Hut', 7, 'Building', 'Rare', 27000005, 3),
(65, 'tesla', 'Tesla', 4, 'Building', 'Common', 27000006, 11),
(66, 'elixir-collector', 'Elixir Collector', 6, 'Building', 'Rare', 27000007, 8),
(67, 'x-bow', 'X-Bow', 6, 'Building', 'Epic', 27000008, 6),
(68, 'tombstone', 'Tombstone', 3, 'Building', 'Rare', 27000009, 2),
(69, 'furnace', 'Furnace', 4, 'Building', 'Rare', 27000010, 5),
(70, 'fireball', 'Fireball', 4, 'Spell', 'Rare', 28000000, 0),
(71, 'arrows', 'Arrows', 3, 'Spell', 'Common', 28000001, 0),
(72, 'rage', 'Rage', 2, 'Spell', 'Epic', 28000002, 10),
(73, 'rocket', 'Rocket', 6, 'Spell', 'Rare', 28000003, 6),
(74, 'goblin-barrel', 'Goblin Barrel', 3, 'Spell', 'Epic', 28000004, 1),
(75, 'freeze', 'Freeze', 4, 'Spell', 'Epic', 28000005, 5),
(76, 'mirror', 'Mirror', 1, 'Spell', 'Epic', 28000006, 11),
(77, 'lightning', 'Lightning', 6, 'Spell', 'Epic', 28000007, 4),
(78, 'zap', 'Zap', 2, 'Spell', 'Common', 28000008, 4),
(79, 'poison', 'Poison', 4, 'Spell', 'Epic', 28000009, 5),
(80, 'graveyard', 'Graveyard', 5, 'Spell', 'Legendary', 28000010, 5),
(81, 'the-log', 'The Log', 2, 'Spell', 'Legendary', 28000011, 6),
(82, 'tornado', 'Tornado', 3, 'Spell', 'Epic', 28000012, 8),
(83, 'clone', 'Clone', 3, 'Spell', 'Epic', 28000013, 11),
(84, 'barbarian-barrel', 'Barbarian Barrel', 2, 'Spell', 'Epic', 28000015, 3),
(85, 'heal', 'Heal', 3, 'Spell', 'Rare', 28000016, 7),
(86, 'giant-snowball', 'Giant Snowball', 2, 'Spell', 'Common', 28000017, 8),
(87, 'royal-recruits', 'Royal Recruits', 8, 'Troop', 'Common', 26000047, 7),
(88, 'goblin-giant', 'Goblin Giant', 6, 'Troop', 'Epic', 26000060, 9);

-- --------------------------------------------------------

--
-- Table structure for table `card_deck`
--

CREATE TABLE `card_deck` (
  `id` int(11) NOT NULL,
  `deck_id` int(11) NOT NULL,
  `card_id` int(11) NOT NULL
) ENGINE=InnoDB DEFAULT CHARSET=latin1 COMMENT='Table de jointure - quelles cartes dans quels decks';

--
-- Dumping data for table `card_deck`
--

INSERT INTO `card_deck` (`id`, `deck_id`, `card_id`) VALUES
(1, 1, 12),
(2, 1, 20),
(3, 1, 33),
(4, 1, 41),
(5, 1, 43),
(6, 1, 65),
(7, 1, 71),
(8, 1, 79),
(9, 2, 1),
(10, 2, 17),
(11, 2, 18),
(12, 2, 19),
(13, 2, 24),
(14, 2, 70),
(15, 2, 75),
(16, 2, 81),
(17, 3, 8),
(18, 3, 12),
(19, 3, 16),
(20, 3, 22),
(21, 3, 32),
(22, 3, 33),
(23, 3, 71),
(24, 3, 75),
(25, 4, 8),
(26, 4, 12),
(27, 4, 14),
(28, 4, 15),
(29, 4, 22),
(30, 4, 37),
(31, 4, 71),
(32, 4, 72),
(33, 5, 16),
(34, 5, 33),
(35, 5, 34),
(36, 5, 35),
(37, 5, 40),
(38, 5, 65),
(39, 5, 71),
(40, 5, 79),
(41, 6, 3),
(42, 6, 8),
(43, 6, 16),
(44, 6, 22),
(45, 6, 24),
(46, 6, 32),
(47, 6, 43),
(48, 6, 72),
(49, 7, 12),
(50, 7, 20),
(51, 7, 22),
(52, 7, 41),
(53, 7, 43),
(54, 7, 60),
(55, 7, 71),
(56, 7, 75),
(57, 8, 8),
(58, 8, 10),
(59, 8, 15),
(60, 8, 16),
(61, 8, 24),
(62, 8, 34),
(63, 8, 43),
(64, 8, 48),
(65, 9, 12),
(66, 9, 22),
(67, 9, 32),
(68, 9, 35),
(69, 9, 40),
(70, 9, 43),
(71, 9, 68),
(72, 9, 71),
(73, 10, 3),
(74, 10, 14),
(75, 10, 22),
(76, 10, 32),
(77, 10, 35),
(78, 10, 43),
(79, 10, 65),
(80, 10, 79),
(81, 11, 4),
(82, 11, 15),
(83, 11, 16),
(84, 11, 34),
(85, 11, 40),
(86, 11, 43),
(87, 11, 68),
(88, 11, 71),
(89, 12, 15),
(90, 12, 16),
(91, 12, 20),
(92, 12, 25),
(93, 12, 33),
(94, 12, 40),
(95, 12, 52),
(96, 12, 84),
(97, 13, 7),
(98, 13, 8),
(99, 13, 15),
(100, 13, 24),
(101, 13, 33),
(102, 13, 41),
(103, 13, 65),
(104, 13, 75),
(105, 14, 8),
(106, 14, 20),
(107, 14, 25),
(108, 14, 33),
(109, 14, 41),
(110, 14, 43),
(111, 14, 71),
(112, 14, 86),
(113, 15, 5),
(114, 15, 20),
(115, 15, 22),
(116, 15, 41),
(117, 15, 43),
(118, 15, 51),
(119, 15, 65),
(120, 15, 79),
(121, 16, 4),
(122, 16, 8),
(123, 16, 12),
(124, 16, 20),
(125, 16, 24),
(126, 16, 33),
(127, 16, 43),
(128, 16, 79),
(129, 17, 3),
(130, 17, 5),
(131, 17, 8),
(132, 17, 22),
(133, 17, 41),
(134, 17, 43),
(135, 17, 71),
(136, 17, 72),
(137, 18, 5),
(138, 18, 8),
(139, 18, 22),
(140, 18, 33),
(141, 18, 40),
(142, 18, 41),
(143, 18, 43),
(144, 18, 71),
(145, 19, 5),
(146, 19, 10),
(147, 19, 16),
(148, 19, 40),
(149, 19, 48),
(150, 19, 66),
(151, 19, 71),
(152, 19, 79),
(153, 20, 3),
(154, 20, 4),
(155, 20, 8),
(156, 20, 16),
(157, 20, 20),
(158, 20, 22),
(159, 20, 33),
(160, 20, 71),
(161, 21, 15),
(162, 21, 20),
(163, 21, 21),
(164, 21, 24),
(165, 21, 32),
(166, 21, 37),
(167, 21, 71),
(168, 21, 72),
(169, 22, 12),
(170, 22, 15),
(171, 22, 16),
(172, 22, 20),
(173, 22, 22),
(174, 22, 40),
(175, 22, 72),
(176, 22, 75),
(177, 23, 7),
(178, 23, 12),
(179, 23, 16),
(180, 23, 30),
(181, 23, 33),
(182, 23, 40),
(183, 23, 65),
(184, 23, 71),
(185, 24, 11),
(186, 24, 12),
(187, 24, 15),
(188, 24, 21),
(189, 24, 22),
(190, 24, 32),
(191, 24, 41),
(192, 24, 59),
(193, 25, 7),
(194, 25, 8),
(195, 25, 16),
(196, 25, 24),
(197, 25, 33),
(198, 25, 72),
(199, 25, 79),
(200, 25, 86),
(201, 26, 7),
(202, 26, 10),
(203, 26, 14),
(204, 26, 15),
(205, 26, 16),
(206, 26, 32),
(207, 26, 71),
(208, 26, 72),
(209, 27, 5),
(210, 27, 27),
(211, 27, 37),
(212, 27, 43),
(213, 27, 47),
(214, 27, 49),
(215, 27, 71),
(216, 27, 81),
(217, 28, 6),
(218, 28, 10),
(219, 28, 18),
(220, 28, 42),
(221, 28, 48),
(222, 28, 68),
(223, 28, 70),
(224, 28, 81),
(225, 29, 17),
(226, 29, 18),
(227, 29, 19),
(228, 29, 27),
(229, 29, 32),
(230, 29, 42),
(231, 29, 74),
(232, 29, 81),
(233, 30, 12),
(234, 30, 13),
(235, 30, 15),
(236, 30, 18),
(237, 30, 22),
(238, 30, 33),
(239, 30, 70),
(240, 30, 75),
(241, 31, 1),
(242, 31, 7),
(243, 31, 16),
(244, 31, 36),
(245, 31, 56),
(246, 31, 65),
(247, 31, 70),
(248, 31, 78),
(249, 32, 4),
(250, 32, 6),
(251, 32, 8),
(252, 32, 18),
(253, 32, 33),
(254, 32, 72),
(255, 32, 78),
(256, 32, 81),
(257, 33, 3),
(258, 33, 10),
(259, 33, 16),
(260, 33, 19),
(261, 33, 40),
(262, 33, 66),
(263, 33, 73),
(264, 33, 78),
(265, 34, 10),
(266, 34, 42),
(267, 34, 43),
(268, 34, 48),
(269, 34, 49),
(270, 34, 52),
(271, 34, 66),
(272, 34, 83),
(273, 35, 1),
(274, 35, 10),
(275, 35, 23),
(276, 35, 24),
(277, 35, 38),
(278, 35, 43),
(279, 35, 58),
(280, 35, 77),
(281, 36, 7),
(282, 36, 12),
(283, 36, 18),
(284, 36, 21),
(285, 36, 23),
(286, 36, 34),
(287, 36, 69),
(288, 36, 80),
(289, 37, 6),
(290, 37, 22),
(291, 37, 27),
(292, 37, 35),
(293, 37, 40),
(294, 37, 43),
(295, 37, 69),
(296, 37, 78),
(297, 38, 3),
(298, 38, 14),
(299, 38, 22),
(300, 38, 32),
(301, 38, 35),
(302, 38, 62),
(303, 38, 70),
(304, 38, 81),
(305, 39, 4),
(306, 39, 15),
(307, 39, 35),
(308, 39, 40),
(309, 39, 68),
(310, 39, 71),
(311, 39, 77),
(312, 39, 81),
(313, 40, 13),
(314, 40, 15),
(315, 40, 23),
(316, 40, 27),
(317, 40, 33),
(318, 40, 69),
(319, 40, 74),
(320, 40, 81),
(321, 41, 8),
(322, 41, 23),
(323, 41, 27),
(324, 41, 33),
(325, 41, 44),
(326, 41, 74),
(327, 41, 78),
(328, 41, 81),
(329, 42, 1),
(330, 42, 23),
(331, 42, 27),
(332, 42, 33),
(333, 42, 42),
(334, 42, 57),
(335, 42, 73),
(336, 42, 78),
(337, 43, 10),
(338, 43, 16),
(339, 43, 36),
(340, 43, 40),
(341, 43, 48),
(342, 43, 66),
(343, 43, 78),
(344, 43, 82),
(345, 44, 18),
(346, 44, 19),
(347, 44, 28),
(348, 44, 41),
(349, 44, 42),
(350, 44, 49),
(351, 44, 54),
(352, 44, 78),
(353, 45, 4),
(354, 45, 8),
(355, 45, 13),
(356, 45, 14),
(357, 45, 15),
(358, 45, 16),
(359, 45, 19),
(360, 45, 71),
(361, 46, 5),
(362, 46, 18),
(363, 46, 22),
(364, 46, 27),
(365, 46, 43),
(366, 46, 49),
(367, 46, 70),
(368, 46, 81),
(369, 47, 7),
(370, 47, 18),
(371, 47, 23),
(372, 47, 26),
(373, 47, 36),
(374, 47, 65),
(375, 47, 70),
(376, 47, 78),
(377, 48, 5),
(378, 48, 6),
(379, 48, 18),
(380, 48, 31),
(381, 48, 33),
(382, 48, 43),
(383, 48, 47),
(384, 48, 78),
(385, 49, 7),
(386, 49, 12),
(387, 49, 18),
(388, 49, 22),
(389, 49, 23),
(390, 49, 62),
(391, 49, 71),
(392, 49, 72),
(393, 50, 10),
(394, 50, 16),
(395, 50, 36),
(396, 50, 42),
(397, 50, 48),
(398, 50, 66),
(399, 50, 71),
(400, 50, 77),
(401, 51, 2),
(402, 51, 15),
(403, 51, 18),
(404, 51, 22),
(405, 51, 27),
(406, 51, 70),
(407, 51, 73),
(408, 51, 78),
(409, 52, 2),
(410, 52, 12),
(411, 52, 18),
(412, 52, 22),
(413, 52, 35),
(414, 52, 49),
(415, 52, 59),
(416, 52, 70),
(417, 53, 6),
(418, 53, 12),
(419, 53, 22),
(420, 53, 32),
(421, 53, 40),
(422, 53, 44),
(423, 53, 63),
(424, 53, 75),
(425, 54, 13),
(426, 54, 22),
(427, 54, 27),
(428, 54, 38),
(429, 54, 42),
(430, 54, 44),
(431, 54, 70),
(432, 54, 81),
(433, 55, 6),
(434, 55, 21),
(435, 55, 26),
(436, 55, 27),
(437, 55, 42),
(438, 55, 55),
(439, 55, 78),
(440, 55, 83),
(441, 56, 1),
(442, 56, 12),
(443, 56, 16),
(444, 56, 22),
(445, 56, 27),
(446, 56, 43),
(447, 56, 70),
(448, 56, 72),
(449, 57, 7),
(450, 57, 13),
(451, 57, 16),
(452, 57, 23),
(453, 57, 30),
(454, 57, 31),
(455, 57, 38),
(456, 57, 71),
(457, 58, 12),
(458, 58, 18),
(459, 58, 22),
(460, 58, 42),
(461, 58, 70),
(462, 58, 75),
(463, 58, 78),
(464, 58, 82),
(465, 59, 6),
(466, 59, 9),
(467, 59, 13),
(468, 59, 19),
(469, 59, 22),
(470, 59, 32),
(471, 59, 70),
(472, 59, 75),
(473, 60, 17),
(474, 60, 18),
(475, 60, 20),
(476, 60, 22),
(477, 60, 28),
(478, 60, 75),
(479, 60, 78),
(480, 60, 79),
(481, 61, 11),
(482, 61, 15),
(483, 61, 22),
(484, 61, 31),
(485, 61, 39),
(486, 61, 59),
(487, 61, 70),
(488, 61, 81),
(489, 62, 6),
(490, 62, 7),
(491, 62, 13),
(492, 62, 18),
(493, 62, 19),
(494, 62, 36),
(495, 62, 43),
(496, 62, 71),
(497, 63, 6),
(498, 63, 19),
(499, 63, 21),
(500, 63, 33),
(501, 63, 42),
(502, 63, 50),
(503, 63, 71),
(504, 63, 72),
(505, 64, 7),
(506, 64, 18),
(507, 64, 23),
(508, 64, 27),
(509, 64, 38),
(510, 64, 57),
(511, 64, 72),
(512, 64, 73),
(513, 65, 7),
(514, 65, 13),
(515, 65, 23),
(516, 65, 36),
(517, 65, 69),
(518, 65, 71),
(519, 65, 72),
(520, 65, 74),
(521, 66, 2),
(522, 66, 7),
(523, 66, 13),
(524, 66, 16),
(525, 66, 43),
(526, 66, 47),
(527, 66, 54),
(528, 66, 71),
(529, 67, 12),
(530, 67, 31),
(531, 67, 39),
(532, 67, 42),
(533, 67, 65),
(534, 67, 73),
(535, 67, 74),
(536, 67, 78),
(537, 68, 10),
(538, 68, 16),
(539, 68, 18),
(540, 68, 19),
(541, 68, 27),
(542, 68, 49),
(543, 68, 71),
(544, 68, 72);

-- --------------------------------------------------------

--
-- Table structure for table `card_level`
--

CREATE TABLE `card_level` (
  `id` int(11) NOT NULL,
  `card_id` int(11) NOT NULL,
  `player_id` int(11) NOT NULL,
  `level` int(11) NOT NULL,
  `quantity` int(10) NOT NULL DEFAULT '0',
  `seek` tinyint(1) NOT NULL DEFAULT '0' COMMENT 'Carte que l''on demande en echange',
  `keep` tinyint(1) NOT NULL DEFAULT '0' COMMENT 'Carte qu''on ne veut pas echanger'
) ENGINE=InnoDB DEFAULT CHARSET=latin1 COMMENT='Niveau des cartes par joueur';

--
-- Dumping data for table `card_level`
--

INSERT INTO `card_level` (`id`, `card_id`, `player_id`, `level`, `quantity`, `seek`, `keep`) VALUES
(1, 42, 27, 9, 0, 0, 0),
(2, 3, 27, 10, 0, 0, 0),
(3, 77, 27, 5, 0, 0, 0),
(4, 32, 27, 10, 0, 0, 0),
(5, 59, 27, 9, 0, 0, 0),
(6, 14, 27, 10, 0, 0, 0),
(7, 16, 27, 5, 0, 0, 0),
(8, 60, 27, 7, 0, 0, 0),
(9, 63, 27, 7, 0, 0, 0),
(10, 74, 27, 5, 0, 0, 0),
(11, 34, 27, 2, 0, 0, 0),
(12, 58, 27, 2, 0, 0, 0),
(13, 67, 27, 4, 0, 0, 0),
(14, 2, 27, 10, 0, 0, 0),
(15, 9, 27, 10, 0, 0, 0),
(16, 73, 27, 8, 0, 0, 0),
(17, 11, 27, 10, 0, 0, 0),
(18, 69, 27, 7, 0, 0, 0),
(19, 65, 27, 10, 0, 0, 0),
(20, 21, 27, 5, 0, 0, 0),
(21, 80, 27, 2, 0, 0, 0),
(22, 17, 27, 7, 0, 0, 0),
(23, 40, 27, 8, 0, 0, 0),
(24, 4, 27, 7, 0, 0, 0),
(25, 68, 27, 8, 0, 0, 0),
(26, 22, 27, 7, 0, 0, 0),
(27, 76, 27, 5, 0, 0, 0),
(28, 20, 27, 10, 0, 0, 0),
(29, 71, 27, 10, 0, 0, 0),
(30, 55, 27, 10, 0, 0, 0),
(31, 61, 27, 10, 0, 0, 0),
(32, 82, 27, 5, 0, 0, 0),
(33, 35, 27, 5, 0, 0, 0),
(34, 5, 27, 5, 0, 0, 0),
(35, 66, 27, 7, 0, 0, 0),
(36, 72, 27, 5, 0, 0, 0),
(37, 10, 27, 5, 0, 0, 0),
(38, 15, 27, 8, 0, 0, 0),
(39, 44, 27, 10, 0, 0, 0),
(40, 49, 27, 10, 0, 0, 0),
(41, 25, 27, 10, 0, 0, 0),
(42, 31, 27, 10, 0, 0, 0),
(43, 6, 27, 10, 0, 0, 0),
(44, 29, 27, 7, 0, 0, 0),
(45, 64, 27, 7, 0, 0, 0),
(46, 79, 27, 5, 0, 0, 0),
(47, 86, 27, 9, 0, 0, 0),
(48, 33, 27, 2, 0, 0, 0),
(49, 56, 27, 7, 0, 0, 0),
(50, 23, 27, 11, 0, 0, 0),
(51, 62, 27, 7, 0, 0, 0),
(52, 39, 27, 7, 0, 0, 0),
(53, 46, 27, 5, 0, 0, 0),
(54, 83, 27, 5, 0, 0, 0),
(55, 27, 27, 2, 0, 0, 0),
(56, 37, 27, 8, 0, 0, 0),
(57, 26, 27, 5, 0, 0, 0),
(58, 85, 27, 7, 0, 0, 0),
(59, 12, 27, 7, 0, 0, 0),
(60, 53, 27, 4, 0, 0, 0),
(61, 41, 27, 7, 0, 0, 0),
(62, 48, 27, 2, 0, 0, 0),
(63, 52, 27, 10, 0, 0, 0),
(64, 84, 27, 5, 0, 0, 0),
(65, 45, 27, 5, 0, 0, 0),
(66, 50, 27, 2, 0, 0, 0),
(67, 51, 27, 7, 0, 0, 0),
(68, 28, 27, 4, 0, 0, 0),
(69, 30, 27, 2, 0, 0, 0),
(70, 43, 27, 1, 0, 0, 0),
(71, 57, 27, 7, 0, 0, 0),
(72, 8, 27, 5, 0, 0, 0),
(73, 13, 27, 5, 0, 0, 0),
(74, 78, 27, 9, 0, 0, 0),
(75, 38, 27, 2, 0, 0, 0),
(76, 47, 27, 2, 0, 0, 0),
(77, 1, 27, 12, 0, 1, 0),
(78, 70, 27, 9, 0, 0, 0),
(79, 18, 27, 9, 0, 0, 0),
(80, 19, 27, 9, 0, 0, 0),
(81, 75, 27, 5, 0, 0, 0),
(82, 7, 27, 5, 0, 0, 0),
(83, 24, 27, 3, 0, 0, 0),
(84, 81, 27, 2, 0, 0, 0),
(85, 28, 1, 5, 0, 0, 0),
(86, 39, 1, 7, 0, 0, 0),
(87, 41, 1, 7, 0, 0, 0),
(88, 12, 1, 8, 0, 0, 0),
(89, 58, 1, 1, 0, 0, 0),
(90, 51, 1, 7, 0, 0, 0),
(91, 82, 1, 5, 0, 0, 0),
(92, 53, 1, 4, 0, 0, 0),
(93, 66, 1, 7, 0, 0, 0),
(94, 30, 1, 1, 0, 0, 0),
(95, 15, 1, 8, 0, 0, 0),
(96, 8, 1, 4, 0, 0, 0),
(97, 64, 1, 2, 0, 0, 0),
(98, 21, 1, 5, 0, 0, 0),
(99, 45, 1, 4, 0, 0, 0),
(100, 59, 1, 9, 0, 0, 0),
(101, 32, 1, 11, 0, 0, 0),
(102, 4, 1, 8, 0, 0, 0),
(103, 76, 1, 3, 0, 0, 0),
(104, 36, 1, 3, 0, 0, 0),
(105, 49, 1, 9, 0, 0, 0),
(106, 25, 1, 10, 0, 0, 0),
(107, 63, 1, 7, 0, 0, 0),
(108, 85, 1, 7, 0, 0, 0),
(109, 71, 1, 10, 0, 0, 0),
(110, 1, 1, 9, 0, 0, 0),
(111, 62, 1, 7, 0, 0, 0),
(112, 75, 1, 3, 0, 0, 0),
(113, 3, 1, 10, 0, 0, 0),
(114, 50, 1, 2, 0, 0, 0),
(115, 31, 1, 9, 0, 0, 0),
(116, 27, 1, 2, 0, 0, 0),
(117, 78, 1, 11, 0, 0, 0),
(118, 47, 1, 2, 0, 0, 0),
(119, 44, 1, 10, 0, 0, 0),
(120, 80, 1, 2, 0, 0, 0),
(121, 29, 1, 8, 0, 0, 0),
(122, 61, 1, 8, 0, 0, 0),
(123, 9, 1, 10, 0, 0, 0),
(124, 79, 1, 4, 0, 0, 0),
(125, 60, 1, 7, 0, 0, 0),
(126, 67, 1, 4, 0, 0, 0),
(127, 46, 1, 5, 0, 0, 0),
(128, 77, 1, 4, 0, 0, 0),
(129, 20, 1, 10, 0, 0, 0),
(130, 24, 1, 2, 0, 0, 0),
(131, 13, 1, 4, 0, 0, 0),
(132, 43, 1, 2, 0, 0, 0),
(133, 54, 1, 2, 0, 0, 0),
(134, 2, 1, 10, 0, 0, 0),
(135, 35, 1, 4, 0, 0, 0),
(136, 65, 1, 9, 0, 0, 0),
(137, 37, 1, 7, 0, 0, 0),
(138, 11, 1, 7, 0, 0, 0),
(139, 7, 1, 4, 0, 0, 0),
(140, 38, 1, 2, 0, 0, 0),
(141, 17, 1, 4, 0, 0, 0),
(142, 5, 1, 4, 0, 0, 0),
(143, 73, 1, 7, 0, 0, 0),
(144, 83, 1, 4, 0, 0, 0),
(145, 40, 1, 8, 0, 0, 0),
(146, 19, 1, 8, 0, 0, 0),
(147, 72, 1, 3, 0, 0, 0),
(148, 14, 1, 10, 0, 0, 0),
(149, 22, 1, 7, 0, 0, 0),
(150, 34, 1, 1, 0, 0, 0),
(151, 69, 1, 7, 0, 0, 0),
(152, 56, 1, 8, 0, 0, 0),
(153, 55, 1, 1, 0, 0, 0),
(154, 26, 1, 4, 0, 0, 0),
(155, 33, 1, 2, 0, 0, 0),
(156, 74, 1, 5, 0, 0, 0),
(157, 84, 1, 4, 0, 0, 0),
(158, 16, 1, 5, 0, 0, 0),
(159, 52, 1, 1, 0, 0, 0),
(160, 86, 1, 1, 0, 0, 0),
(161, 57, 1, 5, 0, 0, 0),
(162, 23, 1, 10, 0, 0, 0),
(163, 42, 1, 13, 0, 0, 0),
(164, 6, 1, 13, 0, 0, 0),
(165, 18, 1, 11, 0, 0, 0),
(166, 70, 1, 10, 0, 0, 0),
(167, 81, 1, 3, 0, 0, 0),
(168, 10, 1, 8, 0, 0, 0),
(169, 68, 1, 9, 0, 0, 0),
(170, 48, 1, 3, 0, 0, 0),
(171, 70, 2, 8, 0, 0, 0),
(172, 37, 2, 9, 0, 0, 0),
(173, 25, 2, 9, 0, 0, 0),
(174, 60, 2, 4, 0, 0, 0),
(175, 79, 2, 2, 0, 0, 0),
(176, 56, 2, 5, 0, 0, 0),
(177, 73, 2, 6, 0, 0, 0),
(178, 13, 2, 2, 0, 0, 0),
(179, 72, 2, 4, 0, 0, 0),
(180, 64, 2, 4, 0, 0, 0),
(181, 69, 2, 8, 0, 0, 0),
(182, 74, 2, 4, 0, 0, 0),
(183, 23, 2, 11, 0, 0, 0),
(184, 34, 2, 2, 0, 0, 0),
(185, 46, 2, 4, 0, 0, 0),
(186, 11, 2, 8, 0, 0, 0),
(187, 31, 2, 5, 0, 0, 0),
(188, 40, 2, 7, 0, 0, 0),
(189, 81, 2, 2, 0, 0, 0),
(190, 62, 2, 7, 0, 0, 0),
(191, 2, 2, 8, 0, 0, 0),
(192, 1, 2, 6, 0, 0, 0),
(193, 71, 2, 8, 0, 0, 0),
(194, 20, 2, 10, 0, 0, 0),
(195, 15, 2, 8, 0, 0, 0),
(196, 7, 2, 4, 0, 0, 0),
(197, 5, 2, 5, 0, 0, 0),
(198, 67, 2, 2, 0, 0, 0),
(199, 59, 2, 7, 0, 0, 0),
(200, 17, 2, 4, 0, 0, 0),
(201, 4, 2, 8, 0, 0, 0),
(202, 66, 2, 9, 0, 0, 0),
(203, 63, 2, 3, 0, 0, 0),
(204, 35, 2, 3, 0, 0, 0),
(205, 65, 2, 9, 0, 0, 0),
(206, 18, 2, 7, 0, 0, 0),
(207, 61, 2, 3, 0, 0, 0),
(208, 30, 2, 2, 0, 0, 0),
(209, 8, 2, 5, 0, 0, 0),
(210, 68, 2, 6, 0, 0, 0),
(211, 24, 2, 2, 0, 0, 0),
(212, 77, 2, 3, 0, 0, 0),
(213, 28, 2, 1, 0, 0, 0),
(214, 10, 2, 7, 0, 0, 0),
(215, 82, 2, 4, 0, 0, 0),
(216, 14, 2, 8, 0, 0, 0),
(217, 21, 2, 3, 0, 0, 0),
(218, 9, 2, 10, 0, 0, 0),
(219, 12, 2, 7, 0, 0, 0),
(220, 80, 2, 2, 0, 0, 0),
(221, 26, 2, 1, 0, 0, 0),
(222, 43, 2, 3, 0, 0, 0),
(223, 83, 2, 1, 0, 0, 0),
(224, 75, 2, 6, 0, 0, 0),
(225, 42, 2, 11, 0, 0, 0),
(226, 41, 2, 1, 0, 0, 0),
(227, 29, 2, 9, 0, 0, 0),
(228, 39, 2, 8, 0, 0, 0),
(229, 48, 2, 1, 0, 0, 0),
(230, 44, 2, 11, 0, 0, 0),
(231, 85, 2, 1, 0, 0, 0),
(232, 49, 2, 1, 0, 0, 0),
(233, 53, 2, 1, 0, 0, 0),
(234, 47, 2, 1, 0, 0, 0),
(235, 36, 2, 2, 0, 0, 0),
(236, 76, 2, 5, 0, 0, 0),
(237, 55, 2, 1, 0, 0, 0),
(238, 51, 2, 1, 0, 0, 0),
(239, 45, 2, 1, 0, 0, 0),
(240, 16, 2, 5, 0, 0, 0),
(241, 54, 2, 2, 0, 0, 0),
(242, 84, 2, 1, 0, 0, 0),
(243, 58, 2, 1, 0, 0, 0),
(244, 52, 2, 1, 0, 0, 0),
(245, 86, 2, 1, 0, 0, 0),
(246, 57, 2, 1, 0, 0, 0),
(247, 50, 2, 1, 0, 0, 0),
(248, 38, 2, 1, 0, 0, 0),
(249, 27, 2, 3, 0, 0, 0),
(250, 78, 2, 13, 0, 0, 0),
(251, 3, 2, 13, 0, 0, 0),
(252, 33, 2, 3, 0, 0, 0),
(253, 32, 2, 13, 0, 0, 0),
(254, 22, 2, 11, 0, 0, 0),
(255, 19, 2, 11, 0, 0, 0),
(256, 6, 2, 13, 0, 0, 0),
(257, 16, 3, 6, 0, 0, 0),
(258, 12, 3, 9, 0, 0, 0),
(259, 48, 3, 3, 0, 0, 0),
(260, 73, 3, 8, 0, 0, 0),
(261, 77, 3, 6, 0, 0, 0),
(262, 63, 3, 8, 0, 0, 0),
(263, 21, 3, 5, 0, 0, 0),
(264, 49, 3, 10, 0, 0, 0),
(265, 41, 3, 8, 0, 0, 0),
(266, 38, 3, 2, 0, 0, 0),
(267, 43, 3, 3, 0, 0, 0),
(268, 11, 3, 11, 0, 0, 0),
(269, 76, 3, 5, 0, 0, 0),
(270, 47, 3, 2, 0, 0, 0),
(271, 1, 3, 10, 0, 0, 0),
(272, 36, 3, 3, 0, 0, 0),
(273, 69, 3, 9, 0, 0, 0),
(274, 58, 3, 2, 0, 0, 0),
(275, 52, 3, 10, 0, 0, 0),
(276, 5, 3, 6, 0, 0, 0),
(277, 24, 3, 2, 0, 0, 0),
(278, 14, 3, 10, 0, 0, 0),
(279, 68, 3, 8, 0, 0, 0),
(280, 4, 3, 9, 0, 0, 0),
(281, 2, 3, 10, 0, 0, 0),
(282, 75, 3, 5, 0, 0, 0),
(283, 9, 3, 10, 0, 0, 0),
(284, 20, 3, 10, 0, 0, 0),
(285, 59, 3, 10, 0, 0, 0),
(286, 71, 3, 11, 0, 0, 0),
(287, 83, 3, 5, 0, 0, 0),
(288, 60, 3, 8, 0, 0, 0),
(289, 54, 3, 2, 0, 0, 0),
(290, 6, 3, 11, 0, 0, 0),
(291, 3, 3, 10, 0, 0, 0),
(292, 67, 3, 5, 0, 0, 0),
(293, 7, 3, 6, 0, 0, 0),
(294, 61, 3, 10, 0, 0, 0),
(295, 40, 3, 8, 0, 0, 0),
(296, 62, 3, 8, 0, 0, 0),
(297, 25, 3, 10, 0, 0, 0),
(298, 13, 3, 5, 0, 0, 0),
(299, 29, 3, 8, 0, 0, 0),
(300, 28, 3, 5, 0, 0, 0),
(301, 22, 3, 9, 0, 0, 0),
(302, 70, 3, 8, 0, 0, 0),
(303, 50, 3, 3, 0, 0, 0),
(304, 82, 3, 6, 0, 0, 0),
(305, 26, 3, 5, 0, 0, 0),
(306, 66, 3, 8, 0, 0, 0),
(307, 8, 3, 6, 0, 0, 0),
(308, 15, 3, 8, 0, 0, 0),
(309, 80, 3, 2, 0, 0, 0),
(310, 64, 3, 8, 0, 0, 0),
(311, 35, 3, 5, 0, 0, 0),
(312, 72, 3, 5, 0, 0, 0),
(313, 65, 3, 11, 0, 0, 0),
(314, 10, 3, 5, 0, 0, 0),
(315, 56, 3, 8, 0, 0, 0),
(316, 37, 3, 8, 0, 0, 0),
(317, 31, 3, 11, 0, 0, 0),
(318, 85, 3, 8, 0, 0, 0),
(319, 30, 3, 2, 0, 0, 0),
(320, 53, 3, 5, 0, 0, 0),
(321, 33, 3, 3, 0, 0, 0),
(322, 55, 3, 10, 0, 0, 0),
(323, 78, 3, 11, 0, 0, 0),
(324, 45, 3, 5, 0, 0, 0),
(325, 51, 3, 8, 0, 0, 0),
(326, 46, 3, 6, 0, 0, 0),
(327, 79, 3, 5, 0, 0, 0),
(328, 44, 3, 11, 0, 0, 0),
(329, 39, 3, 8, 0, 0, 0),
(330, 84, 3, 5, 0, 0, 0),
(331, 34, 3, 1, 0, 0, 0),
(332, 19, 3, 10, 0, 0, 0),
(333, 57, 3, 8, 0, 0, 0),
(334, 86, 3, 11, 0, 0, 0),
(335, 32, 3, 13, 0, 0, 0),
(336, 42, 3, 13, 0, 0, 0),
(337, 23, 3, 12, 0, 0, 0),
(338, 18, 3, 10, 0, 0, 0),
(339, 17, 3, 7, 0, 0, 0),
(340, 74, 3, 6, 0, 0, 0),
(341, 27, 3, 3, 0, 0, 0),
(342, 81, 3, 3, 0, 0, 0),
(343, 38, 4, 2, 0, 0, 0),
(344, 17, 4, 5, 0, 0, 0),
(345, 31, 4, 9, 0, 0, 0),
(346, 69, 4, 8, 0, 0, 0),
(347, 46, 4, 4, 0, 0, 0),
(348, 83, 4, 4, 0, 0, 0),
(349, 11, 4, 10, 0, 0, 0),
(350, 25, 4, 8, 0, 0, 0),
(351, 37, 4, 8, 0, 0, 0),
(352, 14, 4, 7, 0, 0, 0),
(353, 35, 4, 5, 0, 0, 0),
(354, 61, 4, 9, 0, 0, 0),
(355, 12, 4, 8, 0, 0, 0),
(356, 63, 4, 8, 0, 0, 0),
(357, 26, 4, 5, 0, 0, 0),
(358, 48, 4, 2, 0, 0, 0),
(359, 8, 4, 5, 0, 0, 0),
(360, 78, 4, 11, 0, 0, 0),
(361, 40, 4, 8, 0, 0, 0),
(362, 5, 4, 6, 0, 0, 0),
(363, 82, 4, 5, 0, 0, 0),
(364, 9, 4, 11, 0, 0, 0),
(365, 68, 4, 8, 0, 0, 0),
(366, 15, 4, 8, 0, 0, 0),
(367, 20, 4, 11, 0, 0, 0),
(368, 43, 4, 2, 0, 0, 0),
(369, 77, 4, 5, 0, 0, 0),
(370, 13, 4, 4, 0, 0, 0),
(371, 10, 4, 5, 0, 0, 0),
(372, 60, 4, 8, 0, 0, 0),
(373, 81, 4, 2, 0, 0, 0),
(374, 72, 4, 4, 0, 0, 0),
(375, 80, 4, 2, 0, 0, 0),
(376, 79, 4, 5, 0, 0, 0),
(377, 50, 4, 2, 0, 0, 0),
(378, 28, 4, 5, 0, 0, 0),
(379, 7, 4, 5, 0, 0, 0),
(380, 19, 4, 8, 0, 0, 0),
(381, 67, 4, 5, 0, 0, 0),
(382, 36, 4, 2, 0, 0, 0),
(383, 24, 4, 2, 0, 0, 0),
(384, 62, 4, 8, 0, 0, 0),
(385, 47, 4, 2, 0, 0, 0),
(386, 54, 4, 2, 0, 0, 0),
(387, 29, 4, 8, 0, 0, 0),
(388, 2, 4, 8, 0, 0, 0),
(389, 23, 4, 11, 0, 0, 0),
(390, 30, 4, 2, 0, 0, 0),
(391, 22, 4, 8, 0, 0, 0),
(392, 64, 4, 8, 0, 0, 0),
(393, 76, 4, 5, 0, 0, 0),
(394, 32, 4, 10, 0, 0, 0),
(395, 49, 4, 10, 0, 0, 0),
(396, 44, 4, 11, 0, 0, 0),
(397, 85, 4, 6, 0, 0, 0),
(398, 21, 4, 5, 0, 0, 0),
(399, 70, 4, 8, 0, 0, 0),
(400, 39, 4, 8, 0, 0, 0),
(401, 66, 4, 9, 0, 0, 0),
(402, 3, 4, 10, 0, 0, 0),
(403, 75, 4, 5, 0, 0, 0),
(404, 16, 4, 5, 0, 0, 0),
(405, 65, 4, 11, 0, 0, 0),
(406, 53, 4, 5, 0, 0, 0),
(407, 18, 4, 7, 0, 0, 0),
(408, 56, 4, 8, 0, 0, 0),
(409, 33, 4, 2, 0, 0, 0),
(410, 55, 4, 1, 0, 0, 0),
(411, 51, 4, 7, 0, 0, 0),
(412, 45, 4, 2, 0, 0, 0),
(413, 41, 4, 8, 0, 0, 0),
(414, 4, 4, 8, 0, 0, 0),
(415, 84, 4, 1, 0, 0, 0),
(416, 52, 4, 1, 0, 0, 0),
(417, 86, 4, 1, 0, 0, 0),
(418, 57, 4, 1, 0, 0, 0),
(419, 1, 4, 13, 0, 0, 0),
(420, 6, 4, 13, 0, 0, 0),
(421, 42, 4, 13, 0, 0, 0),
(422, 71, 4, 12, 0, 0, 0),
(423, 59, 4, 13, 0, 0, 0),
(424, 73, 4, 9, 0, 0, 0),
(425, 74, 4, 7, 0, 0, 0),
(426, 27, 4, 3, 0, 0, 0),
(427, 69, 5, 7, 0, 0, 0),
(428, 35, 5, 3, 0, 0, 0),
(429, 55, 5, 9, 0, 0, 0),
(430, 37, 5, 7, 0, 0, 0),
(431, 31, 5, 9, 0, 0, 0),
(432, 62, 5, 6, 0, 0, 0),
(433, 61, 5, 9, 0, 0, 0),
(434, 59, 5, 9, 0, 0, 0),
(435, 9, 5, 8, 0, 0, 0),
(436, 21, 5, 3, 0, 0, 0),
(437, 67, 5, 3, 0, 0, 0),
(438, 81, 5, 2, 0, 0, 0),
(439, 51, 5, 7, 0, 0, 0),
(440, 49, 5, 10, 0, 0, 0),
(441, 60, 5, 6, 0, 0, 0),
(442, 65, 5, 9, 0, 0, 0),
(443, 46, 5, 3, 0, 0, 0),
(444, 70, 5, 7, 0, 0, 0),
(445, 26, 5, 4, 0, 0, 0),
(446, 6, 5, 9, 0, 0, 0),
(447, 83, 5, 4, 0, 0, 0),
(448, 86, 5, 1, 0, 0, 0),
(449, 42, 5, 9, 0, 0, 0),
(450, 41, 5, 7, 0, 0, 0),
(451, 24, 5, 2, 0, 0, 0),
(452, 7, 5, 4, 0, 0, 0),
(453, 28, 5, 4, 0, 0, 0),
(454, 68, 5, 7, 0, 0, 0),
(455, 57, 5, 1, 0, 0, 0),
(456, 18, 5, 6, 0, 0, 0),
(457, 11, 5, 9, 0, 0, 0),
(458, 75, 5, 4, 0, 0, 0),
(459, 56, 5, 7, 0, 0, 0),
(460, 79, 5, 3, 0, 0, 0),
(461, 63, 5, 6, 0, 0, 0),
(462, 17, 5, 3, 0, 0, 0),
(463, 66, 5, 6, 0, 0, 0),
(464, 52, 5, 1, 0, 0, 0),
(465, 47, 5, 1, 0, 0, 0),
(466, 85, 5, 7, 0, 0, 0),
(467, 78, 5, 10, 0, 0, 0),
(468, 64, 5, 6, 0, 0, 0),
(469, 5, 5, 4, 0, 0, 0),
(470, 27, 5, 2, 0, 0, 0),
(471, 3, 5, 11, 0, 0, 0),
(472, 77, 5, 3, 0, 0, 0),
(473, 72, 5, 4, 0, 0, 0),
(474, 10, 5, 3, 0, 0, 0),
(475, 43, 5, 1, 0, 0, 0),
(476, 73, 5, 8, 0, 0, 0),
(477, 25, 5, 8, 0, 0, 0),
(478, 44, 5, 9, 0, 0, 0),
(479, 29, 5, 7, 0, 0, 0),
(480, 2, 5, 9, 0, 0, 0),
(481, 23, 5, 9, 0, 0, 0),
(482, 40, 5, 7, 0, 0, 0),
(483, 39, 5, 7, 0, 0, 0),
(484, 53, 5, 2, 0, 0, 0),
(485, 82, 5, 4, 0, 0, 0),
(486, 1, 5, 10, 0, 0, 0),
(487, 74, 5, 3, 0, 0, 0),
(488, 32, 5, 9, 0, 0, 0),
(489, 54, 5, 2, 0, 0, 0),
(490, 12, 5, 7, 0, 0, 0),
(491, 33, 5, 2, 0, 0, 0),
(492, 80, 5, 2, 0, 0, 0),
(493, 45, 5, 4, 0, 0, 0),
(494, 58, 5, 1, 0, 0, 0),
(495, 34, 5, 1, 0, 0, 0),
(496, 30, 5, 1, 0, 0, 0),
(497, 84, 5, 4, 0, 0, 0),
(498, 48, 5, 1, 0, 0, 0),
(499, 20, 5, 11, 0, 0, 0),
(500, 38, 5, 2, 0, 0, 0),
(501, 22, 5, 6, 0, 0, 0),
(502, 76, 5, 4, 0, 0, 0),
(503, 19, 5, 10, 0, 0, 0),
(504, 16, 5, 6, 0, 0, 0),
(505, 4, 5, 10, 0, 0, 0),
(506, 71, 5, 12, 0, 0, 0),
(507, 15, 5, 10, 0, 0, 0),
(508, 13, 5, 6, 0, 0, 0),
(509, 14, 5, 12, 0, 0, 0),
(510, 8, 5, 6, 0, 0, 0),
(511, 14, 6, 9, 0, 0, 0),
(512, 12, 6, 3, 0, 0, 0),
(513, 63, 6, 4, 0, 0, 0),
(514, 41, 6, 6, 0, 0, 0),
(515, 44, 6, 11, 0, 0, 0),
(516, 66, 6, 9, 0, 0, 0),
(517, 11, 6, 6, 0, 0, 0),
(518, 65, 6, 7, 0, 0, 0),
(519, 59, 6, 6, 0, 0, 0),
(520, 60, 6, 9, 0, 0, 0),
(521, 10, 6, 2, 0, 0, 0),
(522, 2, 6, 10, 0, 0, 0),
(523, 81, 6, 3, 0, 0, 0),
(524, 62, 6, 4, 0, 0, 0),
(525, 4, 6, 4, 0, 0, 0),
(526, 74, 6, 5, 0, 0, 0),
(527, 9, 6, 8, 0, 0, 0),
(528, 7, 6, 5, 0, 0, 0),
(529, 64, 6, 4, 0, 0, 0),
(530, 68, 6, 4, 0, 0, 0),
(531, 15, 6, 5, 0, 0, 0),
(532, 77, 6, 2, 0, 0, 0),
(533, 19, 6, 7, 0, 0, 0),
(534, 67, 6, 5, 0, 0, 0),
(535, 36, 6, 2, 0, 0, 0),
(536, 3, 6, 6, 0, 0, 0),
(537, 18, 6, 6, 0, 0, 0),
(538, 31, 6, 6, 0, 0, 0),
(539, 79, 6, 5, 0, 0, 0),
(540, 21, 6, 4, 0, 0, 0),
(541, 71, 6, 7, 0, 0, 0),
(542, 17, 6, 3, 0, 0, 0),
(543, 5, 6, 3, 0, 0, 0),
(544, 69, 6, 5, 0, 0, 0),
(545, 72, 6, 5, 0, 0, 0),
(546, 29, 6, 2, 0, 0, 0),
(547, 13, 6, 5, 0, 0, 0),
(548, 28, 6, 3, 0, 0, 0),
(549, 25, 6, 8, 0, 0, 0),
(550, 42, 6, 11, 0, 0, 0),
(551, 26, 6, 2, 0, 0, 0),
(552, 8, 6, 4, 0, 0, 0),
(553, 76, 6, 2, 0, 0, 0),
(554, 75, 6, 4, 0, 0, 0),
(555, 35, 6, 2, 0, 0, 0),
(556, 40, 6, 4, 0, 0, 0),
(557, 39, 6, 4, 0, 0, 0),
(558, 78, 6, 10, 0, 0, 0),
(559, 30, 6, 2, 0, 0, 0),
(560, 6, 6, 10, 0, 0, 0),
(561, 20, 6, 10, 0, 0, 0),
(562, 82, 6, 2, 0, 0, 0),
(563, 23, 6, 10, 0, 0, 0),
(564, 37, 6, 7, 0, 0, 0),
(565, 80, 6, 2, 0, 0, 0),
(566, 83, 6, 5, 0, 0, 0),
(567, 56, 6, 7, 0, 0, 0),
(568, 46, 6, 4, 0, 0, 0),
(569, 22, 6, 7, 0, 0, 0),
(570, 27, 6, 1, 0, 0, 0),
(571, 85, 6, 4, 0, 0, 0),
(572, 43, 6, 1, 0, 0, 0),
(573, 49, 6, 4, 0, 0, 0),
(574, 53, 6, 1, 0, 0, 0),
(575, 38, 6, 2, 0, 0, 0),
(576, 48, 6, 1, 0, 0, 0),
(577, 73, 6, 9, 0, 0, 0),
(578, 54, 6, 3, 0, 0, 0),
(579, 55, 6, 1, 0, 0, 0),
(580, 51, 6, 3, 0, 0, 0),
(581, 45, 6, 2, 0, 0, 0),
(582, 50, 6, 1, 0, 0, 0),
(583, 84, 6, 1, 0, 0, 0),
(584, 52, 6, 5, 0, 0, 0),
(585, 86, 6, 1, 0, 0, 0),
(586, 57, 6, 8, 0, 0, 0),
(587, 24, 6, 3, 0, 0, 0),
(588, 32, 6, 13, 0, 0, 0),
(589, 47, 6, 3, 0, 0, 0),
(590, 34, 6, 3, 0, 0, 0),
(591, 16, 6, 8, 0, 0, 0),
(592, 70, 6, 11, 0, 0, 0),
(593, 1, 6, 13, 0, 0, 0),
(594, 61, 6, 13, 0, 0, 0),
(595, 45, 7, 1, 0, 0, 0),
(596, 81, 7, 1, 0, 0, 0),
(597, 31, 7, 7, 0, 0, 0),
(598, 28, 7, 3, 0, 0, 0),
(599, 8, 7, 3, 0, 0, 0),
(600, 23, 7, 8, 0, 0, 0),
(601, 5, 7, 2, 0, 0, 0),
(602, 55, 7, 7, 0, 0, 0),
(603, 27, 7, 1, 0, 0, 0),
(604, 32, 7, 9, 0, 0, 0),
(605, 7, 7, 4, 0, 0, 0),
(606, 42, 7, 8, 0, 0, 0),
(607, 63, 7, 4, 0, 0, 0),
(608, 9, 7, 10, 0, 0, 0),
(609, 48, 7, 1, 0, 0, 0),
(610, 69, 7, 7, 0, 0, 0),
(611, 76, 7, 2, 0, 0, 0),
(612, 29, 7, 4, 0, 0, 0),
(613, 21, 7, 3, 0, 0, 0),
(614, 6, 7, 8, 0, 0, 0),
(615, 36, 7, 2, 0, 0, 0),
(616, 14, 7, 8, 0, 0, 0),
(617, 83, 7, 3, 0, 0, 0),
(618, 10, 7, 4, 0, 0, 0),
(619, 49, 7, 8, 0, 0, 0),
(620, 79, 7, 3, 0, 0, 0),
(621, 24, 7, 2, 0, 0, 0),
(622, 61, 7, 1, 0, 0, 0),
(623, 59, 7, 10, 0, 0, 0),
(624, 46, 7, 1, 0, 0, 0),
(625, 80, 7, 1, 0, 0, 0),
(626, 38, 7, 2, 0, 0, 0),
(627, 41, 7, 5, 0, 0, 0),
(628, 37, 7, 4, 0, 0, 0),
(629, 4, 7, 6, 0, 0, 0),
(630, 47, 7, 1, 0, 0, 0),
(631, 64, 7, 5, 0, 0, 0),
(632, 73, 7, 7, 0, 0, 0),
(633, 25, 7, 8, 0, 0, 0),
(634, 1, 7, 10, 0, 0, 0),
(635, 30, 7, 1, 0, 0, 0),
(636, 35, 7, 2, 0, 0, 0),
(637, 2, 7, 9, 0, 0, 0),
(638, 60, 7, 5, 0, 0, 0),
(639, 67, 7, 2, 0, 0, 0),
(640, 3, 7, 9, 0, 0, 0),
(641, 34, 7, 1, 0, 0, 0),
(642, 20, 7, 10, 0, 0, 0),
(643, 62, 7, 5, 0, 0, 0),
(644, 39, 7, 5, 0, 0, 0),
(645, 68, 7, 6, 0, 0, 0),
(646, 78, 7, 10, 0, 0, 0),
(647, 82, 7, 3, 0, 0, 0),
(648, 11, 7, 7, 0, 0, 0),
(649, 66, 7, 6, 0, 0, 0),
(650, 77, 7, 3, 0, 0, 0),
(651, 19, 7, 6, 0, 0, 0),
(652, 44, 7, 10, 0, 0, 0),
(653, 26, 7, 2, 0, 0, 0),
(654, 71, 7, 9, 0, 0, 0),
(655, 65, 7, 7, 0, 0, 0),
(656, 85, 7, 3, 0, 0, 0),
(657, 43, 7, 1, 0, 0, 0),
(658, 17, 7, 2, 0, 0, 0),
(659, 74, 7, 3, 0, 0, 0),
(660, 53, 7, 1, 0, 0, 0),
(661, 56, 7, 1, 0, 0, 0),
(662, 40, 7, 5, 0, 0, 0),
(663, 16, 7, 4, 0, 0, 0),
(664, 51, 7, 2, 0, 0, 0),
(665, 72, 7, 3, 0, 0, 0),
(666, 50, 7, 1, 0, 0, 0),
(667, 84, 7, 1, 0, 0, 0),
(668, 52, 7, 1, 0, 0, 0),
(669, 54, 7, 1, 0, 0, 0),
(670, 58, 7, 1, 0, 0, 0),
(671, 86, 7, 1, 0, 0, 0),
(672, 57, 7, 1, 0, 0, 0),
(673, 15, 7, 10, 0, 0, 0),
(674, 33, 7, 3, 0, 0, 0),
(675, 12, 7, 10, 0, 0, 0),
(676, 13, 7, 5, 0, 0, 0),
(677, 70, 7, 11, 0, 0, 0),
(678, 22, 7, 11, 0, 0, 0),
(679, 18, 7, 10, 0, 0, 0),
(680, 75, 7, 8, 0, 0, 0),
(681, 14, 8, 11, 0, 0, 0),
(682, 64, 8, 7, 0, 0, 0),
(683, 73, 8, 7, 0, 0, 0),
(684, 8, 8, 5, 0, 0, 0),
(685, 46, 8, 4, 0, 0, 0),
(686, 82, 8, 4, 0, 0, 0),
(687, 63, 8, 7, 0, 0, 0),
(688, 18, 8, 7, 0, 0, 0),
(689, 38, 8, 2, 0, 0, 0),
(690, 48, 8, 2, 0, 0, 0),
(691, 9, 8, 9, 0, 0, 0),
(692, 1, 8, 10, 0, 0, 0),
(693, 58, 8, 1, 0, 0, 0),
(694, 61, 8, 9, 0, 0, 0),
(695, 41, 8, 7, 0, 0, 0),
(696, 60, 8, 7, 0, 0, 0),
(697, 20, 8, 10, 0, 0, 0),
(698, 34, 8, 2, 0, 0, 0),
(699, 83, 8, 4, 0, 0, 0),
(700, 45, 8, 4, 0, 0, 0),
(701, 74, 8, 4, 0, 0, 0),
(702, 47, 8, 2, 0, 0, 0),
(703, 75, 8, 4, 0, 0, 0),
(704, 17, 8, 5, 0, 0, 0),
(705, 36, 8, 2, 0, 0, 0),
(706, 65, 8, 11, 0, 0, 0),
(707, 80, 8, 2, 0, 0, 0),
(708, 32, 8, 10, 0, 0, 0),
(709, 33, 8, 2, 0, 0, 0),
(710, 43, 8, 1, 0, 0, 0),
(711, 76, 8, 4, 0, 0, 0),
(712, 72, 8, 4, 0, 0, 0),
(713, 2, 8, 10, 0, 0, 0),
(714, 11, 8, 9, 0, 0, 0),
(715, 42, 8, 10, 0, 0, 0),
(716, 29, 8, 7, 0, 0, 0),
(717, 12, 8, 7, 0, 0, 0),
(718, 21, 8, 5, 0, 0, 0),
(719, 10, 8, 5, 0, 0, 0),
(720, 39, 8, 7, 0, 0, 0),
(721, 31, 8, 10, 0, 0, 0),
(722, 59, 8, 10, 0, 0, 0),
(723, 62, 8, 8, 0, 0, 0),
(724, 24, 8, 2, 0, 0, 0),
(725, 49, 8, 10, 0, 0, 0),
(726, 69, 8, 8, 0, 0, 0),
(727, 25, 8, 9, 0, 0, 0),
(728, 22, 8, 8, 0, 0, 0),
(729, 27, 8, 2, 0, 0, 0),
(730, 13, 8, 4, 0, 0, 0),
(731, 30, 8, 2, 0, 0, 0),
(732, 7, 8, 5, 0, 0, 0),
(733, 78, 8, 10, 0, 0, 0),
(734, 19, 8, 8, 0, 0, 0),
(735, 28, 8, 4, 0, 0, 0),
(736, 50, 8, 1, 0, 0, 0),
(737, 44, 8, 9, 0, 0, 0),
(738, 66, 8, 7, 0, 0, 0),
(739, 37, 8, 8, 0, 0, 0),
(740, 85, 8, 7, 0, 0, 0),
(741, 6, 8, 10, 0, 0, 0),
(742, 67, 8, 4, 0, 0, 0),
(743, 16, 8, 5, 0, 0, 0),
(744, 5, 8, 4, 0, 0, 0),
(745, 53, 8, 4, 0, 0, 0),
(746, 79, 8, 5, 0, 0, 0),
(747, 56, 8, 8, 0, 0, 0),
(748, 55, 8, 9, 0, 0, 0),
(749, 51, 8, 7, 0, 0, 0),
(750, 23, 8, 10, 0, 0, 0),
(751, 70, 8, 8, 0, 0, 0),
(752, 54, 8, 2, 0, 0, 0),
(753, 26, 8, 5, 0, 0, 0),
(754, 84, 8, 4, 0, 0, 0),
(755, 52, 8, 9, 0, 0, 0),
(756, 3, 8, 9, 0, 0, 0),
(757, 86, 8, 9, 0, 0, 0),
(758, 57, 8, 6, 0, 0, 0),
(759, 71, 8, 13, 0, 0, 0),
(760, 68, 8, 9, 0, 0, 0),
(761, 40, 8, 9, 0, 0, 0),
(762, 15, 8, 9, 0, 0, 0),
(763, 4, 8, 9, 0, 0, 0),
(764, 35, 8, 6, 0, 0, 0),
(765, 77, 8, 6, 0, 0, 0),
(766, 81, 8, 3, 0, 0, 0),
(767, 18, 9, 7, 0, 0, 0),
(768, 69, 9, 4, 0, 0, 0),
(769, 10, 9, 5, 0, 0, 0),
(770, 11, 9, 8, 0, 0, 0),
(771, 21, 9, 4, 0, 0, 0),
(772, 72, 9, 2, 0, 0, 0),
(773, 16, 9, 4, 0, 0, 0),
(774, 28, 9, 4, 0, 0, 0),
(775, 83, 9, 1, 0, 0, 0),
(776, 35, 9, 3, 0, 0, 0),
(777, 68, 9, 4, 0, 0, 0),
(778, 7, 9, 3, 0, 0, 0),
(779, 20, 9, 10, 0, 0, 0),
(780, 79, 9, 4, 0, 0, 0),
(781, 64, 9, 2, 0, 0, 0),
(782, 26, 9, 3, 0, 0, 0),
(783, 48, 9, 1, 0, 0, 0),
(784, 15, 9, 8, 0, 0, 0),
(785, 12, 9, 6, 0, 0, 0),
(786, 29, 9, 7, 0, 0, 0),
(787, 24, 9, 2, 0, 0, 0),
(788, 1, 9, 10, 0, 0, 0),
(789, 61, 9, 1, 0, 0, 0),
(790, 22, 9, 7, 0, 0, 0),
(791, 76, 9, 5, 0, 0, 0),
(792, 73, 9, 7, 0, 0, 0),
(793, 65, 9, 10, 0, 0, 0),
(794, 30, 9, 2, 0, 0, 0),
(795, 17, 9, 4, 0, 0, 0),
(796, 41, 9, 7, 0, 0, 0),
(797, 2, 9, 10, 0, 0, 0),
(798, 80, 9, 1, 0, 0, 0),
(799, 5, 9, 4, 0, 0, 0),
(800, 60, 9, 2, 0, 0, 0),
(801, 6, 9, 9, 0, 0, 0),
(802, 9, 9, 8, 0, 0, 0),
(803, 3, 9, 8, 0, 0, 0),
(804, 39, 9, 7, 0, 0, 0),
(805, 37, 9, 7, 0, 0, 0),
(806, 25, 9, 8, 0, 0, 0),
(807, 56, 9, 7, 0, 0, 0),
(808, 49, 9, 1, 0, 0, 0),
(809, 54, 9, 2, 0, 0, 0),
(810, 82, 9, 1, 0, 0, 0),
(811, 40, 9, 7, 0, 0, 0),
(812, 70, 9, 7, 0, 0, 0),
(813, 13, 9, 4, 0, 0, 0),
(814, 19, 9, 7, 0, 0, 0),
(815, 66, 9, 6, 0, 0, 0),
(816, 62, 9, 6, 0, 0, 0),
(817, 75, 9, 4, 0, 0, 0),
(818, 36, 9, 2, 0, 0, 0),
(819, 85, 9, 6, 0, 0, 0),
(820, 46, 9, 4, 0, 0, 0),
(821, 67, 9, 5, 0, 0, 0),
(822, 14, 9, 8, 0, 0, 0),
(823, 53, 9, 4, 0, 0, 0),
(824, 34, 9, 2, 0, 0, 0),
(825, 77, 9, 5, 0, 0, 0),
(826, 45, 9, 3, 0, 0, 0),
(827, 71, 9, 10, 0, 0, 0),
(828, 32, 9, 9, 0, 0, 0),
(829, 59, 9, 10, 0, 0, 0),
(830, 50, 9, 2, 0, 0, 0),
(831, 55, 9, 1, 0, 0, 0),
(832, 51, 9, 7, 0, 0, 0),
(833, 63, 9, 5, 0, 0, 0),
(834, 42, 9, 10, 0, 0, 0),
(835, 31, 9, 7, 0, 0, 0),
(836, 4, 9, 7, 0, 0, 0),
(837, 84, 9, 1, 0, 0, 0),
(838, 52, 9, 3, 0, 0, 0),
(839, 86, 9, 8, 0, 0, 0),
(840, 57, 9, 1, 0, 0, 0),
(841, 44, 9, 12, 0, 0, 0),
(842, 23, 9, 12, 0, 0, 0),
(843, 78, 9, 13, 0, 0, 0),
(844, 74, 9, 6, 0, 0, 0),
(845, 81, 9, 2, 0, 0, 0),
(846, 33, 9, 2, 0, 0, 0),
(847, 27, 9, 2, 0, 0, 0),
(848, 8, 9, 6, 0, 0, 0),
(849, 50, 10, 1, 0, 0, 0),
(850, 82, 10, 6, 0, 0, 0),
(851, 1, 10, 11, 0, 0, 0),
(852, 8, 10, 4, 0, 0, 0),
(853, 22, 10, 9, 0, 0, 0),
(854, 4, 10, 8, 0, 0, 0),
(855, 55, 10, 8, 0, 0, 0),
(856, 61, 10, 10, 0, 0, 0),
(857, 73, 10, 9, 0, 0, 0),
(858, 76, 10, 5, 0, 0, 0),
(859, 9, 10, 9, 0, 0, 0),
(860, 28, 10, 7, 0, 0, 0),
(861, 2, 10, 9, 0, 0, 0),
(862, 14, 10, 8, 0, 0, 0),
(863, 59, 10, 6, 0, 0, 0),
(864, 13, 10, 5, 0, 0, 0),
(865, 80, 10, 2, 0, 0, 0),
(866, 79, 10, 5, 0, 0, 0),
(867, 17, 10, 6, 0, 0, 0),
(868, 72, 10, 4, 0, 0, 0),
(869, 5, 10, 5, 0, 0, 0),
(870, 30, 10, 2, 0, 0, 0),
(871, 33, 10, 2, 0, 0, 0),
(872, 86, 10, 6, 0, 0, 0),
(873, 37, 10, 5, 0, 0, 0),
(874, 85, 10, 8, 0, 0, 0),
(875, 51, 10, 8, 0, 0, 0),
(876, 54, 10, 2, 0, 0, 0),
(877, 56, 10, 8, 0, 0, 0),
(878, 38, 10, 2, 0, 0, 0),
(879, 69, 10, 10, 0, 0, 0),
(880, 19, 10, 8, 0, 0, 0),
(881, 70, 10, 8, 0, 0, 0),
(882, 44, 10, 11, 0, 0, 0),
(883, 29, 10, 8, 0, 0, 0),
(884, 75, 10, 6, 0, 0, 0),
(885, 41, 10, 9, 0, 0, 0),
(886, 45, 10, 5, 0, 0, 0),
(887, 21, 10, 4, 0, 0, 0),
(888, 60, 10, 9, 0, 0, 0),
(889, 63, 10, 4, 0, 0, 0),
(890, 35, 10, 5, 0, 0, 0),
(891, 53, 10, 4, 0, 0, 0),
(892, 31, 10, 7, 0, 0, 0),
(893, 47, 10, 2, 0, 0, 0),
(894, 24, 10, 2, 0, 0, 0),
(895, 62, 10, 8, 0, 0, 0),
(896, 27, 10, 2, 0, 0, 0),
(897, 67, 10, 5, 0, 0, 0),
(898, 65, 10, 9, 0, 0, 0),
(899, 57, 10, 8, 0, 0, 0),
(900, 77, 10, 5, 0, 0, 0),
(901, 42, 10, 11, 0, 0, 0),
(902, 23, 10, 11, 0, 0, 0),
(903, 18, 10, 10, 0, 0, 0),
(904, 81, 10, 3, 0, 0, 0),
(905, 20, 10, 9, 0, 0, 0),
(906, 7, 10, 5, 0, 0, 0),
(907, 40, 10, 8, 0, 0, 0),
(908, 34, 10, 2, 0, 0, 0),
(909, 26, 10, 5, 0, 0, 0),
(910, 32, 10, 10, 0, 0, 0),
(911, 12, 10, 10, 0, 0, 0),
(912, 39, 10, 8, 0, 0, 0),
(913, 84, 10, 2, 0, 0, 0),
(914, 3, 10, 9, 0, 0, 0),
(915, 25, 10, 10, 0, 0, 0),
(916, 68, 10, 4, 0, 0, 0),
(917, 64, 10, 8, 0, 0, 0),
(918, 46, 10, 4, 0, 0, 0),
(919, 15, 10, 7, 0, 0, 0),
(920, 66, 10, 9, 0, 0, 0),
(921, 52, 10, 10, 0, 0, 0),
(922, 74, 10, 4, 0, 0, 0),
(923, 11, 10, 9, 0, 0, 0),
(924, 16, 10, 4, 0, 0, 0),
(925, 78, 10, 11, 0, 0, 0),
(926, 10, 10, 5, 0, 0, 0),
(927, 48, 10, 2, 0, 0, 0),
(928, 36, 10, 2, 0, 0, 0),
(929, 43, 10, 2, 0, 0, 0),
(930, 6, 10, 10, 0, 0, 0),
(931, 83, 10, 6, 0, 0, 0),
(932, 71, 10, 12, 0, 0, 0),
(933, 49, 10, 10, 0, 0, 0),
(934, 74, 11, 4, 0, 0, 0),
(935, 32, 11, 9, 0, 0, 0),
(936, 13, 11, 4, 0, 0, 0),
(937, 31, 11, 9, 0, 0, 0),
(938, 82, 11, 4, 0, 0, 0),
(939, 21, 11, 4, 0, 0, 0),
(940, 18, 11, 7, 0, 0, 0),
(941, 10, 11, 4, 0, 0, 0),
(942, 5, 11, 4, 0, 0, 0),
(943, 7, 11, 4, 0, 0, 0),
(944, 73, 11, 7, 0, 0, 0),
(945, 59, 11, 9, 0, 0, 0),
(946, 30, 11, 1, 0, 0, 0),
(947, 71, 11, 9, 0, 0, 0),
(948, 25, 11, 9, 0, 0, 0),
(949, 9, 11, 9, 0, 0, 0),
(950, 14, 11, 9, 0, 0, 0),
(951, 11, 11, 9, 0, 0, 0),
(952, 17, 11, 4, 0, 0, 0),
(953, 36, 11, 2, 0, 0, 0),
(954, 65, 11, 11, 0, 0, 0),
(955, 16, 11, 6, 0, 0, 0),
(956, 69, 11, 7, 0, 0, 0),
(957, 15, 11, 7, 0, 0, 0),
(958, 80, 11, 2, 0, 0, 0),
(959, 23, 11, 11, 0, 0, 0),
(960, 60, 11, 7, 0, 0, 0),
(961, 79, 11, 4, 0, 0, 0),
(962, 2, 11, 9, 0, 0, 0),
(963, 61, 11, 9, 0, 0, 0),
(964, 72, 11, 4, 0, 0, 0),
(965, 76, 11, 4, 0, 0, 0),
(966, 3, 11, 9, 0, 0, 0),
(967, 1, 11, 9, 0, 0, 0),
(968, 28, 11, 4, 0, 0, 0),
(969, 19, 11, 8, 0, 0, 0),
(970, 75, 11, 4, 0, 0, 0),
(971, 67, 11, 4, 0, 0, 0),
(972, 27, 11, 2, 0, 0, 0),
(973, 78, 11, 11, 0, 0, 0),
(974, 40, 11, 7, 0, 0, 0),
(975, 77, 11, 4, 0, 0, 0),
(976, 33, 11, 2, 0, 0, 0),
(977, 62, 11, 7, 0, 0, 0),
(978, 22, 11, 7, 0, 0, 0),
(979, 26, 11, 4, 0, 0, 0),
(980, 39, 11, 7, 0, 0, 0),
(981, 12, 11, 8, 0, 0, 0),
(982, 6, 11, 9, 0, 0, 0),
(983, 35, 11, 4, 0, 0, 0),
(984, 41, 11, 7, 0, 0, 0),
(985, 37, 11, 7, 0, 0, 0),
(986, 24, 11, 2, 0, 0, 0),
(987, 66, 11, 7, 0, 0, 0),
(988, 49, 11, 10, 0, 0, 0),
(989, 20, 11, 9, 0, 0, 0),
(990, 64, 11, 7, 0, 0, 0),
(991, 83, 11, 4, 0, 0, 0),
(992, 42, 11, 10, 0, 0, 0),
(993, 47, 11, 1, 0, 0, 0),
(994, 85, 11, 7, 0, 0, 0),
(995, 56, 11, 7, 0, 0, 0),
(996, 53, 11, 4, 0, 0, 0),
(997, 55, 11, 9, 0, 0, 0),
(998, 51, 11, 7, 0, 0, 0),
(999, 45, 11, 4, 0, 0, 0),
(1000, 63, 11, 7, 0, 0, 0),
(1001, 48, 11, 1, 0, 0, 0),
(1002, 54, 11, 1, 0, 0, 0),
(1003, 8, 11, 4, 0, 0, 0),
(1004, 29, 11, 7, 0, 0, 0),
(1005, 50, 11, 1, 0, 0, 0),
(1006, 84, 11, 3, 0, 0, 0),
(1007, 52, 11, 9, 0, 0, 0),
(1008, 86, 11, 8, 0, 0, 0),
(1009, 57, 11, 6, 0, 0, 0),
(1010, 81, 11, 2, 0, 0, 0),
(1011, 4, 11, 9, 0, 0, 0),
(1012, 38, 11, 2, 0, 0, 0),
(1013, 70, 11, 8, 0, 0, 0),
(1014, 68, 11, 8, 0, 0, 0),
(1015, 43, 11, 2, 0, 0, 0),
(1016, 46, 11, 5, 0, 0, 0),
(1017, 44, 11, 11, 0, 0, 0),
(1018, 42, 12, 11, 0, 0, 0),
(1019, 4, 12, 6, 0, 0, 0),
(1020, 60, 12, 6, 0, 0, 0),
(1021, 17, 12, 3, 0, 0, 0),
(1022, 63, 12, 6, 0, 0, 0),
(1023, 67, 12, 2, 0, 0, 0),
(1024, 80, 12, 2, 0, 0, 0),
(1025, 59, 12, 8, 0, 0, 0),
(1026, 55, 12, 7, 0, 0, 0),
(1027, 21, 12, 2, 0, 0, 0),
(1028, 45, 12, 3, 0, 0, 0),
(1029, 83, 12, 2, 0, 0, 0),
(1030, 28, 12, 3, 0, 0, 0),
(1031, 75, 12, 1, 0, 0, 0),
(1032, 18, 12, 8, 0, 0, 0),
(1033, 69, 12, 6, 0, 0, 0),
(1034, 15, 12, 8, 0, 0, 0),
(1035, 10, 12, 4, 0, 0, 0),
(1036, 37, 12, 5, 0, 0, 0),
(1037, 38, 12, 3, 0, 0, 0),
(1038, 20, 12, 8, 0, 0, 0),
(1039, 46, 12, 4, 0, 0, 0),
(1040, 22, 12, 5, 0, 0, 0),
(1041, 44, 12, 8, 0, 0, 0),
(1042, 66, 12, 5, 0, 0, 0),
(1043, 27, 12, 2, 0, 0, 0),
(1044, 64, 12, 5, 0, 0, 0),
(1045, 61, 12, 7, 0, 0, 0),
(1046, 32, 12, 8, 0, 0, 0),
(1047, 9, 12, 7, 0, 0, 0),
(1048, 56, 12, 9, 0, 0, 0),
(1049, 71, 12, 10, 0, 0, 0),
(1050, 62, 12, 8, 0, 0, 0),
(1051, 29, 12, 5, 0, 0, 0),
(1052, 1, 12, 13, 0, 0, 0),
(1053, 31, 12, 10, 0, 0, 0),
(1054, 26, 12, 4, 0, 0, 0),
(1055, 49, 12, 7, 0, 0, 0),
(1056, 68, 12, 5, 0, 0, 0),
(1057, 24, 12, 2, 0, 0, 0),
(1058, 33, 12, 2, 0, 0, 0),
(1059, 76, 12, 3, 0, 0, 0),
(1060, 73, 12, 7, 0, 0, 0),
(1061, 77, 12, 5, 0, 0, 0),
(1062, 65, 12, 13, 0, 0, 0),
(1063, 12, 12, 7, 0, 0, 0),
(1064, 2, 12, 9, 0, 0, 0),
(1065, 79, 12, 3, 0, 0, 0),
(1066, 70, 12, 8, 0, 0, 0),
(1067, 11, 12, 8, 0, 0, 0),
(1068, 40, 12, 8, 0, 0, 0),
(1069, 14, 12, 7, 0, 0, 0),
(1070, 8, 12, 3, 0, 0, 0),
(1071, 41, 12, 6, 0, 0, 0),
(1072, 5, 12, 5, 0, 0, 0),
(1073, 19, 12, 6, 0, 0, 0),
(1074, 35, 12, 4, 0, 0, 0),
(1075, 85, 12, 5, 0, 0, 0),
(1076, 30, 12, 2, 0, 0, 0),
(1077, 25, 12, 8, 0, 0, 0),
(1078, 53, 12, 6, 0, 0, 0),
(1079, 34, 12, 2, 0, 0, 0),
(1080, 82, 12, 3, 0, 0, 0),
(1081, 51, 12, 5, 0, 0, 0),
(1082, 39, 12, 6, 0, 0, 0),
(1083, 6, 12, 9, 0, 0, 0),
(1084, 3, 12, 8, 0, 0, 0),
(1085, 23, 12, 9, 0, 0, 0),
(1086, 48, 12, 2, 0, 0, 0),
(1087, 72, 12, 1, 0, 0, 0),
(1088, 74, 12, 6, 0, 0, 0),
(1089, 84, 12, 1, 0, 0, 0),
(1090, 52, 12, 9, 0, 0, 0),
(1091, 86, 12, 8, 0, 0, 0),
(1092, 57, 12, 6, 0, 0, 0),
(1093, 36, 12, 2, 0, 0, 0),
(1094, 54, 12, 2, 0, 0, 0),
(1095, 7, 12, 6, 0, 0, 0),
(1096, 43, 12, 2, 0, 0, 0),
(1097, 13, 12, 5, 0, 0, 0),
(1098, 16, 12, 6, 0, 0, 0),
(1099, 81, 12, 2, 0, 0, 0),
(1100, 78, 12, 13, 0, 0, 0),
(1101, 2, 14, 10, 0, 0, 0),
(1102, 77, 14, 3, 0, 0, 0),
(1103, 20, 14, 9, 0, 0, 0),
(1104, 13, 14, 4, 0, 0, 0),
(1105, 12, 14, 8, 0, 0, 0),
(1106, 23, 14, 10, 0, 0, 0),
(1107, 7, 14, 4, 0, 0, 0),
(1108, 11, 14, 7, 0, 0, 0),
(1109, 19, 14, 8, 0, 0, 0),
(1110, 22, 14, 8, 0, 0, 0),
(1111, 63, 14, 8, 0, 0, 0),
(1112, 68, 14, 5, 0, 0, 0),
(1113, 59, 14, 7, 0, 0, 0),
(1114, 44, 14, 11, 0, 0, 0),
(1115, 27, 14, 2, 0, 0, 0),
(1116, 17, 14, 4, 0, 0, 0),
(1117, 64, 14, 5, 0, 0, 0),
(1118, 73, 14, 6, 0, 0, 0),
(1119, 74, 14, 3, 0, 0, 0),
(1120, 9, 14, 7, 0, 0, 0),
(1121, 36, 14, 2, 0, 0, 0),
(1122, 1, 14, 10, 0, 0, 0),
(1123, 32, 14, 10, 0, 0, 0),
(1124, 21, 14, 5, 0, 0, 0),
(1125, 67, 14, 4, 0, 0, 0),
(1126, 62, 14, 8, 0, 0, 0),
(1127, 3, 14, 10, 0, 0, 0),
(1128, 82, 14, 3, 0, 0, 0),
(1129, 29, 14, 6, 0, 0, 0),
(1130, 66, 14, 5, 0, 0, 0),
(1131, 37, 14, 5, 0, 0, 0),
(1132, 61, 14, 7, 0, 0, 0),
(1133, 76, 14, 2, 0, 0, 0),
(1134, 10, 14, 4, 0, 0, 0),
(1135, 16, 14, 4, 0, 0, 0),
(1136, 79, 14, 4, 0, 0, 0),
(1137, 25, 14, 9, 0, 0, 0),
(1138, 28, 14, 3, 0, 0, 0),
(1139, 69, 14, 8, 0, 0, 0),
(1140, 42, 14, 10, 0, 0, 0),
(1141, 40, 14, 5, 0, 0, 0),
(1142, 14, 14, 8, 0, 0, 0),
(1143, 75, 14, 5, 0, 0, 0),
(1144, 26, 14, 2, 0, 0, 0),
(1145, 70, 14, 8, 0, 0, 0),
(1146, 31, 14, 7, 0, 0, 0),
(1147, 65, 14, 11, 0, 0, 0),
(1148, 35, 14, 4, 0, 0, 0),
(1149, 60, 14, 5, 0, 0, 0),
(1150, 30, 14, 1, 0, 0, 0),
(1151, 49, 14, 7, 0, 0, 0),
(1152, 39, 14, 5, 0, 0, 0),
(1153, 83, 14, 4, 0, 0, 0),
(1154, 41, 14, 8, 0, 0, 0),
(1155, 34, 14, 2, 0, 0, 0),
(1156, 15, 14, 8, 0, 0, 0),
(1157, 24, 14, 1, 0, 0, 0),
(1158, 46, 14, 4, 0, 0, 0),
(1159, 71, 14, 10, 0, 0, 0),
(1160, 5, 14, 5, 0, 0, 0),
(1161, 56, 14, 8, 0, 0, 0),
(1162, 55, 14, 7, 0, 0, 0),
(1163, 85, 14, 6, 0, 0, 0),
(1164, 53, 14, 3, 0, 0, 0),
(1165, 43, 14, 2, 0, 0, 0),
(1166, 45, 14, 3, 0, 0, 0),
(1167, 50, 14, 1, 0, 0, 0),
(1168, 38, 14, 2, 0, 0, 0),
(1169, 47, 14, 2, 0, 0, 0),
(1170, 48, 14, 2, 0, 0, 0),
(1171, 84, 14, 2, 0, 0, 0),
(1172, 54, 14, 1, 0, 0, 0),
(1173, 51, 14, 5, 0, 0, 0),
(1174, 58, 14, 2, 0, 0, 0),
(1175, 52, 14, 7, 0, 0, 0),
(1176, 57, 14, 5, 0, 0, 0),
(1177, 86, 14, 7, 0, 0, 0),
(1178, 72, 14, 6, 0, 0, 0),
(1179, 78, 14, 13, 0, 0, 0),
(1180, 81, 14, 2, 0, 0, 0),
(1181, 6, 14, 13, 0, 0, 0),
(1182, 4, 14, 10, 0, 0, 0),
(1183, 8, 14, 7, 0, 0, 0),
(1184, 18, 14, 9, 0, 0, 0),
(1185, 33, 14, 3, 0, 0, 0),
(1186, 35, 15, 4, 0, 0, 0),
(1187, 26, 15, 5, 0, 0, 0),
(1188, 48, 15, 2, 0, 0, 0),
(1189, 19, 15, 8, 0, 0, 0),
(1190, 28, 15, 6, 0, 0, 0),
(1191, 68, 15, 7, 0, 0, 0),
(1192, 5, 15, 5, 0, 0, 0),
(1193, 80, 15, 2, 0, 0, 0),
(1194, 20, 15, 11, 0, 0, 0),
(1195, 41, 15, 8, 0, 0, 0),
(1196, 52, 15, 10, 0, 0, 0),
(1197, 37, 15, 8, 0, 0, 0),
(1198, 83, 15, 4, 0, 0, 0),
(1199, 21, 15, 5, 0, 0, 0),
(1200, 82, 15, 4, 0, 0, 0),
(1201, 11, 15, 8, 0, 0, 0),
(1202, 74, 15, 5, 0, 0, 0),
(1203, 55, 15, 8, 0, 0, 0),
(1204, 27, 15, 2, 0, 0, 0),
(1205, 79, 15, 6, 0, 0, 0),
(1206, 56, 15, 8, 0, 0, 0),
(1207, 44, 15, 12, 0, 0, 0),
(1208, 62, 15, 9, 0, 0, 0),
(1209, 43, 15, 2, 0, 0, 0),
(1210, 16, 15, 5, 0, 0, 0),
(1211, 51, 15, 6, 0, 0, 0),
(1212, 54, 15, 2, 0, 0, 0),
(1213, 23, 15, 11, 0, 0, 0),
(1214, 31, 15, 10, 0, 0, 0),
(1215, 61, 15, 10, 0, 0, 0),
(1216, 29, 15, 8, 0, 0, 0),
(1217, 71, 15, 11, 0, 0, 0),
(1218, 15, 15, 8, 0, 0, 0),
(1219, 53, 15, 5, 0, 0, 0),
(1220, 39, 15, 8, 0, 0, 0),
(1221, 85, 15, 8, 0, 0, 0),
(1222, 3, 15, 11, 0, 0, 0),
(1223, 63, 15, 6, 0, 0, 0),
(1224, 72, 15, 5, 0, 0, 0),
(1225, 9, 15, 10, 0, 0, 0),
(1226, 73, 15, 8, 0, 0, 0),
(1227, 81, 15, 2, 0, 0, 0),
(1228, 40, 15, 8, 0, 0, 0),
(1229, 42, 15, 11, 0, 0, 0),
(1230, 2, 15, 10, 0, 0, 0),
(1231, 8, 15, 5, 0, 0, 0),
(1232, 7, 15, 6, 0, 0, 0),
(1233, 66, 15, 6, 0, 0, 0),
(1234, 25, 15, 11, 0, 0, 0),
(1235, 75, 15, 5, 0, 0, 0),
(1236, 76, 15, 6, 0, 0, 0),
(1237, 64, 15, 6, 0, 0, 0),
(1238, 33, 15, 2, 0, 0, 0),
(1239, 49, 15, 11, 0, 0, 0),
(1240, 67, 15, 5, 0, 0, 0),
(1241, 6, 15, 10, 0, 0, 0),
(1242, 24, 15, 2, 0, 0, 0),
(1243, 17, 15, 6, 0, 0, 0),
(1244, 34, 15, 2, 0, 0, 0),
(1245, 4, 15, 8, 0, 0, 0),
(1246, 45, 15, 4, 0, 0, 0),
(1247, 13, 15, 4, 0, 0, 0),
(1248, 18, 15, 8, 0, 0, 0),
(1249, 69, 15, 8, 0, 0, 0),
(1250, 32, 15, 11, 0, 0, 0),
(1251, 77, 15, 5, 0, 0, 0),
(1252, 59, 15, 10, 0, 0, 0),
(1253, 1, 15, 11, 0, 0, 0),
(1254, 84, 15, 5, 0, 0, 0),
(1255, 10, 15, 5, 0, 0, 0),
(1256, 60, 15, 7, 0, 0, 0),
(1257, 47, 15, 2, 0, 0, 0),
(1258, 14, 15, 10, 0, 0, 0),
(1259, 86, 15, 9, 0, 0, 0),
(1260, 57, 15, 7, 0, 0, 0),
(1261, 65, 15, 12, 0, 0, 0),
(1262, 12, 15, 8, 0, 0, 0),
(1263, 70, 15, 9, 0, 0, 0),
(1264, 38, 15, 2, 0, 0, 0),
(1265, 78, 15, 12, 0, 0, 0),
(1266, 22, 15, 9, 0, 0, 0),
(1267, 46, 15, 5, 0, 0, 0),
(1268, 36, 15, 3, 0, 0, 0),
(1269, 63, 16, 2, 0, 0, 0),
(1270, 32, 16, 11, 0, 0, 0),
(1271, 81, 16, 1, 0, 0, 0),
(1272, 34, 16, 2, 0, 0, 0),
(1273, 26, 16, 4, 0, 0, 0),
(1274, 74, 16, 6, 0, 0, 0),
(1275, 49, 16, 10, 0, 0, 0),
(1276, 40, 16, 8, 0, 0, 0),
(1277, 68, 16, 3, 0, 0, 0),
(1278, 7, 16, 4, 0, 0, 0),
(1279, 11, 16, 7, 0, 0, 0),
(1280, 6, 16, 11, 0, 0, 0),
(1281, 12, 16, 7, 0, 0, 0),
(1282, 25, 16, 10, 0, 0, 0),
(1283, 31, 16, 9, 0, 0, 0),
(1284, 35, 16, 2, 0, 0, 0),
(1285, 80, 16, 2, 0, 0, 0),
(1286, 86, 16, 8, 0, 0, 0),
(1287, 48, 16, 2, 0, 0, 0),
(1288, 27, 16, 2, 0, 0, 0),
(1289, 58, 16, 2, 0, 0, 0),
(1290, 18, 16, 8, 0, 0, 0),
(1291, 15, 16, 8, 0, 0, 0),
(1292, 43, 16, 1, 0, 0, 0),
(1293, 82, 16, 5, 0, 0, 0),
(1294, 14, 16, 10, 0, 0, 0),
(1295, 70, 16, 8, 0, 0, 0),
(1296, 59, 16, 9, 0, 0, 0),
(1297, 79, 16, 5, 0, 0, 0),
(1298, 38, 16, 2, 0, 0, 0),
(1299, 60, 16, 4, 0, 0, 0),
(1300, 52, 16, 6, 0, 0, 0),
(1301, 85, 16, 5, 0, 0, 0),
(1302, 64, 16, 5, 0, 0, 0),
(1303, 39, 16, 4, 0, 0, 0),
(1304, 9, 16, 10, 0, 0, 0),
(1305, 69, 16, 7, 0, 0, 0),
(1306, 73, 16, 8, 0, 0, 0),
(1307, 54, 16, 1, 0, 0, 0),
(1308, 57, 16, 5, 0, 0, 0),
(1309, 62, 16, 4, 0, 0, 0),
(1310, 21, 16, 5, 0, 0, 0),
(1311, 30, 16, 2, 0, 0, 0),
(1312, 2, 16, 9, 0, 0, 0),
(1313, 67, 16, 5, 0, 0, 0),
(1314, 3, 16, 10, 0, 0, 0),
(1315, 83, 16, 4, 0, 0, 0),
(1316, 5, 16, 5, 0, 0, 0),
(1317, 16, 16, 5, 0, 0, 0),
(1318, 65, 16, 10, 0, 0, 0),
(1319, 46, 16, 4, 0, 0, 0),
(1320, 71, 16, 10, 0, 0, 0),
(1321, 4, 16, 8, 0, 0, 0),
(1322, 8, 16, 5, 0, 0, 0),
(1323, 10, 16, 3, 0, 0, 0),
(1324, 77, 16, 4, 0, 0, 0),
(1325, 56, 16, 8, 0, 0, 0),
(1326, 75, 16, 4, 0, 0, 0),
(1327, 61, 16, 10, 0, 0, 0),
(1328, 55, 16, 4, 0, 0, 0),
(1329, 53, 16, 1, 0, 0, 0),
(1330, 13, 16, 5, 0, 0, 0),
(1331, 19, 16, 8, 0, 0, 0),
(1332, 45, 16, 1, 0, 0, 0),
(1333, 33, 16, 1, 0, 0, 0),
(1334, 51, 16, 7, 0, 0, 0),
(1335, 41, 16, 8, 0, 0, 0),
(1336, 22, 16, 7, 0, 0, 0),
(1337, 76, 16, 4, 0, 0, 0),
(1338, 84, 16, 1, 0, 0, 0),
(1339, 1, 16, 10, 0, 0, 0),
(1340, 17, 16, 4, 0, 0, 0),
(1341, 72, 16, 5, 0, 0, 0),
(1342, 20, 16, 10, 0, 0, 0),
(1343, 44, 16, 11, 0, 0, 0),
(1344, 47, 16, 1, 0, 0, 0),
(1345, 42, 16, 11, 0, 0, 0),
(1346, 29, 16, 9, 0, 0, 0),
(1347, 66, 16, 9, 0, 0, 0),
(1348, 28, 16, 6, 0, 0, 0),
(1349, 37, 16, 9, 0, 0, 0),
(1350, 78, 16, 12, 0, 0, 0),
(1351, 23, 16, 12, 0, 0, 0),
(1352, 50, 16, 2, 0, 0, 0),
(1353, 6, 17, 10, 0, 0, 0),
(1354, 21, 17, 4, 0, 0, 0),
(1355, 71, 17, 10, 0, 0, 0),
(1356, 60, 17, 8, 0, 0, 0),
(1357, 18, 17, 7, 0, 0, 0),
(1358, 75, 17, 4, 0, 0, 0),
(1359, 69, 17, 7, 0, 0, 0),
(1360, 24, 17, 1, 0, 0, 0),
(1361, 63, 17, 4, 0, 0, 0),
(1362, 17, 17, 3, 0, 0, 0),
(1363, 68, 17, 4, 0, 0, 0),
(1364, 11, 17, 6, 0, 0, 0),
(1365, 9, 17, 9, 0, 0, 0),
(1366, 39, 17, 3, 0, 0, 0),
(1367, 57, 17, 7, 0, 0, 0),
(1368, 64, 17, 8, 0, 0, 0),
(1369, 81, 17, 1, 0, 0, 0),
(1370, 65, 17, 6, 0, 0, 0),
(1371, 30, 17, 2, 0, 0, 0),
(1372, 19, 17, 8, 0, 0, 0),
(1373, 32, 17, 8, 0, 0, 0),
(1374, 55, 17, 1, 0, 0, 0),
(1375, 76, 17, 3, 0, 0, 0),
(1376, 77, 17, 2, 0, 0, 0),
(1377, 23, 17, 10, 0, 0, 0),
(1378, 4, 17, 7, 0, 0, 0),
(1379, 78, 17, 5, 0, 0, 0),
(1380, 5, 17, 4, 0, 0, 0),
(1381, 7, 17, 4, 0, 0, 0),
(1382, 44, 17, 11, 0, 0, 0),
(1383, 67, 17, 2, 0, 0, 0),
(1384, 42, 17, 10, 0, 0, 0),
(1385, 40, 17, 7, 0, 0, 0),
(1386, 61, 17, 6, 0, 0, 0),
(1387, 49, 17, 10, 0, 0, 0),
(1388, 13, 17, 3, 0, 0, 0),
(1389, 14, 17, 6, 0, 0, 0),
(1390, 8, 17, 5, 0, 0, 0),
(1391, 29, 17, 7, 0, 0, 0),
(1392, 79, 17, 4, 0, 0, 0),
(1393, 35, 17, 4, 0, 0, 0),
(1394, 28, 17, 4, 0, 0, 0),
(1395, 3, 17, 9, 0, 0, 0),
(1396, 20, 17, 10, 0, 0, 0),
(1397, 36, 17, 2, 0, 0, 0),
(1398, 2, 17, 10, 0, 0, 0),
(1399, 26, 17, 4, 0, 0, 0),
(1400, 31, 17, 7, 0, 0, 0),
(1401, 74, 17, 4, 0, 0, 0),
(1402, 15, 17, 8, 0, 0, 0),
(1403, 82, 17, 4, 0, 0, 0),
(1404, 83, 17, 3, 0, 0, 0),
(1405, 62, 17, 7, 0, 0, 0),
(1406, 66, 17, 3, 0, 0, 0),
(1407, 41, 17, 8, 0, 0, 0),
(1408, 46, 17, 3, 0, 0, 0),
(1409, 37, 17, 7, 0, 0, 0),
(1410, 10, 17, 3, 0, 0, 0),
(1411, 80, 17, 1, 0, 0, 0),
(1412, 85, 17, 3, 0, 0, 0),
(1413, 25, 17, 10, 0, 0, 0),
(1414, 38, 17, 1, 0, 0, 0),
(1415, 47, 17, 1, 0, 0, 0),
(1416, 53, 17, 1, 0, 0, 0),
(1417, 59, 17, 6, 0, 0, 0),
(1418, 45, 17, 3, 0, 0, 0),
(1419, 56, 17, 2, 0, 0, 0),
(1420, 52, 17, 8, 0, 0, 0),
(1421, 51, 17, 7, 0, 0, 0),
(1422, 84, 17, 1, 0, 0, 0),
(1423, 86, 17, 1, 0, 0, 0),
(1424, 73, 17, 8, 0, 0, 0),
(1425, 50, 17, 1, 0, 0, 0),
(1426, 54, 17, 1, 0, 0, 0),
(1427, 72, 17, 6, 0, 0, 0),
(1428, 43, 17, 2, 0, 0, 0),
(1429, 12, 17, 9, 0, 0, 0),
(1430, 1, 17, 13, 0, 0, 0),
(1431, 70, 17, 9, 0, 0, 0),
(1432, 27, 17, 3, 0, 0, 0),
(1433, 22, 17, 9, 0, 0, 0),
(1434, 16, 17, 6, 0, 0, 0),
(1435, 25, 18, 11, 0, 0, 0),
(1436, 63, 18, 7, 0, 0, 0),
(1437, 24, 18, 2, 0, 0, 0),
(1438, 61, 18, 7, 0, 0, 0),
(1439, 19, 18, 8, 0, 0, 0),
(1440, 12, 18, 7, 0, 0, 0),
(1441, 80, 18, 2, 0, 0, 0),
(1442, 62, 18, 6, 0, 0, 0),
(1443, 29, 18, 7, 0, 0, 0),
(1444, 5, 18, 2, 0, 0, 0),
(1445, 16, 18, 5, 0, 0, 0),
(1446, 68, 18, 6, 0, 0, 0),
(1447, 18, 18, 8, 0, 0, 0),
(1448, 20, 18, 11, 0, 0, 0),
(1449, 28, 18, 2, 0, 0, 0),
(1450, 17, 18, 5, 0, 0, 0),
(1451, 36, 18, 2, 0, 0, 0),
(1452, 1, 18, 7, 0, 0, 0),
(1453, 41, 18, 8, 0, 0, 0),
(1454, 14, 18, 9, 0, 0, 0),
(1455, 75, 18, 2, 0, 0, 0),
(1456, 65, 18, 7, 0, 0, 0),
(1457, 69, 18, 8, 0, 0, 0),
(1458, 43, 18, 2, 0, 0, 0),
(1459, 79, 18, 2, 0, 0, 0),
(1460, 9, 18, 10, 0, 0, 0),
(1461, 71, 18, 11, 0, 0, 0),
(1462, 34, 18, 2, 0, 0, 0),
(1463, 46, 18, 4, 0, 0, 0),
(1464, 67, 18, 2, 0, 0, 0),
(1465, 33, 18, 3, 0, 0, 0),
(1466, 2, 18, 11, 0, 0, 0),
(1467, 10, 18, 4, 0, 0, 0),
(1468, 85, 18, 6, 0, 0, 0),
(1469, 59, 18, 6, 0, 0, 0),
(1470, 7, 18, 4, 0, 0, 0),
(1471, 39, 18, 5, 0, 0, 0),
(1472, 15, 18, 8, 0, 0, 0),
(1473, 78, 18, 11, 0, 0, 0),
(1474, 4, 18, 8, 0, 0, 0),
(1475, 53, 18, 2, 0, 0, 0),
(1476, 26, 18, 3, 0, 0, 0),
(1477, 31, 18, 8, 0, 0, 0),
(1478, 23, 18, 11, 0, 0, 0),
(1479, 6, 18, 11, 0, 0, 0),
(1480, 30, 18, 2, 0, 0, 0),
(1481, 56, 18, 5, 0, 0, 0),
(1482, 35, 18, 2, 0, 0, 0),
(1483, 82, 18, 4, 0, 0, 0),
(1484, 3, 18, 11, 0, 0, 0),
(1485, 32, 18, 10, 0, 0, 0),
(1486, 60, 18, 8, 0, 0, 0),
(1487, 47, 18, 2, 0, 0, 0),
(1488, 11, 18, 10, 0, 0, 0),
(1489, 66, 18, 6, 0, 0, 0),
(1490, 40, 18, 4, 0, 0, 0),
(1491, 73, 18, 7, 0, 0, 0),
(1492, 76, 18, 4, 0, 0, 0),
(1493, 55, 18, 9, 0, 0, 0),
(1494, 64, 18, 7, 0, 0, 0),
(1495, 77, 18, 3, 0, 0, 0),
(1496, 49, 18, 10, 0, 0, 0),
(1497, 74, 18, 5, 0, 0, 0),
(1498, 48, 18, 2, 0, 0, 0),
(1499, 8, 18, 5, 0, 0, 0),
(1500, 83, 18, 4, 0, 0, 0),
(1501, 37, 18, 7, 0, 0, 0),
(1502, 72, 18, 5, 0, 0, 0),
(1503, 21, 18, 4, 0, 0, 0),
(1504, 51, 18, 4, 0, 0, 0),
(1505, 45, 18, 2, 0, 0, 0),
(1506, 54, 18, 2, 0, 0, 0),
(1507, 84, 18, 1, 0, 0, 0),
(1508, 52, 18, 1, 0, 0, 0),
(1509, 57, 18, 7, 0, 0, 0),
(1510, 86, 18, 8, 0, 0, 0),
(1511, 70, 18, 9, 0, 0, 0),
(1512, 38, 18, 3, 0, 0, 0),
(1513, 13, 18, 6, 0, 0, 0),
(1514, 22, 18, 9, 0, 0, 0),
(1515, 27, 18, 3, 0, 0, 0),
(1516, 42, 18, 12, 0, 0, 0),
(1517, 81, 18, 2, 0, 0, 0),
(1518, 44, 18, 12, 0, 0, 0),
(1519, 31, 19, 1, 0, 0, 0),
(1520, 59, 19, 1, 0, 0, 0),
(1521, 60, 19, 1, 0, 0, 0),
(1522, 14, 19, 8, 0, 0, 0),
(1523, 21, 19, 1, 0, 0, 0),
(1524, 75, 19, 1, 0, 0, 0),
(1525, 40, 19, 5, 0, 0, 0),
(1526, 63, 19, 1, 0, 0, 0),
(1527, 6, 19, 4, 0, 0, 0),
(1528, 2, 19, 1, 0, 0, 0),
(1529, 64, 19, 1, 0, 0, 0),
(1530, 74, 19, 1, 0, 0, 0),
(1531, 68, 19, 1, 0, 0, 0),
(1532, 70, 19, 8, 0, 0, 0),
(1533, 65, 19, 1, 0, 0, 0),
(1534, 18, 19, 8, 0, 0, 0),
(1535, 62, 19, 8, 0, 0, 0),
(1536, 11, 19, 1, 0, 0, 0),
(1537, 25, 19, 9, 0, 0, 0),
(1538, 26, 19, 1, 0, 0, 0),
(1539, 8, 19, 4, 0, 0, 0),
(1540, 19, 19, 7, 0, 0, 0),
(1541, 69, 19, 1, 0, 0, 0),
(1542, 22, 19, 3, 0, 0, 0),
(1543, 32, 19, 1, 0, 0, 0),
(1544, 61, 19, 1, 0, 0, 0),
(1545, 72, 19, 1, 0, 0, 0),
(1546, 27, 19, 2, 0, 0, 0),
(1547, 9, 19, 6, 0, 0, 0),
(1548, 17, 19, 1, 0, 0, 0),
(1549, 20, 19, 1, 0, 0, 0),
(1550, 66, 19, 7, 0, 0, 0),
(1551, 78, 19, 10, 0, 0, 0),
(1552, 73, 19, 1, 0, 0, 0),
(1553, 5, 19, 1, 0, 0, 0),
(1554, 4, 19, 7, 0, 0, 0),
(1555, 76, 19, 1, 0, 0, 0),
(1556, 7, 19, 1, 0, 0, 0),
(1557, 3, 19, 1, 0, 0, 0),
(1558, 30, 19, 1, 0, 0, 0),
(1559, 29, 19, 1, 0, 0, 0),
(1560, 39, 19, 1, 0, 0, 0),
(1561, 12, 19, 2, 0, 0, 0),
(1562, 16, 19, 4, 0, 0, 0),
(1563, 13, 19, 2, 0, 0, 0),
(1564, 67, 19, 1, 0, 0, 0),
(1565, 45, 19, 1, 0, 0, 0),
(1566, 44, 19, 9, 0, 0, 0),
(1567, 82, 19, 1, 0, 0, 0),
(1568, 28, 19, 1, 0, 0, 0),
(1569, 83, 19, 1, 0, 0, 0),
(1570, 35, 19, 1, 0, 0, 0),
(1571, 46, 19, 1, 0, 0, 0),
(1572, 37, 19, 1, 0, 0, 0),
(1573, 42, 19, 1, 0, 0, 0),
(1574, 34, 19, 1, 0, 0, 0),
(1575, 79, 19, 1, 0, 0, 0),
(1576, 85, 19, 1, 0, 0, 0),
(1577, 15, 19, 8, 0, 0, 0),
(1578, 36, 19, 1, 0, 0, 0),
(1579, 49, 19, 1, 0, 0, 0),
(1580, 47, 19, 1, 0, 0, 0),
(1581, 56, 19, 1, 0, 0, 0),
(1582, 53, 19, 1, 0, 0, 0),
(1583, 55, 19, 1, 0, 0, 0),
(1584, 51, 19, 1, 0, 0, 0),
(1585, 41, 19, 1, 0, 0, 0),
(1586, 71, 19, 1, 0, 0, 0),
(1587, 48, 19, 1, 0, 0, 0),
(1588, 84, 19, 1, 0, 0, 0),
(1589, 52, 19, 1, 0, 0, 0),
(1590, 81, 19, 1, 0, 0, 0),
(1591, 57, 19, 1, 0, 0, 0),
(1592, 86, 19, 1, 0, 0, 0),
(1593, 58, 19, 2, 0, 0, 0),
(1594, 24, 19, 2, 0, 0, 0),
(1595, 43, 19, 2, 0, 0, 0),
(1596, 38, 19, 2, 0, 0, 0),
(1597, 77, 19, 6, 0, 0, 0),
(1598, 10, 19, 7, 0, 0, 0),
(1599, 23, 19, 12, 0, 0, 0),
(1600, 1, 19, 12, 0, 0, 0),
(1601, 21, 20, 4, 0, 0, 0),
(1602, 52, 20, 1, 0, 0, 0),
(1603, 63, 20, 5, 0, 0, 0),
(1604, 82, 20, 4, 0, 0, 0),
(1605, 47, 20, 1, 0, 0, 0),
(1606, 25, 20, 7, 0, 0, 0),
(1607, 20, 20, 11, 0, 0, 0),
(1608, 10, 20, 3, 0, 0, 0),
(1609, 8, 20, 4, 0, 0, 0),
(1610, 73, 20, 6, 0, 0, 0),
(1611, 64, 20, 6, 0, 0, 0),
(1612, 30, 20, 1, 0, 0, 0),
(1613, 18, 20, 9, 0, 0, 0),
(1614, 44, 20, 10, 0, 0, 0),
(1615, 34, 20, 2, 0, 0, 0),
(1616, 78, 20, 12, 0, 0, 0),
(1617, 60, 20, 6, 0, 0, 0),
(1618, 5, 20, 4, 0, 0, 0),
(1619, 46, 20, 3, 0, 0, 0),
(1620, 40, 20, 7, 0, 0, 0),
(1621, 13, 20, 5, 0, 0, 0),
(1622, 77, 20, 4, 0, 0, 0),
(1623, 53, 20, 3, 0, 0, 0),
(1624, 37, 20, 8, 0, 0, 0),
(1625, 68, 20, 7, 0, 0, 0),
(1626, 4, 20, 8, 0, 0, 0),
(1627, 41, 20, 8, 0, 0, 0),
(1628, 76, 20, 4, 0, 0, 0),
(1629, 17, 20, 6, 0, 0, 0),
(1630, 22, 20, 9, 0, 0, 0),
(1631, 15, 20, 7, 0, 0, 0),
(1632, 61, 20, 7, 0, 0, 0),
(1633, 85, 20, 3, 0, 0, 0),
(1634, 75, 20, 5, 0, 0, 0),
(1635, 29, 20, 7, 0, 0, 0),
(1636, 35, 20, 5, 0, 0, 0),
(1637, 14, 20, 10, 0, 0, 0),
(1638, 74, 20, 4, 0, 0, 0),
(1639, 9, 20, 9, 0, 0, 0),
(1640, 24, 20, 1, 0, 0, 0),
(1641, 54, 20, 1, 0, 0, 0),
(1642, 43, 20, 1, 0, 0, 0),
(1643, 45, 20, 2, 0, 0, 0),
(1644, 16, 20, 4, 0, 0, 0),
(1645, 31, 20, 9, 0, 0, 0),
(1646, 62, 20, 5, 0, 0, 0),
(1647, 80, 20, 2, 0, 0, 0),
(1648, 12, 20, 7, 0, 0, 0),
(1649, 23, 20, 9, 0, 0, 0),
(1650, 28, 20, 5, 0, 0, 0),
(1651, 83, 20, 3, 0, 0, 0),
(1652, 26, 20, 2, 0, 0, 0),
(1653, 51, 20, 6, 0, 0, 0),
(1654, 86, 20, 9, 0, 0, 0),
(1655, 38, 20, 2, 0, 0, 0),
(1656, 49, 20, 10, 0, 0, 0),
(1657, 79, 20, 6, 0, 0, 0),
(1658, 42, 20, 8, 0, 0, 0),
(1659, 7, 20, 3, 0, 0, 0),
(1660, 66, 20, 6, 0, 0, 0),
(1661, 55, 20, 7, 0, 0, 0),
(1662, 6, 20, 10, 0, 0, 0),
(1663, 69, 20, 7, 0, 0, 0),
(1664, 3, 20, 10, 0, 0, 0),
(1665, 57, 20, 6, 0, 0, 0),
(1666, 72, 20, 3, 0, 0, 0),
(1667, 84, 20, 1, 0, 0, 0),
(1668, 48, 20, 2, 0, 0, 0),
(1669, 71, 20, 9, 0, 0, 0),
(1670, 59, 20, 7, 0, 0, 0),
(1671, 1, 20, 9, 0, 0, 0),
(1672, 56, 20, 5, 0, 0, 0),
(1673, 19, 20, 7, 0, 0, 0),
(1674, 81, 20, 2, 0, 0, 0),
(1675, 2, 20, 10, 0, 0, 0),
(1676, 67, 20, 4, 0, 0, 0),
(1677, 39, 20, 8, 0, 0, 0),
(1678, 32, 20, 10, 0, 0, 0),
(1679, 65, 20, 10, 0, 0, 0),
(1680, 70, 20, 7, 0, 0, 0),
(1681, 11, 20, 9, 0, 0, 0),
(1682, 36, 21, 2, 0, 0, 0),
(1683, 14, 21, 11, 0, 0, 0),
(1684, 21, 21, 2, 0, 0, 0),
(1685, 27, 21, 1, 0, 0, 0),
(1686, 8, 21, 3, 0, 0, 0),
(1687, 11, 21, 9, 0, 0, 0),
(1688, 23, 21, 11, 0, 0, 0),
(1689, 65, 21, 8, 0, 0, 0),
(1690, 70, 21, 8, 0, 0, 0),
(1691, 69, 21, 1, 0, 0, 0),
(1692, 41, 21, 7, 0, 0, 0),
(1693, 59, 21, 10, 0, 0, 0),
(1694, 35, 21, 4, 0, 0, 0),
(1695, 17, 21, 4, 0, 0, 0),
(1696, 71, 21, 8, 0, 0, 0),
(1697, 60, 21, 4, 0, 0, 0),
(1698, 42, 21, 11, 0, 0, 0),
(1699, 3, 21, 9, 0, 0, 0),
(1700, 5, 21, 4, 0, 0, 0),
(1701, 80, 21, 2, 0, 0, 0),
(1702, 68, 21, 4, 0, 0, 0),
(1703, 77, 21, 4, 0, 0, 0),
(1704, 1, 21, 11, 0, 0, 0),
(1705, 72, 21, 3, 0, 0, 0),
(1706, 49, 21, 9, 0, 0, 0),
(1707, 64, 21, 5, 0, 0, 0),
(1708, 4, 21, 7, 0, 0, 0),
(1709, 28, 21, 2, 0, 0, 0),
(1710, 67, 21, 4, 0, 0, 0),
(1711, 47, 21, 2, 0, 0, 0),
(1712, 83, 21, 3, 0, 0, 0),
(1713, 18, 21, 8, 0, 0, 0),
(1714, 7, 21, 4, 0, 0, 0),
(1715, 16, 21, 3, 0, 0, 0),
(1716, 76, 21, 2, 0, 0, 0),
(1717, 15, 21, 7, 0, 0, 0),
(1718, 38, 21, 2, 0, 0, 0),
(1719, 37, 21, 7, 0, 0, 0),
(1720, 31, 21, 10, 0, 0, 0),
(1721, 25, 21, 10, 0, 0, 0),
(1722, 26, 21, 4, 0, 0, 0),
(1723, 46, 21, 4, 0, 0, 0),
(1724, 9, 21, 11, 0, 0, 0),
(1725, 33, 21, 1, 0, 0, 0),
(1726, 82, 21, 3, 0, 0, 0),
(1727, 62, 21, 7, 0, 0, 0),
(1728, 61, 21, 8, 0, 0, 0),
(1729, 45, 21, 4, 0, 0, 0),
(1730, 39, 21, 7, 0, 0, 0),
(1731, 19, 21, 7, 0, 0, 0),
(1732, 13, 21, 3, 0, 0, 0),
(1733, 30, 21, 2, 0, 0, 0),
(1734, 20, 21, 10, 0, 0, 0),
(1735, 2, 21, 10, 0, 0, 0),
(1736, 73, 21, 7, 0, 0, 0),
(1737, 85, 21, 7, 0, 0, 0),
(1738, 79, 21, 2, 0, 0, 0),
(1739, 34, 21, 2, 0, 0, 0),
(1740, 66, 21, 7, 0, 0, 0),
(1741, 55, 21, 8, 0, 0, 0),
(1742, 74, 21, 2, 0, 0, 0),
(1743, 29, 21, 8, 0, 0, 0),
(1744, 53, 21, 1, 0, 0, 0),
(1745, 24, 21, 2, 0, 0, 0),
(1746, 10, 21, 4, 0, 0, 0),
(1747, 54, 21, 1, 0, 0, 0),
(1748, 78, 21, 11, 0, 0, 0),
(1749, 56, 21, 6, 0, 0, 0),
(1750, 52, 21, 1, 0, 0, 0),
(1751, 84, 21, 1, 0, 0, 0),
(1752, 51, 21, 1, 0, 0, 0),
(1753, 57, 21, 4, 0, 0, 0),
(1754, 86, 21, 1, 0, 0, 0),
(1755, 48, 21, 1, 0, 0, 0),
(1756, 44, 21, 11, 0, 0, 0),
(1757, 22, 21, 10, 0, 0, 0),
(1758, 63, 21, 8, 0, 0, 0),
(1759, 32, 21, 11, 0, 0, 0),
(1760, 75, 21, 6, 0, 0, 0),
(1761, 6, 21, 11, 0, 0, 0),
(1762, 40, 21, 8, 0, 0, 0),
(1763, 12, 21, 8, 0, 0, 0),
(1764, 3, 22, 6, 0, 0, 0),
(1765, 59, 22, 6, 0, 0, 0),
(1766, 29, 22, 3, 0, 0, 0),
(1767, 80, 22, 2, 0, 0, 0),
(1768, 72, 22, 4, 0, 0, 0),
(1769, 11, 22, 9, 0, 0, 0),
(1770, 21, 22, 4, 0, 0, 0),
(1771, 20, 22, 8, 0, 0, 0),
(1772, 40, 22, 6, 0, 0, 0),
(1773, 63, 22, 2, 0, 0, 0),
(1774, 68, 22, 4, 0, 0, 0),
(1775, 23, 22, 6, 0, 0, 0),
(1776, 73, 22, 5, 0, 0, 0),
(1777, 64, 22, 3, 0, 0, 0),
(1778, 4, 22, 4, 0, 0, 0),
(1779, 46, 22, 3, 0, 0, 0),
(1780, 16, 22, 4, 0, 0, 0),
(1781, 77, 22, 2, 0, 0, 0),
(1782, 17, 22, 4, 0, 0, 0),
(1783, 8, 22, 2, 0, 0, 0),
(1784, 14, 22, 6, 0, 0, 0),
(1785, 65, 22, 7, 0, 0, 0),
(1786, 41, 22, 5, 0, 0, 0),
(1787, 36, 22, 2, 0, 0, 0),
(1788, 62, 22, 2, 0, 0, 0),
(1789, 10, 22, 3, 0, 0, 0),
(1790, 30, 22, 2, 0, 0, 0),
(1791, 42, 22, 10, 0, 0, 0),
(1792, 1, 22, 9, 0, 0, 0),
(1793, 5, 22, 4, 0, 0, 0),
(1794, 18, 22, 7, 0, 0, 0),
(1795, 33, 22, 1, 0, 0, 0),
(1796, 7, 22, 3, 0, 0, 0),
(1797, 69, 22, 5, 0, 0, 0),
(1798, 38, 22, 2, 0, 0, 0),
(1799, 61, 22, 6, 0, 0, 0),
(1800, 66, 22, 1, 0, 0, 0),
(1801, 37, 22, 5, 0, 0, 0),
(1802, 81, 22, 1, 0, 0, 0),
(1803, 82, 22, 1, 0, 0, 0),
(1804, 79, 22, 4, 0, 0, 0),
(1805, 12, 22, 5, 0, 0, 0),
(1806, 60, 22, 5, 0, 0, 0),
(1807, 28, 22, 2, 0, 0, 0),
(1808, 49, 22, 6, 0, 0, 0),
(1809, 26, 22, 4, 0, 0, 0),
(1810, 85, 22, 6, 0, 0, 0),
(1811, 71, 22, 8, 0, 0, 0),
(1812, 78, 22, 10, 0, 0, 0),
(1813, 31, 22, 8, 0, 0, 0),
(1814, 39, 22, 6, 0, 0, 0),
(1815, 2, 22, 8, 0, 0, 0),
(1816, 55, 22, 6, 0, 0, 0),
(1817, 25, 22, 6, 0, 0, 0),
(1818, 83, 22, 4, 0, 0, 0),
(1819, 67, 22, 2, 0, 0, 0),
(1820, 56, 22, 7, 0, 0, 0),
(1821, 15, 22, 5, 0, 0, 0),
(1822, 74, 22, 4, 0, 0, 0),
(1823, 76, 22, 2, 0, 0, 0),
(1824, 45, 22, 4, 0, 0, 0),
(1825, 35, 22, 2, 0, 0, 0),
(1826, 53, 22, 2, 0, 0, 0),
(1827, 44, 22, 6, 0, 0, 0),
(1828, 84, 22, 1, 0, 0, 0),
(1829, 27, 22, 2, 0, 0, 0),
(1830, 52, 22, 6, 0, 0, 0),
(1831, 51, 22, 4, 0, 0, 0),
(1832, 50, 22, 2, 0, 0, 0),
(1833, 86, 22, 8, 0, 0, 0),
(1834, 57, 22, 4, 0, 0, 0),
(1835, 47, 22, 1, 0, 0, 0),
(1836, 9, 22, 11, 0, 0, 0),
(1837, 75, 22, 6, 0, 0, 0),
(1838, 22, 22, 9, 0, 0, 0),
(1839, 13, 22, 6, 0, 0, 0),
(1840, 70, 22, 9, 0, 0, 0),
(1841, 32, 22, 11, 0, 0, 0),
(1842, 6, 22, 11, 0, 0, 0),
(1843, 19, 22, 9, 0, 0, 0),
(1844, 3, 26, 9, 0, 0, 0),
(1845, 67, 26, 4, 0, 0, 0),
(1846, 45, 26, 4, 0, 0, 0),
(1847, 21, 26, 5, 0, 0, 0),
(1848, 81, 26, 2, 0, 0, 0),
(1849, 60, 26, 5, 0, 0, 0),
(1850, 11, 26, 8, 0, 0, 0),
(1851, 30, 26, 1, 0, 0, 0),
(1852, 8, 26, 2, 0, 0, 0),
(1853, 49, 26, 10, 0, 0, 0),
(1854, 56, 26, 7, 0, 0, 0),
(1855, 78, 26, 10, 0, 0, 0),
(1856, 19, 26, 8, 0, 0, 0),
(1857, 70, 26, 7, 0, 0, 0),
(1858, 83, 26, 4, 0, 0, 0),
(1859, 1, 26, 10, 0, 0, 0),
(1860, 31, 26, 9, 0, 0, 0),
(1861, 59, 26, 10, 0, 0, 0),
(1862, 13, 26, 4, 0, 0, 0),
(1863, 10, 26, 4, 0, 0, 0),
(1864, 26, 26, 3, 0, 0, 0),
(1865, 27, 26, 1, 0, 0, 0),
(1866, 68, 26, 6, 0, 0, 0),
(1867, 53, 26, 2, 0, 0, 0),
(1868, 62, 26, 7, 0, 0, 0),
(1869, 66, 26, 7, 0, 0, 0),
(1870, 42, 26, 9, 0, 0, 0),
(1871, 29, 26, 7, 0, 0, 0),
(1872, 34, 26, 2, 0, 0, 0),
(1873, 35, 26, 3, 0, 0, 0),
(1874, 76, 26, 4, 0, 0, 0),
(1875, 37, 26, 7, 0, 0, 0),
(1876, 23, 26, 10, 0, 0, 0),
(1877, 18, 26, 7, 0, 0, 0),
(1878, 43, 26, 2, 0, 0, 0),
(1879, 6, 26, 10, 0, 0, 0),
(1880, 85, 26, 7, 0, 0, 0),
(1881, 7, 26, 5, 0, 0, 0),
(1882, 82, 26, 4, 0, 0, 0),
(1883, 44, 26, 10, 0, 0, 0),
(1884, 63, 26, 7, 0, 0, 0),
(1885, 28, 26, 4, 0, 0, 0),
(1886, 48, 26, 1, 0, 0, 0),
(1887, 65, 26, 10, 0, 0, 0),
(1888, 58, 26, 1, 0, 0, 0),
(1889, 4, 26, 7, 0, 0, 0),
(1890, 73, 26, 7, 0, 0, 0),
(1891, 54, 26, 1, 0, 0, 0),
(1892, 20, 26, 10, 0, 0, 0),
(1893, 32, 26, 11, 0, 0, 0),
(1894, 79, 26, 3, 0, 0, 0),
(1895, 9, 26, 9, 0, 0, 0),
(1896, 47, 26, 2, 0, 0, 0),
(1897, 12, 26, 9, 0, 0, 0),
(1898, 5, 26, 2, 0, 0, 0),
(1899, 61, 26, 7, 0, 0, 0),
(1900, 50, 26, 2, 0, 0, 0),
(1901, 77, 26, 3, 0, 0, 0),
(1902, 33, 26, 2, 0, 0, 0),
(1903, 75, 26, 4, 0, 0, 0),
(1904, 51, 26, 6, 0, 0, 0),
(1905, 69, 26, 6, 0, 0, 0),
(1906, 64, 26, 5, 0, 0, 0),
(1907, 72, 26, 3, 0, 0, 0),
(1908, 25, 26, 8, 0, 0, 0),
(1909, 39, 26, 7, 0, 0, 0),
(1910, 55, 26, 7, 0, 0, 0),
(1911, 74, 26, 4, 0, 0, 0),
(1912, 46, 26, 4, 0, 0, 0),
(1913, 84, 26, 2, 0, 0, 0),
(1914, 80, 26, 1, 0, 0, 0),
(1915, 41, 26, 8, 0, 0, 0),
(1916, 38, 26, 1, 0, 0, 0),
(1917, 52, 26, 7, 0, 0, 0),
(1918, 40, 26, 8, 0, 0, 0),
(1919, 57, 26, 3, 0, 0, 0),
(1920, 86, 26, 5, 0, 0, 0),
(1921, 17, 26, 6, 0, 0, 0),
(1922, 16, 26, 6, 0, 0, 0),
(1923, 22, 26, 9, 0, 0, 0),
(1924, 15, 26, 9, 0, 0, 0),
(1925, 36, 26, 1, 0, 0, 0),
(1926, 2, 26, 11, 0, 0, 0),
(1927, 71, 26, 11, 0, 0, 0),
(1928, 14, 26, 12, 0, 0, 0),
(1929, 17, 28, 4, 0, 0, 0),
(1930, 11, 28, 8, 0, 0, 0),
(1931, 29, 28, 7, 0, 0, 0),
(1932, 50, 28, 1, 0, 0, 0),
(1933, 37, 28, 8, 0, 0, 0),
(1934, 63, 28, 4, 0, 0, 0),
(1935, 70, 28, 7, 0, 0, 0),
(1936, 60, 28, 5, 0, 0, 0),
(1937, 24, 28, 2, 0, 0, 0),
(1938, 8, 28, 5, 0, 0, 0),
(1939, 61, 28, 6, 0, 0, 0),
(1940, 40, 28, 7, 0, 0, 0),
(1941, 15, 28, 7, 0, 0, 0),
(1942, 59, 28, 6, 0, 0, 0),
(1943, 14, 28, 7, 0, 0, 0),
(1944, 71, 28, 10, 0, 0, 0),
(1945, 64, 28, 5, 0, 0, 0),
(1946, 22, 28, 7, 0, 0, 0),
(1947, 26, 28, 5, 0, 0, 0),
(1948, 3, 28, 8, 0, 0, 0),
(1949, 44, 28, 9, 0, 0, 0),
(1950, 27, 28, 2, 0, 0, 0),
(1951, 45, 28, 4, 0, 0, 0),
(1952, 66, 28, 6, 0, 0, 0),
(1953, 4, 28, 8, 0, 0, 0),
(1954, 20, 28, 9, 0, 0, 0),
(1955, 25, 28, 9, 0, 0, 0),
(1956, 67, 28, 5, 0, 0, 0),
(1957, 76, 28, 3, 0, 0, 0),
(1958, 81, 28, 2, 0, 0, 0),
(1959, 82, 28, 5, 0, 0, 0),
(1960, 10, 28, 5, 0, 0, 0),
(1961, 72, 28, 4, 0, 0, 0),
(1962, 68, 28, 7, 0, 0, 0),
(1963, 32, 28, 10, 0, 0, 0),
(1964, 7, 28, 5, 0, 0, 0),
(1965, 74, 28, 5, 0, 0, 0),
(1966, 77, 28, 4, 0, 0, 0),
(1967, 21, 28, 5, 0, 0, 0),
(1968, 47, 28, 2, 0, 0, 0),
(1969, 5, 28, 5, 0, 0, 0),
(1970, 23, 28, 11, 0, 0, 0),
(1971, 9, 28, 8, 0, 0, 0),
(1972, 80, 28, 2, 0, 0, 0),
(1973, 48, 28, 2, 0, 0, 0),
(1974, 1, 28, 10, 0, 0, 0),
(1975, 31, 28, 7, 0, 0, 0),
(1976, 73, 28, 8, 0, 0, 0),
(1977, 46, 28, 5, 0, 0, 0),
(1978, 38, 28, 2, 0, 0, 0),
(1979, 13, 28, 5, 0, 0, 0),
(1980, 53, 28, 4, 0, 0, 0),
(1981, 55, 28, 6, 0, 0, 0),
(1982, 43, 28, 2, 0, 0, 0),
(1983, 6, 28, 10, 0, 0, 0),
(1984, 33, 28, 2, 0, 0, 0),
(1985, 12, 28, 7, 0, 0, 0),
(1986, 2, 28, 7, 0, 0, 0),
(1987, 56, 28, 8, 0, 0, 0),
(1988, 35, 28, 5, 0, 0, 0);
INSERT INTO `card_level` (`id`, `card_id`, `player_id`, `level`, `quantity`, `seek`, `keep`) VALUES
(1989, 62, 28, 7, 0, 0, 0),
(1990, 16, 28, 5, 0, 0, 0),
(1991, 85, 28, 5, 0, 0, 0),
(1992, 79, 28, 5, 0, 0, 0),
(1993, 75, 28, 4, 0, 0, 0),
(1994, 39, 28, 8, 0, 0, 0),
(1995, 65, 28, 10, 0, 0, 0),
(1996, 69, 28, 7, 0, 0, 0),
(1997, 51, 28, 7, 0, 0, 0),
(1998, 84, 28, 2, 0, 0, 0),
(1999, 36, 28, 1, 0, 0, 0),
(2000, 83, 28, 4, 0, 0, 0),
(2001, 30, 28, 2, 0, 0, 0),
(2002, 52, 28, 9, 0, 0, 0),
(2003, 57, 28, 5, 0, 0, 0),
(2004, 86, 28, 8, 0, 0, 0),
(2005, 58, 28, 1, 0, 0, 0),
(2006, 19, 28, 9, 0, 0, 0),
(2007, 54, 28, 2, 0, 0, 0),
(2008, 78, 28, 11, 0, 0, 0),
(2009, 49, 28, 11, 0, 0, 0),
(2010, 28, 28, 6, 0, 0, 0),
(2011, 41, 28, 9, 0, 0, 0),
(2012, 18, 28, 9, 0, 0, 0),
(2013, 42, 28, 11, 0, 0, 0),
(2014, 67, 29, 4, 0, 0, 0),
(2015, 3, 29, 10, 0, 0, 0),
(2016, 74, 29, 5, 0, 0, 0),
(2017, 10, 29, 5, 0, 0, 0),
(2018, 78, 29, 9, 0, 0, 0),
(2019, 65, 29, 10, 0, 0, 0),
(2020, 11, 29, 5, 0, 0, 0),
(2021, 20, 29, 10, 0, 0, 0),
(2022, 68, 29, 3, 0, 0, 0),
(2023, 16, 29, 5, 0, 0, 0),
(2024, 30, 29, 2, 0, 0, 0),
(2025, 46, 29, 5, 0, 0, 0),
(2026, 40, 29, 7, 0, 0, 0),
(2027, 73, 29, 7, 0, 0, 0),
(2028, 23, 29, 10, 0, 0, 0),
(2029, 36, 29, 2, 0, 0, 0),
(2030, 76, 29, 3, 0, 0, 0),
(2031, 79, 29, 2, 0, 0, 0),
(2032, 69, 29, 7, 0, 0, 0),
(2033, 24, 29, 1, 0, 0, 0),
(2034, 14, 29, 10, 0, 0, 0),
(2035, 2, 29, 9, 0, 0, 0),
(2036, 4, 29, 8, 0, 0, 0),
(2037, 32, 29, 10, 0, 0, 0),
(2038, 59, 29, 5, 0, 0, 0),
(2039, 12, 29, 8, 0, 0, 0),
(2040, 8, 29, 5, 0, 0, 0),
(2041, 9, 29, 8, 0, 0, 0),
(2042, 15, 29, 8, 0, 0, 0),
(2043, 48, 29, 2, 0, 0, 0),
(2044, 75, 29, 1, 0, 0, 0),
(2045, 54, 29, 2, 0, 0, 0),
(2046, 71, 29, 10, 0, 0, 0),
(2047, 61, 29, 8, 0, 0, 0),
(2048, 28, 29, 5, 0, 0, 0),
(2049, 77, 29, 2, 0, 0, 0),
(2050, 66, 29, 6, 0, 0, 0),
(2051, 25, 29, 1, 0, 0, 0),
(2052, 47, 29, 2, 0, 0, 0),
(2053, 29, 29, 1, 0, 0, 0),
(2054, 39, 29, 2, 0, 0, 0),
(2055, 42, 29, 11, 0, 0, 0),
(2056, 60, 29, 8, 0, 0, 0),
(2057, 63, 29, 4, 0, 0, 0),
(2058, 37, 29, 7, 0, 0, 0),
(2059, 19, 29, 7, 0, 0, 0),
(2060, 35, 29, 5, 0, 0, 0),
(2061, 31, 29, 7, 0, 0, 0),
(2062, 6, 29, 10, 0, 0, 0),
(2063, 26, 29, 3, 0, 0, 0),
(2064, 1, 29, 5, 0, 0, 0),
(2065, 41, 29, 8, 0, 0, 0),
(2066, 21, 29, 5, 0, 0, 0),
(2067, 50, 29, 2, 0, 0, 0),
(2068, 64, 29, 8, 0, 0, 0),
(2069, 17, 29, 4, 0, 0, 0),
(2070, 44, 29, 11, 0, 0, 0),
(2071, 72, 29, 4, 0, 0, 0),
(2072, 13, 29, 5, 0, 0, 0),
(2073, 34, 29, 2, 0, 0, 0),
(2074, 56, 29, 1, 0, 0, 0),
(2075, 45, 29, 3, 0, 0, 0),
(2076, 55, 29, 1, 0, 0, 0),
(2077, 62, 29, 8, 0, 0, 0),
(2078, 85, 29, 1, 0, 0, 0),
(2079, 53, 29, 1, 0, 0, 0),
(2080, 83, 29, 5, 0, 0, 0),
(2081, 82, 29, 4, 0, 0, 0),
(2082, 33, 29, 2, 0, 0, 0),
(2083, 80, 29, 2, 0, 0, 0),
(2084, 84, 29, 3, 0, 0, 0),
(2085, 7, 29, 6, 0, 0, 0),
(2086, 52, 29, 6, 0, 0, 0),
(2087, 51, 29, 1, 0, 0, 0),
(2088, 57, 29, 2, 0, 0, 0),
(2089, 86, 29, 1, 0, 0, 0),
(2090, 22, 29, 9, 0, 0, 0),
(2091, 81, 29, 2, 0, 0, 0),
(2092, 18, 29, 9, 0, 0, 0),
(2093, 5, 29, 6, 0, 0, 0),
(2094, 43, 29, 3, 0, 0, 0),
(2095, 27, 29, 2, 0, 0, 0),
(2096, 49, 29, 12, 0, 0, 0),
(2097, 70, 29, 8, 0, 0, 0),
(2098, 38, 31, 1, 0, 0, 0),
(2099, 21, 31, 5, 0, 0, 0),
(2100, 81, 31, 2, 0, 0, 0),
(2101, 64, 31, 5, 0, 0, 0),
(2102, 56, 31, 4, 0, 0, 0),
(2103, 72, 31, 3, 0, 0, 0),
(2104, 78, 31, 9, 0, 0, 0),
(2105, 12, 31, 7, 0, 0, 0),
(2106, 82, 31, 2, 0, 0, 0),
(2107, 68, 31, 7, 0, 0, 0),
(2108, 75, 31, 2, 0, 0, 0),
(2109, 3, 31, 9, 0, 0, 0),
(2110, 65, 31, 10, 0, 0, 0),
(2111, 26, 31, 3, 0, 0, 0),
(2112, 5, 31, 4, 0, 0, 0),
(2113, 62, 31, 5, 0, 0, 0),
(2114, 31, 31, 10, 0, 0, 0),
(2115, 61, 31, 10, 0, 0, 0),
(2116, 67, 31, 2, 0, 0, 0),
(2117, 60, 31, 4, 0, 0, 0),
(2118, 47, 31, 1, 0, 0, 0),
(2119, 85, 31, 5, 0, 0, 0),
(2120, 8, 31, 4, 0, 0, 0),
(2121, 11, 31, 8, 0, 0, 0),
(2122, 9, 31, 9, 0, 0, 0),
(2123, 2, 31, 8, 0, 0, 0),
(2124, 20, 31, 6, 0, 0, 0),
(2125, 52, 31, 9, 0, 0, 0),
(2126, 34, 31, 2, 0, 0, 0),
(2127, 76, 31, 3, 0, 0, 0),
(2128, 44, 31, 9, 0, 0, 0),
(2129, 16, 31, 5, 0, 0, 0),
(2130, 55, 31, 10, 0, 0, 0),
(2131, 40, 31, 7, 0, 0, 0),
(2132, 73, 31, 6, 0, 0, 0),
(2133, 14, 31, 9, 0, 0, 0),
(2134, 35, 31, 5, 0, 0, 0),
(2135, 79, 31, 4, 0, 0, 0),
(2136, 22, 31, 7, 0, 0, 0),
(2137, 17, 31, 4, 0, 0, 0),
(2138, 59, 31, 6, 0, 0, 0),
(2139, 32, 31, 10, 0, 0, 0),
(2140, 28, 31, 2, 0, 0, 0),
(2141, 63, 31, 5, 0, 0, 0),
(2142, 25, 31, 8, 0, 0, 0),
(2143, 57, 31, 5, 0, 0, 0),
(2144, 83, 31, 4, 0, 0, 0),
(2145, 77, 31, 3, 0, 0, 0),
(2146, 27, 31, 1, 0, 0, 0),
(2147, 54, 31, 2, 0, 0, 0),
(2148, 70, 31, 7, 0, 0, 0),
(2149, 30, 31, 2, 0, 0, 0),
(2150, 1, 31, 9, 0, 0, 0),
(2151, 46, 31, 2, 0, 0, 0),
(2152, 15, 31, 7, 0, 0, 0),
(2153, 49, 31, 10, 0, 0, 0),
(2154, 7, 31, 5, 0, 0, 0),
(2155, 53, 31, 4, 0, 0, 0),
(2156, 4, 31, 7, 0, 0, 0),
(2157, 10, 31, 5, 0, 0, 0),
(2158, 74, 31, 3, 0, 0, 0),
(2159, 45, 31, 3, 0, 0, 0),
(2160, 41, 31, 6, 0, 0, 0),
(2161, 23, 31, 10, 0, 0, 0),
(2162, 39, 31, 5, 0, 0, 0),
(2163, 42, 31, 9, 0, 0, 0),
(2164, 80, 31, 2, 0, 0, 0),
(2165, 69, 31, 4, 0, 0, 0),
(2166, 29, 31, 5, 0, 0, 0),
(2167, 84, 31, 2, 0, 0, 0),
(2168, 51, 31, 6, 0, 0, 0),
(2169, 86, 31, 7, 0, 0, 0),
(2170, 66, 31, 6, 0, 0, 0),
(2171, 13, 31, 5, 0, 0, 0),
(2172, 19, 31, 8, 0, 0, 0),
(2173, 18, 31, 8, 0, 0, 0),
(2174, 6, 31, 11, 0, 0, 0),
(2175, 37, 31, 7, 0, 0, 0),
(2176, 71, 31, 11, 0, 0, 0),
(2177, 36, 31, 2, 0, 0, 0),
(2178, 43, 31, 2, 0, 0, 0),
(2179, 69, 32, 7, 0, 0, 0),
(2180, 4, 32, 8, 0, 0, 0),
(2181, 72, 32, 4, 0, 0, 0),
(2182, 45, 32, 3, 0, 0, 0),
(2183, 68, 32, 6, 0, 0, 0),
(2184, 12, 32, 8, 0, 0, 0),
(2185, 63, 32, 1, 0, 0, 0),
(2186, 49, 32, 11, 0, 0, 0),
(2187, 22, 32, 7, 0, 0, 0),
(2188, 76, 32, 1, 0, 0, 0),
(2189, 3, 32, 8, 0, 0, 0),
(2190, 37, 32, 8, 0, 0, 0),
(2191, 66, 32, 8, 0, 0, 0),
(2192, 46, 32, 5, 0, 0, 0),
(2193, 64, 32, 3, 0, 0, 0),
(2194, 8, 32, 4, 0, 0, 0),
(2195, 16, 32, 5, 0, 0, 0),
(2196, 75, 32, 5, 0, 0, 0),
(2197, 32, 32, 10, 0, 0, 0),
(2198, 48, 32, 2, 0, 0, 0),
(2199, 27, 32, 1, 0, 0, 0),
(2200, 18, 32, 7, 0, 0, 0),
(2201, 23, 32, 11, 0, 0, 0),
(2202, 14, 32, 10, 0, 0, 0),
(2203, 41, 32, 8, 0, 0, 0),
(2204, 21, 32, 3, 0, 0, 0),
(2205, 71, 32, 11, 0, 0, 0),
(2206, 7, 32, 5, 0, 0, 0),
(2207, 38, 32, 2, 0, 0, 0),
(2208, 86, 32, 4, 0, 0, 0),
(2209, 73, 32, 5, 0, 0, 0),
(2210, 36, 32, 2, 0, 0, 0),
(2211, 9, 32, 7, 0, 0, 0),
(2212, 56, 32, 8, 0, 0, 0),
(2213, 15, 32, 7, 0, 0, 0),
(2214, 43, 32, 1, 0, 0, 0),
(2215, 78, 32, 11, 0, 0, 0),
(2216, 1, 32, 10, 0, 0, 0),
(2217, 42, 32, 11, 0, 0, 0),
(2218, 10, 32, 7, 0, 0, 0),
(2219, 84, 32, 1, 0, 0, 0),
(2220, 82, 32, 5, 0, 0, 0),
(2221, 20, 32, 10, 0, 0, 0),
(2222, 47, 32, 2, 0, 0, 0),
(2223, 53, 32, 4, 0, 0, 0),
(2224, 77, 32, 5, 0, 0, 0),
(2225, 74, 32, 4, 0, 0, 0),
(2226, 62, 32, 5, 0, 0, 0),
(2227, 50, 32, 1, 0, 0, 0),
(2228, 60, 32, 8, 0, 0, 0),
(2229, 19, 32, 9, 0, 0, 0),
(2230, 26, 32, 3, 0, 0, 0),
(2231, 35, 32, 1, 0, 0, 0),
(2232, 25, 32, 9, 0, 0, 0),
(2233, 80, 32, 1, 0, 0, 0),
(2234, 13, 32, 4, 0, 0, 0),
(2235, 61, 32, 10, 0, 0, 0),
(2236, 79, 32, 5, 0, 0, 0),
(2237, 44, 32, 10, 0, 0, 0),
(2238, 28, 32, 5, 0, 0, 0),
(2239, 55, 32, 1, 0, 0, 0),
(2240, 29, 32, 7, 0, 0, 0),
(2241, 17, 32, 5, 0, 0, 0),
(2242, 85, 32, 1, 0, 0, 0),
(2243, 51, 32, 7, 0, 0, 0),
(2244, 33, 32, 2, 0, 0, 0),
(2245, 59, 32, 9, 0, 0, 0),
(2246, 24, 32, 2, 0, 0, 0),
(2247, 34, 32, 2, 0, 0, 0),
(2248, 6, 32, 10, 0, 0, 0),
(2249, 83, 32, 5, 0, 0, 0),
(2250, 52, 32, 8, 0, 0, 0),
(2251, 40, 32, 9, 0, 0, 0),
(2252, 5, 32, 5, 0, 0, 0),
(2253, 57, 32, 1, 0, 0, 0),
(2254, 31, 32, 10, 0, 0, 0),
(2255, 2, 32, 10, 0, 0, 0),
(2256, 65, 32, 10, 0, 0, 0),
(2257, 67, 32, 5, 0, 0, 0),
(2258, 70, 32, 8, 0, 0, 0),
(2259, 39, 32, 8, 0, 0, 0),
(2260, 11, 32, 9, 0, 0, 0),
(2261, 81, 32, 2, 0, 0, 0),
(2262, 83, 33, 5, 0, 0, 0),
(2263, 5, 33, 4, 0, 0, 0),
(2264, 15, 33, 6, 0, 0, 0),
(2265, 50, 33, 1, 0, 0, 0),
(2266, 22, 33, 7, 0, 0, 0),
(2267, 29, 33, 7, 0, 0, 0),
(2268, 65, 33, 10, 0, 0, 0),
(2269, 7, 33, 3, 0, 0, 0),
(2270, 69, 33, 7, 0, 0, 0),
(2271, 64, 33, 2, 0, 0, 0),
(2272, 18, 33, 9, 0, 0, 0),
(2273, 71, 33, 9, 0, 0, 0),
(2274, 81, 33, 1, 0, 0, 0),
(2275, 25, 33, 9, 0, 0, 0),
(2276, 68, 33, 7, 0, 0, 0),
(2277, 80, 33, 1, 0, 0, 0),
(2278, 19, 33, 7, 0, 0, 0),
(2279, 26, 33, 3, 0, 0, 0),
(2280, 30, 33, 2, 0, 0, 0),
(2281, 61, 33, 6, 0, 0, 0),
(2282, 11, 33, 9, 0, 0, 0),
(2283, 77, 33, 2, 0, 0, 0),
(2284, 38, 33, 2, 0, 0, 0),
(2285, 13, 33, 4, 0, 0, 0),
(2286, 35, 33, 4, 0, 0, 0),
(2287, 16, 33, 4, 0, 0, 0),
(2288, 49, 33, 7, 0, 0, 0),
(2289, 75, 33, 4, 0, 0, 0),
(2290, 60, 33, 7, 0, 0, 0),
(2291, 9, 33, 9, 0, 0, 0),
(2292, 21, 33, 4, 0, 0, 0),
(2293, 67, 33, 3, 0, 0, 0),
(2294, 28, 33, 3, 0, 0, 0),
(2295, 3, 33, 9, 0, 0, 0),
(2296, 63, 33, 3, 0, 0, 0),
(2297, 59, 33, 6, 0, 0, 0),
(2298, 32, 33, 8, 0, 0, 0),
(2299, 79, 33, 2, 0, 0, 0),
(2300, 37, 33, 7, 0, 0, 0),
(2301, 12, 33, 8, 0, 0, 0),
(2302, 46, 33, 4, 0, 0, 0),
(2303, 14, 33, 9, 0, 0, 0),
(2304, 51, 33, 4, 0, 0, 0),
(2305, 41, 33, 5, 0, 0, 0),
(2306, 62, 33, 7, 0, 0, 0),
(2307, 31, 33, 7, 0, 0, 0),
(2308, 39, 33, 4, 0, 0, 0),
(2309, 8, 33, 6, 0, 0, 0),
(2310, 4, 33, 7, 0, 0, 0),
(2311, 56, 33, 5, 0, 0, 0),
(2312, 17, 33, 4, 0, 0, 0),
(2313, 70, 33, 7, 0, 0, 0),
(2314, 82, 33, 3, 0, 0, 0),
(2315, 85, 33, 4, 0, 0, 0),
(2316, 72, 33, 5, 0, 0, 0),
(2317, 44, 33, 10, 0, 0, 0),
(2318, 45, 33, 2, 0, 0, 0),
(2319, 57, 33, 4, 0, 0, 0),
(2320, 10, 33, 6, 0, 0, 0),
(2321, 76, 33, 4, 0, 0, 0),
(2322, 54, 33, 2, 0, 0, 0),
(2323, 43, 33, 2, 0, 0, 0),
(2324, 53, 33, 1, 0, 0, 0),
(2325, 74, 33, 4, 0, 0, 0),
(2326, 40, 33, 7, 0, 0, 0),
(2327, 66, 33, 7, 0, 0, 0),
(2328, 55, 33, 7, 0, 0, 0),
(2329, 73, 33, 6, 0, 0, 0),
(2330, 84, 33, 1, 0, 0, 0),
(2331, 52, 33, 7, 0, 0, 0),
(2332, 78, 33, 9, 0, 0, 0),
(2333, 86, 33, 6, 0, 0, 0),
(2334, 58, 33, 1, 0, 0, 0),
(2335, 36, 33, 1, 0, 0, 0),
(2336, 33, 33, 1, 0, 0, 0),
(2337, 34, 33, 3, 0, 0, 0),
(2338, 1, 33, 10, 0, 0, 0),
(2339, 23, 33, 10, 0, 0, 0),
(2340, 42, 33, 9, 0, 0, 0),
(2341, 2, 33, 10, 0, 0, 0),
(2342, 20, 33, 8, 0, 0, 0),
(2343, 6, 33, 11, 0, 0, 0),
(2344, 48, 33, 1, 0, 0, 0),
(2345, 9, 34, 9, 0, 0, 0),
(2346, 21, 34, 3, 0, 0, 0),
(2347, 68, 34, 5, 0, 0, 0),
(2348, 29, 34, 4, 0, 0, 0),
(2349, 59, 34, 9, 0, 0, 0),
(2350, 63, 34, 6, 0, 0, 0),
(2351, 73, 34, 5, 0, 0, 0),
(2352, 6, 34, 9, 0, 0, 0),
(2353, 62, 34, 3, 0, 0, 0),
(2354, 46, 34, 3, 0, 0, 0),
(2355, 18, 34, 5, 0, 0, 0),
(2356, 14, 34, 9, 0, 0, 0),
(2357, 28, 34, 3, 0, 0, 0),
(2358, 16, 34, 3, 0, 0, 0),
(2359, 4, 34, 6, 0, 0, 0),
(2360, 19, 34, 7, 0, 0, 0),
(2361, 65, 34, 6, 0, 0, 0),
(2362, 11, 34, 6, 0, 0, 0),
(2363, 45, 34, 2, 0, 0, 0),
(2364, 57, 34, 4, 0, 0, 0),
(2365, 77, 34, 2, 0, 0, 0),
(2366, 23, 34, 7, 0, 0, 0),
(2367, 81, 34, 1, 0, 0, 0),
(2368, 60, 34, 6, 0, 0, 0),
(2369, 85, 34, 3, 0, 0, 0),
(2370, 70, 34, 6, 0, 0, 0),
(2371, 82, 34, 3, 0, 0, 0),
(2372, 8, 34, 2, 0, 0, 0),
(2373, 69, 34, 2, 0, 0, 0),
(2374, 24, 34, 2, 0, 0, 0),
(2375, 67, 34, 4, 0, 0, 0),
(2376, 61, 34, 8, 0, 0, 0),
(2377, 25, 34, 8, 0, 0, 0),
(2378, 32, 34, 8, 0, 0, 0),
(2379, 10, 34, 1, 0, 0, 0),
(2380, 55, 34, 5, 0, 0, 0),
(2381, 66, 34, 4, 0, 0, 0),
(2382, 26, 34, 1, 0, 0, 0),
(2383, 2, 34, 9, 0, 0, 0),
(2384, 80, 34, 1, 0, 0, 0),
(2385, 49, 34, 7, 0, 0, 0),
(2386, 76, 34, 3, 0, 0, 0),
(2387, 34, 34, 1, 0, 0, 0),
(2388, 78, 34, 8, 0, 0, 0),
(2389, 79, 34, 1, 0, 0, 0),
(2390, 39, 34, 1, 0, 0, 0),
(2391, 31, 34, 3, 0, 0, 0),
(2392, 1, 34, 9, 0, 0, 0),
(2393, 35, 34, 4, 0, 0, 0),
(2394, 3, 34, 6, 0, 0, 0),
(2395, 42, 34, 8, 0, 0, 0),
(2396, 56, 34, 5, 0, 0, 0),
(2397, 54, 34, 1, 0, 0, 0),
(2398, 41, 34, 1, 0, 0, 0),
(2399, 40, 34, 5, 0, 0, 0),
(2400, 83, 34, 1, 0, 0, 0),
(2401, 38, 34, 1, 0, 0, 0),
(2402, 17, 34, 3, 0, 0, 0),
(2403, 44, 34, 8, 0, 0, 0),
(2404, 37, 34, 5, 0, 0, 0),
(2405, 22, 34, 5, 0, 0, 0),
(2406, 48, 34, 1, 0, 0, 0),
(2407, 52, 34, 1, 0, 0, 0),
(2408, 64, 34, 6, 0, 0, 0),
(2409, 86, 34, 1, 0, 0, 0),
(2410, 5, 34, 3, 0, 0, 0),
(2411, 84, 34, 1, 0, 0, 0),
(2412, 20, 34, 8, 0, 0, 0),
(2413, 53, 34, 1, 0, 0, 0),
(2414, 75, 34, 4, 0, 0, 0),
(2415, 13, 34, 4, 0, 0, 0),
(2416, 15, 34, 8, 0, 0, 0),
(2417, 72, 34, 4, 0, 0, 0),
(2418, 43, 34, 2, 0, 0, 0),
(2419, 74, 34, 4, 0, 0, 0),
(2420, 12, 34, 9, 0, 0, 0),
(2421, 71, 34, 10, 0, 0, 0),
(2422, 7, 34, 5, 0, 0, 0),
(2423, 66, 35, 8, 0, 0, 0),
(2424, 54, 35, 1, 0, 0, 0),
(2425, 6, 35, 9, 0, 0, 0),
(2426, 68, 35, 6, 0, 0, 0),
(2427, 42, 35, 10, 0, 0, 0),
(2428, 49, 35, 8, 0, 0, 0),
(2429, 27, 35, 1, 0, 0, 0),
(2430, 3, 35, 8, 0, 0, 0),
(2431, 63, 35, 5, 0, 0, 0),
(2432, 83, 35, 3, 0, 0, 0),
(2433, 41, 35, 6, 0, 0, 0),
(2434, 60, 35, 6, 0, 0, 0),
(2435, 22, 35, 7, 0, 0, 0),
(2436, 32, 35, 9, 0, 0, 0),
(2437, 11, 35, 9, 0, 0, 0),
(2438, 74, 35, 3, 0, 0, 0),
(2439, 20, 35, 8, 0, 0, 0),
(2440, 37, 35, 6, 0, 0, 0),
(2441, 21, 35, 3, 0, 0, 0),
(2442, 69, 35, 6, 0, 0, 0),
(2443, 19, 35, 8, 0, 0, 0),
(2444, 1, 35, 9, 0, 0, 0),
(2445, 26, 35, 4, 0, 0, 0),
(2446, 13, 35, 4, 0, 0, 0),
(2447, 2, 35, 7, 0, 0, 0),
(2448, 61, 35, 7, 0, 0, 0),
(2449, 25, 35, 10, 0, 0, 0),
(2450, 85, 35, 7, 0, 0, 0),
(2451, 81, 35, 2, 0, 0, 0),
(2452, 9, 35, 7, 0, 0, 0),
(2453, 80, 35, 1, 0, 0, 0),
(2454, 18, 35, 6, 0, 0, 0),
(2455, 36, 35, 1, 0, 0, 0),
(2456, 46, 35, 4, 0, 0, 0),
(2457, 28, 35, 4, 0, 0, 0),
(2458, 62, 35, 7, 0, 0, 0),
(2459, 79, 35, 3, 0, 0, 0),
(2460, 64, 35, 6, 0, 0, 0),
(2461, 29, 35, 6, 0, 0, 0),
(2462, 75, 35, 3, 0, 0, 0),
(2463, 59, 35, 7, 0, 0, 0),
(2464, 48, 35, 1, 0, 0, 0),
(2465, 39, 35, 6, 0, 0, 0),
(2466, 73, 35, 6, 0, 0, 0),
(2467, 82, 35, 4, 0, 0, 0),
(2468, 65, 35, 9, 0, 0, 0),
(2469, 4, 35, 7, 0, 0, 0),
(2470, 40, 35, 7, 0, 0, 0),
(2471, 7, 35, 3, 0, 0, 0),
(2472, 43, 35, 2, 0, 0, 0),
(2473, 31, 35, 7, 0, 0, 0),
(2474, 72, 35, 4, 0, 0, 0),
(2475, 45, 35, 4, 0, 0, 0),
(2476, 67, 35, 4, 0, 0, 0),
(2477, 14, 35, 10, 0, 0, 0),
(2478, 77, 35, 4, 0, 0, 0),
(2479, 15, 35, 7, 0, 0, 0),
(2480, 44, 35, 9, 0, 0, 0),
(2481, 35, 35, 3, 0, 0, 0),
(2482, 12, 35, 7, 0, 0, 0),
(2483, 57, 35, 6, 0, 0, 0),
(2484, 10, 35, 5, 0, 0, 0),
(2485, 24, 35, 1, 0, 0, 0),
(2486, 56, 35, 6, 0, 0, 0),
(2487, 55, 35, 7, 0, 0, 0),
(2488, 34, 35, 2, 0, 0, 0),
(2489, 53, 35, 2, 0, 0, 0),
(2490, 84, 35, 2, 0, 0, 0),
(2491, 52, 35, 8, 0, 0, 0),
(2492, 16, 35, 4, 0, 0, 0),
(2493, 86, 35, 7, 0, 0, 0),
(2494, 51, 35, 3, 0, 0, 0),
(2495, 17, 35, 5, 0, 0, 0),
(2496, 70, 35, 8, 0, 0, 0),
(2497, 47, 35, 2, 0, 0, 0),
(2498, 76, 35, 6, 0, 0, 0),
(2499, 78, 35, 11, 0, 0, 0),
(2500, 5, 35, 6, 0, 0, 0),
(2501, 71, 35, 10, 0, 0, 0),
(2502, 23, 35, 11, 0, 0, 0),
(2503, 8, 35, 6, 0, 0, 0),
(2504, 68, 36, 5, 0, 0, 0),
(2505, 19, 36, 5, 0, 0, 0),
(2506, 36, 36, 1, 0, 0, 0),
(2507, 73, 36, 9, 0, 0, 0),
(2508, 61, 36, 7, 0, 0, 0),
(2509, 82, 36, 2, 0, 0, 0),
(2510, 13, 36, 5, 0, 0, 0),
(2511, 4, 36, 8, 0, 0, 0),
(2512, 63, 36, 4, 0, 0, 0),
(2513, 84, 36, 2, 0, 0, 0),
(2514, 39, 36, 5, 0, 0, 0),
(2515, 59, 36, 7, 0, 0, 0),
(2516, 60, 36, 8, 0, 0, 0),
(2517, 41, 36, 5, 0, 0, 0),
(2518, 69, 36, 5, 0, 0, 0),
(2519, 65, 36, 7, 0, 0, 0),
(2520, 74, 36, 5, 0, 0, 0),
(2521, 47, 36, 2, 0, 0, 0),
(2522, 1, 36, 7, 0, 0, 0),
(2523, 77, 36, 5, 0, 0, 0),
(2524, 7, 36, 6, 0, 0, 0),
(2525, 26, 36, 2, 0, 0, 0),
(2526, 32, 36, 7, 0, 0, 0),
(2527, 79, 36, 4, 0, 0, 0),
(2528, 66, 36, 4, 0, 0, 0),
(2529, 18, 36, 9, 0, 0, 0),
(2530, 62, 36, 4, 0, 0, 0),
(2531, 21, 36, 5, 0, 0, 0),
(2532, 37, 36, 5, 0, 0, 0),
(2533, 44, 36, 6, 0, 0, 0),
(2534, 15, 36, 5, 0, 0, 0),
(2535, 23, 36, 11, 0, 0, 0),
(2536, 76, 36, 2, 0, 0, 0),
(2537, 29, 36, 4, 0, 0, 0),
(2538, 75, 36, 3, 0, 0, 0),
(2539, 40, 36, 7, 0, 0, 0),
(2540, 12, 36, 7, 0, 0, 0),
(2541, 2, 36, 7, 0, 0, 0),
(2542, 43, 36, 2, 0, 0, 0),
(2543, 6, 36, 10, 0, 0, 0),
(2544, 14, 36, 7, 0, 0, 0),
(2545, 70, 36, 7, 0, 0, 0),
(2546, 22, 36, 6, 0, 0, 0),
(2547, 55, 36, 7, 0, 0, 0),
(2548, 46, 36, 5, 0, 0, 0),
(2549, 71, 36, 8, 0, 0, 0),
(2550, 30, 36, 2, 0, 0, 0),
(2551, 28, 36, 2, 0, 0, 0),
(2552, 25, 36, 6, 0, 0, 0),
(2553, 34, 36, 1, 0, 0, 0),
(2554, 17, 36, 4, 0, 0, 0),
(2555, 10, 36, 2, 0, 0, 0),
(2556, 35, 36, 3, 0, 0, 0),
(2557, 38, 36, 3, 0, 0, 0),
(2558, 83, 36, 2, 0, 0, 0),
(2559, 80, 36, 1, 0, 0, 0),
(2560, 16, 36, 5, 0, 0, 0),
(2561, 56, 36, 4, 0, 0, 0),
(2562, 42, 36, 7, 0, 0, 0),
(2563, 48, 36, 1, 0, 0, 0),
(2564, 9, 36, 6, 0, 0, 0),
(2565, 45, 36, 2, 0, 0, 0),
(2566, 64, 36, 5, 0, 0, 0),
(2567, 67, 36, 2, 0, 0, 0),
(2568, 27, 36, 2, 0, 0, 0),
(2569, 20, 36, 7, 0, 0, 0),
(2570, 53, 36, 2, 0, 0, 0),
(2571, 49, 36, 7, 0, 0, 0),
(2572, 78, 36, 9, 0, 0, 0),
(2573, 8, 36, 5, 0, 0, 0),
(2574, 31, 36, 7, 0, 0, 0),
(2575, 81, 36, 1, 0, 0, 0),
(2576, 51, 36, 6, 0, 0, 0),
(2577, 57, 36, 8, 0, 0, 0),
(2578, 3, 36, 7, 0, 0, 0),
(2579, 24, 36, 1, 0, 0, 0),
(2580, 11, 36, 7, 0, 0, 0),
(2581, 54, 36, 1, 0, 0, 0),
(2582, 58, 36, 1, 0, 0, 0),
(2583, 86, 36, 7, 0, 0, 0),
(2584, 50, 36, 1, 0, 0, 0),
(2585, 52, 36, 6, 0, 0, 0),
(2586, 72, 36, 6, 0, 0, 0),
(2587, 5, 36, 5, 0, 0, 0),
(2588, 85, 36, 5, 0, 0, 0),
(2589, 35, 37, 3, 0, 0, 0),
(2590, 76, 37, 3, 0, 0, 0),
(2591, 85, 37, 1, 0, 0, 0),
(2592, 48, 37, 1, 0, 0, 0),
(2593, 19, 37, 7, 0, 0, 0),
(2594, 3, 37, 5, 0, 0, 0),
(2595, 10, 37, 4, 0, 0, 0),
(2596, 56, 37, 2, 0, 0, 0),
(2597, 68, 37, 5, 0, 0, 0),
(2598, 59, 37, 7, 0, 0, 0),
(2599, 5, 37, 4, 0, 0, 0),
(2600, 4, 37, 7, 0, 0, 0),
(2601, 34, 37, 2, 0, 0, 0),
(2602, 54, 37, 1, 0, 0, 0),
(2603, 84, 37, 3, 0, 0, 0),
(2604, 25, 37, 9, 0, 0, 0),
(2605, 26, 37, 2, 0, 0, 0),
(2606, 28, 37, 4, 0, 0, 0),
(2607, 86, 37, 4, 0, 0, 0),
(2608, 1, 37, 9, 0, 0, 0),
(2609, 40, 37, 6, 0, 0, 0),
(2610, 70, 37, 7, 0, 0, 0),
(2611, 57, 37, 6, 0, 0, 0),
(2612, 16, 37, 4, 0, 0, 0),
(2613, 44, 37, 10, 0, 0, 0),
(2614, 22, 37, 6, 0, 0, 0),
(2615, 37, 37, 8, 0, 0, 0),
(2616, 41, 37, 6, 0, 0, 0),
(2617, 43, 37, 1, 0, 0, 0),
(2618, 20, 37, 8, 0, 0, 0),
(2619, 60, 37, 5, 0, 0, 0),
(2620, 69, 37, 6, 0, 0, 0),
(2621, 83, 37, 4, 0, 0, 0),
(2622, 47, 37, 1, 0, 0, 0),
(2623, 71, 37, 10, 0, 0, 0),
(2624, 24, 37, 2, 0, 0, 0),
(2625, 6, 37, 9, 0, 0, 0),
(2626, 27, 37, 2, 0, 0, 0),
(2627, 63, 37, 3, 0, 0, 0),
(2628, 67, 37, 4, 0, 0, 0),
(2629, 49, 37, 9, 0, 0, 0),
(2630, 79, 37, 5, 0, 0, 0),
(2631, 81, 37, 1, 0, 0, 0),
(2632, 82, 37, 4, 0, 0, 0),
(2633, 42, 37, 10, 0, 0, 0),
(2634, 78, 37, 10, 0, 0, 0),
(2635, 9, 37, 9, 0, 0, 0),
(2636, 61, 37, 5, 0, 0, 0),
(2637, 39, 37, 5, 0, 0, 0),
(2638, 21, 37, 4, 0, 0, 0),
(2639, 80, 37, 2, 0, 0, 0),
(2640, 77, 37, 4, 0, 0, 0),
(2641, 11, 37, 5, 0, 0, 0),
(2642, 65, 37, 9, 0, 0, 0),
(2643, 33, 37, 1, 0, 0, 0),
(2644, 15, 37, 6, 0, 0, 0),
(2645, 64, 37, 4, 0, 0, 0),
(2646, 75, 37, 4, 0, 0, 0),
(2647, 55, 37, 7, 0, 0, 0),
(2648, 73, 37, 6, 0, 0, 0),
(2649, 45, 37, 1, 0, 0, 0),
(2650, 2, 37, 7, 0, 0, 0),
(2651, 52, 37, 8, 0, 0, 0),
(2652, 29, 37, 6, 0, 0, 0),
(2653, 17, 37, 4, 0, 0, 0),
(2654, 32, 37, 9, 0, 0, 0),
(2655, 12, 37, 7, 0, 0, 0),
(2656, 23, 37, 11, 0, 0, 0),
(2657, 51, 37, 1, 0, 0, 0),
(2658, 74, 37, 4, 0, 0, 0),
(2659, 14, 37, 8, 0, 0, 0),
(2660, 62, 37, 8, 0, 0, 0),
(2661, 31, 37, 5, 0, 0, 0),
(2662, 66, 37, 8, 0, 0, 0),
(2663, 30, 37, 1, 0, 0, 0),
(2664, 18, 37, 8, 0, 0, 0),
(2665, 8, 37, 6, 0, 0, 0),
(2666, 7, 37, 6, 0, 0, 0),
(2667, 13, 37, 4, 0, 0, 0),
(2668, 72, 37, 4, 0, 0, 0),
(2669, 38, 37, 2, 0, 0, 0),
(2670, 53, 37, 3, 0, 0, 0),
(2671, 46, 37, 5, 0, 0, 0),
(2672, 37, 38, 4, 0, 0, 0),
(2673, 83, 38, 5, 0, 0, 0),
(2674, 61, 38, 8, 0, 0, 0),
(2675, 56, 38, 5, 0, 0, 0),
(2676, 40, 38, 5, 0, 0, 0),
(2677, 67, 38, 4, 0, 0, 0),
(2678, 59, 38, 8, 0, 0, 0),
(2679, 1, 38, 9, 0, 0, 0),
(2680, 47, 38, 2, 0, 0, 0),
(2681, 85, 38, 4, 0, 0, 0),
(2682, 66, 38, 7, 0, 0, 0),
(2683, 13, 38, 5, 0, 0, 0),
(2684, 78, 38, 8, 0, 0, 0),
(2685, 9, 38, 11, 0, 0, 0),
(2686, 80, 38, 2, 0, 0, 0),
(2687, 17, 38, 4, 0, 0, 0),
(2688, 6, 38, 11, 0, 0, 0),
(2689, 63, 38, 4, 0, 0, 0),
(2690, 79, 38, 4, 0, 0, 0),
(2691, 73, 38, 9, 0, 0, 0),
(2692, 8, 38, 5, 0, 0, 0),
(2693, 75, 38, 5, 0, 0, 0),
(2694, 10, 38, 5, 0, 0, 0),
(2695, 74, 38, 4, 0, 0, 0),
(2696, 19, 38, 5, 0, 0, 0),
(2697, 26, 38, 1, 0, 0, 0),
(2698, 64, 38, 5, 0, 0, 0),
(2699, 27, 38, 2, 0, 0, 0),
(2700, 65, 38, 7, 0, 0, 0),
(2701, 28, 38, 3, 0, 0, 0),
(2702, 36, 38, 2, 0, 0, 0),
(2703, 4, 38, 7, 0, 0, 0),
(2704, 14, 38, 8, 0, 0, 0),
(2705, 11, 38, 7, 0, 0, 0),
(2706, 70, 38, 8, 0, 0, 0),
(2707, 7, 38, 5, 0, 0, 0),
(2708, 60, 38, 6, 0, 0, 0),
(2709, 3, 38, 7, 0, 0, 0),
(2710, 33, 38, 2, 0, 0, 0),
(2711, 20, 38, 9, 0, 0, 0),
(2712, 29, 38, 7, 0, 0, 0),
(2713, 25, 38, 9, 0, 0, 0),
(2714, 39, 38, 4, 0, 0, 0),
(2715, 69, 38, 7, 0, 0, 0),
(2716, 54, 38, 1, 0, 0, 0),
(2717, 81, 38, 1, 0, 0, 0),
(2718, 82, 38, 3, 0, 0, 0),
(2719, 2, 38, 9, 0, 0, 0),
(2720, 49, 38, 10, 0, 0, 0),
(2721, 15, 38, 6, 0, 0, 0),
(2722, 46, 38, 4, 0, 0, 0),
(2723, 77, 38, 3, 0, 0, 0),
(2724, 41, 38, 4, 0, 0, 0),
(2725, 21, 38, 5, 0, 0, 0),
(2726, 31, 38, 7, 0, 0, 0),
(2727, 32, 38, 9, 0, 0, 0),
(2728, 35, 38, 6, 0, 0, 0),
(2729, 71, 38, 10, 0, 0, 0),
(2730, 55, 38, 6, 0, 0, 0),
(2731, 76, 38, 5, 0, 0, 0),
(2732, 38, 38, 2, 0, 0, 0),
(2733, 5, 38, 5, 0, 0, 0),
(2734, 68, 38, 6, 0, 0, 0),
(2735, 53, 38, 2, 0, 0, 0),
(2736, 45, 38, 2, 0, 0, 0),
(2737, 43, 38, 2, 0, 0, 0),
(2738, 42, 38, 8, 0, 0, 0),
(2739, 51, 38, 5, 0, 0, 0),
(2740, 84, 38, 1, 0, 0, 0),
(2741, 24, 38, 2, 0, 0, 0),
(2742, 52, 38, 6, 0, 0, 0),
(2743, 86, 38, 6, 0, 0, 0),
(2744, 57, 38, 4, 0, 0, 0),
(2745, 23, 38, 10, 0, 0, 0),
(2746, 62, 38, 9, 0, 0, 0),
(2747, 16, 38, 5, 0, 0, 0),
(2748, 72, 38, 5, 0, 0, 0),
(2749, 12, 38, 9, 0, 0, 0),
(2750, 22, 38, 8, 0, 0, 0),
(2751, 44, 38, 11, 0, 0, 0),
(2752, 18, 38, 9, 0, 0, 0),
(2753, 62, 39, 4, 0, 0, 0),
(2754, 78, 39, 9, 0, 0, 0),
(2755, 44, 39, 8, 0, 0, 0),
(2756, 59, 39, 6, 0, 0, 0),
(2757, 68, 39, 6, 0, 0, 0),
(2758, 63, 39, 4, 0, 0, 0),
(2759, 17, 39, 4, 0, 0, 0),
(2760, 65, 39, 7, 0, 0, 0),
(2761, 15, 39, 7, 0, 0, 0),
(2762, 69, 39, 7, 0, 0, 0),
(2763, 9, 39, 6, 0, 0, 0),
(2764, 70, 39, 6, 0, 0, 0),
(2765, 26, 39, 3, 0, 0, 0),
(2766, 12, 39, 6, 0, 0, 0),
(2767, 39, 39, 4, 0, 0, 0),
(2768, 24, 39, 1, 0, 0, 0),
(2769, 16, 39, 5, 0, 0, 0),
(2770, 66, 39, 5, 0, 0, 0),
(2771, 79, 39, 4, 0, 0, 0),
(2772, 5, 39, 5, 0, 0, 0),
(2773, 60, 39, 6, 0, 0, 0),
(2774, 82, 39, 3, 0, 0, 0),
(2775, 64, 39, 6, 0, 0, 0),
(2776, 14, 39, 9, 0, 0, 0),
(2777, 7, 39, 2, 0, 0, 0),
(2778, 10, 39, 2, 0, 0, 0),
(2779, 38, 39, 1, 0, 0, 0),
(2780, 11, 39, 7, 0, 0, 0),
(2781, 77, 39, 2, 0, 0, 0),
(2782, 75, 39, 4, 0, 0, 0),
(2783, 3, 39, 6, 0, 0, 0),
(2784, 55, 39, 7, 0, 0, 0),
(2785, 67, 39, 3, 0, 0, 0),
(2786, 37, 39, 4, 0, 0, 0),
(2787, 61, 39, 5, 0, 0, 0),
(2788, 73, 39, 4, 0, 0, 0),
(2789, 1, 39, 8, 0, 0, 0),
(2790, 29, 39, 4, 0, 0, 0),
(2791, 74, 39, 4, 0, 0, 0),
(2792, 41, 39, 6, 0, 0, 0),
(2793, 25, 39, 7, 0, 0, 0),
(2794, 23, 39, 8, 0, 0, 0),
(2795, 32, 39, 8, 0, 0, 0),
(2796, 18, 39, 6, 0, 0, 0),
(2797, 83, 39, 4, 0, 0, 0),
(2798, 28, 39, 4, 0, 0, 0),
(2799, 22, 39, 7, 0, 0, 0),
(2800, 49, 39, 6, 0, 0, 0),
(2801, 40, 39, 7, 0, 0, 0),
(2802, 81, 39, 1, 0, 0, 0),
(2803, 35, 39, 2, 0, 0, 0),
(2804, 13, 39, 3, 0, 0, 0),
(2805, 4, 39, 6, 0, 0, 0),
(2806, 31, 39, 7, 0, 0, 0),
(2807, 76, 39, 3, 0, 0, 0),
(2808, 2, 39, 8, 0, 0, 0),
(2809, 56, 39, 5, 0, 0, 0),
(2810, 45, 39, 2, 0, 0, 0),
(2811, 46, 39, 1, 0, 0, 0),
(2812, 52, 39, 7, 0, 0, 0),
(2813, 57, 39, 7, 0, 0, 0),
(2814, 85, 39, 1, 0, 0, 0),
(2815, 84, 39, 1, 0, 0, 0),
(2816, 86, 39, 6, 0, 0, 0),
(2817, 8, 39, 4, 0, 0, 0),
(2818, 54, 39, 1, 0, 0, 0),
(2819, 20, 39, 9, 0, 0, 0),
(2820, 53, 39, 1, 0, 0, 0),
(2821, 50, 39, 2, 0, 0, 0),
(2822, 72, 39, 5, 0, 0, 0),
(2823, 6, 39, 10, 0, 0, 0),
(2824, 42, 39, 10, 0, 0, 0),
(2825, 71, 39, 10, 0, 0, 0),
(2826, 21, 39, 5, 0, 0, 0),
(2827, 19, 39, 9, 0, 0, 0),
(2828, 33, 39, 2, 0, 0, 0),
(2829, 5, 40, 5, 0, 0, 0),
(2830, 14, 40, 9, 0, 0, 0),
(2831, 71, 40, 10, 0, 0, 0),
(2832, 60, 40, 7, 0, 0, 0),
(2833, 3, 40, 10, 0, 0, 0),
(2834, 34, 40, 1, 0, 0, 0),
(2835, 78, 40, 9, 0, 0, 0),
(2836, 68, 40, 1, 0, 0, 0),
(2837, 11, 40, 9, 0, 0, 0),
(2838, 63, 40, 1, 0, 0, 0),
(2839, 59, 40, 1, 0, 0, 0),
(2840, 16, 40, 5, 0, 0, 0),
(2841, 21, 40, 5, 0, 0, 0),
(2842, 9, 40, 1, 0, 0, 0),
(2843, 64, 40, 1, 0, 0, 0),
(2844, 80, 40, 2, 0, 0, 0),
(2845, 65, 40, 1, 0, 0, 0),
(2846, 6, 40, 10, 0, 0, 0),
(2847, 62, 40, 8, 0, 0, 0),
(2848, 73, 40, 1, 0, 0, 0),
(2849, 35, 40, 4, 0, 0, 0),
(2850, 32, 40, 9, 0, 0, 0),
(2851, 44, 40, 11, 0, 0, 0),
(2852, 4, 40, 8, 0, 0, 0),
(2853, 67, 40, 4, 0, 0, 0),
(2854, 77, 40, 4, 0, 0, 0),
(2855, 1, 40, 4, 0, 0, 0),
(2856, 61, 40, 2, 0, 0, 0),
(2857, 66, 40, 1, 0, 0, 0),
(2858, 15, 40, 8, 0, 0, 0),
(2859, 81, 40, 2, 0, 0, 0),
(2860, 75, 40, 3, 0, 0, 0),
(2861, 72, 40, 4, 0, 0, 0),
(2862, 79, 40, 1, 0, 0, 0),
(2863, 10, 40, 4, 0, 0, 0),
(2864, 76, 40, 3, 0, 0, 0),
(2865, 30, 40, 1, 0, 0, 0),
(2866, 37, 40, 6, 0, 0, 0),
(2867, 25, 40, 9, 0, 0, 0),
(2868, 40, 40, 1, 0, 0, 0),
(2869, 20, 40, 10, 0, 0, 0),
(2870, 29, 40, 1, 0, 0, 0),
(2871, 26, 40, 1, 0, 0, 0),
(2872, 69, 40, 9, 0, 0, 0),
(2873, 28, 40, 4, 0, 0, 0),
(2874, 19, 40, 6, 0, 0, 0),
(2875, 31, 40, 1, 0, 0, 0),
(2876, 39, 40, 1, 0, 0, 0),
(2877, 42, 40, 10, 0, 0, 0),
(2878, 43, 40, 1, 0, 0, 0),
(2879, 83, 40, 4, 0, 0, 0),
(2880, 2, 40, 9, 0, 0, 0),
(2881, 48, 40, 1, 0, 0, 0),
(2882, 8, 40, 4, 0, 0, 0),
(2883, 82, 40, 5, 0, 0, 0),
(2884, 23, 40, 11, 0, 0, 0),
(2885, 55, 40, 1, 0, 0, 0),
(2886, 74, 40, 5, 0, 0, 0),
(2887, 27, 40, 2, 0, 0, 0),
(2888, 41, 40, 7, 0, 0, 0),
(2889, 56, 40, 1, 0, 0, 0),
(2890, 45, 40, 2, 0, 0, 0),
(2891, 22, 40, 9, 0, 0, 0),
(2892, 7, 40, 5, 0, 0, 0),
(2893, 12, 40, 7, 0, 0, 0),
(2894, 24, 40, 2, 0, 0, 0),
(2895, 18, 40, 8, 0, 0, 0),
(2896, 52, 40, 2, 0, 0, 0),
(2897, 84, 40, 1, 0, 0, 0),
(2898, 86, 40, 5, 0, 0, 0),
(2899, 57, 40, 6, 0, 0, 0),
(2900, 85, 40, 1, 0, 0, 0),
(2901, 54, 40, 1, 0, 0, 0),
(2902, 53, 40, 1, 0, 0, 0),
(2903, 51, 40, 1, 0, 0, 0),
(2904, 46, 40, 4, 0, 0, 0),
(2905, 47, 40, 2, 0, 0, 0),
(2906, 49, 40, 11, 0, 0, 0),
(2907, 13, 40, 5, 0, 0, 0),
(2908, 17, 40, 5, 0, 0, 0),
(2909, 36, 40, 1, 0, 0, 0),
(2910, 70, 40, 9, 0, 0, 0),
(2911, 38, 40, 1, 0, 0, 0),
(2912, 2, 42, 8, 0, 0, 0),
(2913, 49, 42, 9, 0, 0, 0),
(2914, 61, 42, 7, 0, 0, 0),
(2915, 86, 42, 6, 0, 0, 0),
(2916, 28, 42, 4, 0, 0, 0),
(2917, 8, 42, 4, 0, 0, 0),
(2918, 55, 42, 5, 0, 0, 0),
(2919, 4, 42, 5, 0, 0, 0),
(2920, 62, 42, 6, 0, 0, 0),
(2921, 77, 42, 2, 0, 0, 0),
(2922, 63, 42, 3, 0, 0, 0),
(2923, 60, 42, 5, 0, 0, 0),
(2924, 21, 42, 4, 0, 0, 0),
(2925, 69, 42, 5, 0, 0, 0),
(2926, 9, 42, 6, 0, 0, 0),
(2927, 41, 42, 6, 0, 0, 0),
(2928, 70, 42, 7, 0, 0, 0),
(2929, 71, 42, 8, 0, 0, 0),
(2930, 67, 42, 4, 0, 0, 0),
(2931, 72, 42, 4, 0, 0, 0),
(2932, 11, 42, 6, 0, 0, 0),
(2933, 39, 42, 7, 0, 0, 0),
(2934, 19, 42, 6, 0, 0, 0),
(2935, 82, 42, 3, 0, 0, 0),
(2936, 20, 42, 8, 0, 0, 0),
(2937, 59, 42, 6, 0, 0, 0),
(2938, 79, 42, 3, 0, 0, 0),
(2939, 64, 42, 5, 0, 0, 0),
(2940, 3, 42, 6, 0, 0, 0),
(2941, 6, 42, 8, 0, 0, 0),
(2942, 66, 42, 5, 0, 0, 0),
(2943, 25, 42, 7, 0, 0, 0),
(2944, 31, 42, 8, 0, 0, 0),
(2945, 73, 42, 5, 0, 0, 0),
(2946, 37, 42, 3, 0, 0, 0),
(2947, 1, 42, 8, 0, 0, 0),
(2948, 42, 42, 9, 0, 0, 0),
(2949, 84, 42, 3, 0, 0, 0),
(2950, 81, 42, 1, 0, 0, 0),
(2951, 29, 42, 3, 0, 0, 0),
(2952, 5, 42, 4, 0, 0, 0),
(2953, 40, 42, 5, 0, 0, 0),
(2954, 68, 42, 4, 0, 0, 0),
(2955, 56, 42, 3, 0, 0, 0),
(2956, 75, 42, 4, 0, 0, 0),
(2957, 14, 42, 8, 0, 0, 0),
(2958, 45, 42, 4, 0, 0, 0),
(2959, 15, 42, 5, 0, 0, 0),
(2960, 44, 42, 7, 0, 0, 0),
(2961, 24, 42, 1, 0, 0, 0),
(2962, 53, 42, 2, 0, 0, 0),
(2963, 16, 42, 4, 0, 0, 0),
(2964, 10, 42, 2, 0, 0, 0),
(2965, 52, 42, 6, 0, 0, 0),
(2966, 32, 42, 8, 0, 0, 0),
(2967, 7, 42, 3, 0, 0, 0),
(2968, 26, 42, 2, 0, 0, 0),
(2969, 65, 42, 9, 0, 0, 0),
(2970, 35, 42, 2, 0, 0, 0),
(2971, 46, 42, 4, 0, 0, 0),
(2972, 57, 42, 1, 0, 0, 0),
(2973, 85, 42, 3, 0, 0, 0),
(2974, 78, 42, 9, 0, 0, 0),
(2975, 13, 42, 5, 0, 0, 0),
(2976, 74, 42, 5, 0, 0, 0),
(2977, 22, 42, 8, 0, 0, 0),
(2978, 12, 42, 7, 0, 0, 0),
(2979, 18, 42, 8, 0, 0, 0),
(2980, 23, 42, 11, 0, 0, 0),
(2981, 17, 42, 4, 0, 0, 0),
(2982, 44, 45, 11, 0, 0, 0),
(2983, 39, 45, 1, 0, 0, 0),
(2984, 21, 45, 4, 0, 0, 0),
(2985, 63, 45, 3, 0, 0, 0),
(2986, 2, 45, 5, 0, 0, 0),
(2987, 77, 45, 5, 0, 0, 0),
(2988, 16, 45, 2, 0, 0, 0),
(2989, 68, 45, 3, 0, 0, 0),
(2990, 8, 45, 5, 0, 0, 0),
(2991, 73, 45, 6, 0, 0, 0),
(2992, 33, 45, 2, 0, 0, 0),
(2993, 6, 45, 10, 0, 0, 0),
(2994, 19, 45, 7, 0, 0, 0),
(2995, 9, 45, 6, 0, 0, 0),
(2996, 59, 45, 1, 0, 0, 0),
(2997, 30, 45, 2, 0, 0, 0),
(2998, 7, 45, 4, 0, 0, 0),
(2999, 65, 45, 6, 0, 0, 0),
(3000, 64, 45, 4, 0, 0, 0),
(3001, 62, 45, 1, 0, 0, 0),
(3002, 72, 45, 4, 0, 0, 0),
(3003, 49, 45, 9, 0, 0, 0),
(3004, 13, 45, 4, 0, 0, 0),
(3005, 41, 45, 8, 0, 0, 0),
(3006, 10, 45, 4, 0, 0, 0),
(3007, 32, 45, 3, 0, 0, 0),
(3008, 60, 45, 7, 0, 0, 0),
(3009, 3, 45, 7, 0, 0, 0),
(3010, 20, 45, 9, 0, 0, 0),
(3011, 15, 45, 7, 0, 0, 0),
(3012, 4, 45, 8, 0, 0, 0),
(3013, 25, 45, 8, 0, 0, 0),
(3014, 61, 45, 1, 0, 0, 0),
(3015, 48, 45, 1, 0, 0, 0),
(3016, 14, 45, 8, 0, 0, 0),
(3017, 71, 45, 10, 0, 0, 0),
(3018, 67, 45, 4, 0, 0, 0),
(3019, 79, 45, 1, 0, 0, 0),
(3020, 40, 45, 7, 0, 0, 0),
(3021, 1, 45, 5, 0, 0, 0),
(3022, 28, 45, 4, 0, 0, 0),
(3023, 55, 45, 8, 0, 0, 0),
(3024, 37, 45, 5, 0, 0, 0),
(3025, 29, 45, 1, 0, 0, 0),
(3026, 80, 45, 2, 0, 0, 0),
(3027, 26, 45, 1, 0, 0, 0),
(3028, 76, 45, 3, 0, 0, 0),
(3029, 11, 45, 6, 0, 0, 0),
(3030, 57, 45, 6, 0, 0, 0),
(3031, 31, 45, 1, 0, 0, 0),
(3032, 5, 45, 4, 0, 0, 0),
(3033, 38, 45, 1, 0, 0, 0),
(3034, 81, 45, 1, 0, 0, 0),
(3035, 35, 45, 1, 0, 0, 0),
(3036, 66, 45, 5, 0, 0, 0),
(3037, 83, 45, 4, 0, 0, 0),
(3038, 46, 45, 4, 0, 0, 0),
(3039, 69, 45, 8, 0, 0, 0),
(3040, 56, 45, 1, 0, 0, 0),
(3041, 86, 45, 6, 0, 0, 0),
(3042, 85, 45, 1, 0, 0, 0),
(3043, 53, 45, 1, 0, 0, 0),
(3044, 45, 45, 1, 0, 0, 0),
(3045, 74, 45, 3, 0, 0, 0),
(3046, 84, 45, 1, 0, 0, 0),
(3047, 43, 45, 1, 0, 0, 0),
(3048, 52, 45, 8, 0, 0, 0),
(3049, 51, 45, 1, 0, 0, 0),
(3050, 17, 45, 5, 0, 0, 0),
(3051, 23, 45, 10, 0, 0, 0),
(3052, 50, 45, 1, 0, 0, 0),
(3053, 36, 45, 1, 0, 0, 0),
(3054, 42, 45, 11, 0, 0, 0),
(3055, 78, 45, 10, 0, 0, 0),
(3056, 22, 45, 10, 0, 0, 0),
(3057, 82, 45, 6, 0, 0, 0),
(3058, 12, 45, 9, 0, 0, 0),
(3059, 75, 45, 6, 0, 0, 0),
(3060, 70, 45, 9, 0, 0, 0),
(3061, 18, 45, 10, 0, 0, 0),
(3062, 65, 605, 8, 0, 0, 0),
(3063, 72, 605, 1, 0, 0, 0),
(3064, 4, 605, 6, 0, 0, 0),
(3065, 60, 605, 1, 0, 0, 0),
(3066, 68, 605, 4, 0, 0, 0),
(3067, 32, 605, 1, 0, 0, 0),
(3068, 12, 605, 6, 0, 0, 0),
(3069, 63, 605, 1, 0, 0, 0),
(3070, 17, 605, 2, 0, 0, 0),
(3071, 27, 605, 2, 0, 0, 0),
(3072, 29, 605, 7, 0, 0, 0),
(3073, 50, 605, 2, 0, 0, 0),
(3074, 86, 605, 1, 0, 0, 0),
(3075, 59, 605, 8, 0, 0, 0),
(3076, 70, 605, 6, 0, 0, 0),
(3077, 9, 605, 1, 0, 0, 0),
(3078, 73, 605, 1, 0, 0, 0),
(3079, 66, 605, 8, 0, 0, 0),
(3080, 11, 605, 1, 0, 0, 0),
(3081, 13, 605, 3, 0, 0, 0),
(3082, 8, 605, 3, 0, 0, 0),
(3083, 18, 605, 1, 0, 0, 0),
(3084, 82, 605, 3, 0, 0, 0),
(3085, 79, 605, 4, 0, 0, 0),
(3086, 62, 605, 5, 0, 0, 0),
(3087, 55, 605, 1, 0, 0, 0),
(3088, 49, 605, 7, 0, 0, 0),
(3089, 69, 605, 1, 0, 0, 0),
(3090, 61, 605, 1, 0, 0, 0),
(3091, 31, 605, 3, 0, 0, 0),
(3092, 25, 605, 1, 0, 0, 0),
(3093, 6, 605, 9, 0, 0, 0),
(3094, 7, 605, 1, 0, 0, 0),
(3095, 44, 605, 1, 0, 0, 0),
(3096, 15, 605, 6, 0, 0, 0),
(3097, 22, 605, 6, 0, 0, 0),
(3098, 21, 605, 4, 0, 0, 0),
(3099, 2, 605, 7, 0, 0, 0),
(3100, 14, 605, 4, 0, 0, 0),
(3101, 75, 605, 1, 0, 0, 0),
(3102, 1, 605, 4, 0, 0, 0),
(3103, 83, 605, 1, 0, 0, 0),
(3104, 47, 605, 1, 0, 0, 0),
(3105, 39, 605, 1, 0, 0, 0),
(3106, 51, 605, 7, 0, 0, 0),
(3107, 76, 605, 2, 0, 0, 0),
(3108, 35, 605, 1, 0, 0, 0),
(3109, 20, 605, 7, 0, 0, 0),
(3110, 19, 605, 8, 0, 0, 0),
(3111, 74, 605, 2, 0, 0, 0),
(3112, 41, 605, 1, 0, 0, 0),
(3113, 46, 605, 1, 0, 0, 0),
(3114, 48, 605, 2, 0, 0, 0),
(3115, 67, 605, 1, 0, 0, 0),
(3116, 45, 605, 1, 0, 0, 0),
(3117, 84, 605, 1, 0, 0, 0),
(3118, 85, 605, 1, 0, 0, 0),
(3119, 43, 605, 2, 0, 0, 0),
(3120, 5, 605, 4, 0, 0, 0),
(3121, 71, 605, 11, 0, 0, 0),
(3122, 23, 605, 1, 0, 0, 0),
(3123, 37, 605, 1, 0, 0, 0),
(3124, 3, 605, 8, 0, 0, 0),
(3125, 52, 605, 9, 0, 0, 0),
(3126, 24, 605, 1, 0, 0, 0),
(3127, 64, 605, 5, 0, 0, 0),
(3128, 53, 605, 1, 0, 0, 0),
(3129, 26, 605, 4, 0, 0, 0),
(3130, 30, 605, 2, 0, 0, 0),
(3131, 28, 605, 4, 0, 0, 0),
(3132, 57, 605, 6, 0, 0, 0),
(3133, 0, 605, 5, 4, 0, 0),
(3134, 54, 605, 1, 0, 0, 0),
(3135, 42, 605, 11, 0, 0, 0),
(3136, 40, 605, 7, 0, 0, 0),
(3137, 10, 605, 5, 0, 0, 0),
(3138, 16, 605, 5, 0, 0, 0),
(3139, 36, 605, 2, 0, 0, 0),
(3140, 56, 605, 7, 0, 0, 0),
(3141, 78, 605, 9, 0, 0, 0),
(3142, 77, 605, 5, 0, 0, 0),
(3143, 28, 609, 1, 0, 0, 0),
(3144, 59, 609, 8, 0, 0, 0),
(3145, 24, 609, 1, 0, 0, 0),
(3146, 10, 609, 3, 0, 0, 0),
(3147, 53, 609, 1, 0, 0, 0),
(3148, 9, 609, 2, 0, 0, 0),
(3149, 70, 609, 7, 0, 0, 0),
(3150, 1, 609, 10, 0, 0, 0),
(3151, 86, 609, 4, 0, 0, 0),
(3152, 15, 609, 6, 0, 0, 0),
(3153, 61, 609, 9, 0, 0, 0),
(3154, 68, 609, 5, 0, 0, 0),
(3155, 39, 609, 5, 0, 0, 0),
(3156, 60, 609, 6, 0, 0, 0),
(3157, 75, 609, 2, 0, 0, 0),
(3158, 4, 609, 5, 0, 0, 0),
(3159, 41, 609, 6, 0, 0, 0),
(3160, 8, 609, 3, 0, 0, 0),
(3161, 51, 609, 6, 0, 0, 0),
(3162, 14, 609, 6, 0, 0, 0),
(3163, 76, 609, 2, 0, 0, 0),
(3164, 17, 609, 5, 0, 0, 0),
(3165, 38, 609, 2, 0, 0, 0),
(3166, 12, 609, 6, 0, 0, 0),
(3167, 74, 609, 3, 0, 0, 0),
(3168, 25, 609, 8, 0, 0, 0),
(3169, 22, 609, 7, 0, 0, 0),
(3170, 71, 609, 10, 0, 0, 0),
(3171, 64, 609, 5, 0, 0, 0),
(3172, 50, 609, 1, 0, 0, 0),
(3173, 77, 609, 1, 0, 0, 0),
(3174, 47, 609, 1, 0, 0, 0),
(3175, 31, 609, 8, 0, 0, 0),
(3176, 35, 609, 2, 0, 0, 0),
(3177, 49, 609, 7, 0, 0, 0),
(3178, 37, 609, 7, 0, 0, 0),
(3179, 69, 609, 7, 0, 0, 0),
(3180, 11, 609, 2, 0, 0, 0),
(3181, 73, 609, 6, 0, 0, 0),
(3182, 13, 609, 5, 0, 0, 0),
(3183, 66, 609, 3, 0, 0, 0),
(3184, 30, 609, 1, 0, 0, 0),
(3185, 82, 609, 5, 0, 0, 0),
(3186, 19, 609, 5, 0, 0, 0),
(3187, 67, 609, 3, 0, 0, 0),
(3188, 32, 609, 6, 0, 0, 0),
(3189, 62, 609, 5, 0, 0, 0),
(3190, 79, 609, 3, 0, 0, 0),
(3191, 2, 609, 9, 0, 0, 0),
(3192, 63, 609, 1, 0, 0, 0),
(3193, 3, 609, 6, 0, 0, 0),
(3194, 44, 609, 11, 0, 0, 0),
(3195, 29, 609, 1, 0, 0, 0),
(3196, 46, 609, 3, 0, 0, 0),
(3197, 40, 609, 5, 0, 0, 0),
(3198, 84, 609, 1, 0, 0, 0),
(3199, 85, 609, 2, 0, 0, 0),
(3200, 43, 609, 1, 0, 0, 0),
(3201, 56, 609, 5, 0, 0, 0),
(3202, 23, 609, 9, 0, 0, 0),
(3203, 18, 609, 6, 0, 0, 0),
(3204, 65, 609, 2, 0, 0, 0),
(3205, 72, 609, 3, 0, 0, 0),
(3206, 45, 609, 1, 0, 0, 0),
(3207, 16, 609, 3, 0, 0, 0),
(3208, 5, 609, 1, 0, 0, 0),
(3209, 52, 609, 1, 0, 0, 0),
(3210, 7, 609, 3, 0, 0, 0),
(3211, 57, 609, 2, 0, 0, 0),
(3212, 20, 609, 9, 0, 0, 0),
(3213, 42, 609, 11, 0, 0, 0),
(3214, 78, 609, 12, 0, 0, 0),
(3215, 83, 609, 5, 0, 0, 0),
(3216, 27, 609, 2, 0, 0, 0),
(3217, 26, 609, 4, 0, 0, 0),
(3218, 21, 609, 6, 0, 0, 0),
(3219, 55, 609, 10, 0, 0, 0),
(3220, 6, 609, 13, 0, 0, 0),
(3221, 79, 973, 3, 0, 0, 0),
(3222, 3, 973, 6, 0, 0, 0),
(3223, 2, 973, 10, 0, 0, 0),
(3224, 63, 973, 4, 0, 0, 0),
(3225, 8, 973, 4, 0, 0, 0),
(3226, 42, 973, 10, 0, 0, 0),
(3227, 9, 973, 10, 0, 0, 0),
(3228, 1, 973, 10, 0, 0, 0),
(3229, 64, 973, 5, 0, 0, 0),
(3230, 72, 973, 4, 0, 0, 0),
(3231, 76, 973, 4, 0, 0, 0),
(3232, 46, 973, 3, 0, 0, 0),
(3233, 29, 973, 4, 0, 0, 0),
(3234, 18, 973, 6, 0, 0, 0),
(3235, 12, 973, 8, 0, 0, 0),
(3236, 17, 973, 4, 0, 0, 0),
(3237, 31, 973, 8, 0, 0, 0),
(3238, 83, 973, 4, 0, 0, 0),
(3239, 30, 973, 2, 0, 0, 0),
(3240, 24, 973, 2, 0, 0, 0),
(3241, 14, 973, 10, 0, 0, 0),
(3242, 73, 973, 8, 0, 0, 0),
(3243, 43, 973, 1, 0, 0, 0),
(3244, 7, 973, 5, 0, 0, 0),
(3245, 65, 973, 8, 0, 0, 0),
(3246, 67, 973, 2, 0, 0, 0),
(3247, 70, 973, 8, 0, 0, 0),
(3248, 77, 973, 4, 0, 0, 0),
(3249, 22, 973, 8, 0, 0, 0),
(3250, 6, 973, 10, 0, 0, 0),
(3251, 80, 973, 2, 0, 0, 0),
(3252, 21, 973, 1, 0, 0, 0),
(3253, 61, 973, 5, 0, 0, 0),
(3254, 35, 973, 2, 0, 0, 0),
(3255, 4, 973, 8, 0, 0, 0),
(3256, 32, 973, 9, 0, 0, 0),
(3257, 75, 973, 3, 0, 0, 0),
(3258, 28, 973, 4, 0, 0, 0),
(3259, 71, 973, 10, 0, 0, 0),
(3260, 5, 973, 4, 0, 0, 0),
(3261, 68, 973, 7, 0, 0, 0),
(3262, 26, 973, 4, 0, 0, 0),
(3263, 78, 973, 10, 0, 0, 0),
(3264, 16, 973, 5, 0, 0, 0),
(3265, 38, 973, 2, 0, 0, 0),
(3266, 39, 973, 7, 0, 0, 0),
(3267, 66, 973, 7, 0, 0, 0),
(3268, 62, 973, 8, 0, 0, 0),
(3269, 60, 973, 7, 0, 0, 0),
(3270, 25, 973, 10, 0, 0, 0),
(3271, 40, 973, 8, 0, 0, 0),
(3272, 59, 973, 7, 0, 0, 0),
(3273, 11, 973, 7, 0, 0, 0),
(3274, 10, 973, 4, 0, 0, 0),
(3275, 82, 973, 2, 0, 0, 0),
(3276, 19, 973, 7, 0, 0, 0),
(3277, 41, 973, 8, 0, 0, 0),
(3278, 44, 973, 10, 0, 0, 0),
(3279, 20, 973, 10, 0, 0, 0),
(3280, 37, 973, 7, 0, 0, 0),
(3281, 36, 973, 2, 0, 0, 0),
(3282, 34, 973, 1, 0, 0, 0),
(3283, 85, 973, 7, 0, 0, 0),
(3284, 49, 973, 4, 0, 0, 0),
(3285, 53, 973, 1, 0, 0, 0),
(3286, 56, 973, 6, 0, 0, 0),
(3287, 55, 973, 5, 0, 0, 0),
(3288, 45, 973, 2, 0, 0, 0),
(3289, 51, 973, 3, 0, 0, 0),
(3290, 84, 973, 2, 0, 0, 0),
(3291, 52, 973, 8, 0, 0, 0),
(3292, 86, 973, 1, 0, 0, 0),
(3293, 57, 973, 3, 0, 0, 0),
(3294, 15, 973, 10, 0, 0, 0),
(3295, 13, 973, 6, 0, 0, 0),
(3296, 74, 973, 7, 0, 0, 0),
(3297, 33, 973, 2, 0, 0, 0),
(3298, 27, 973, 2, 0, 0, 0),
(3299, 69, 973, 10, 0, 0, 0),
(3300, 23, 973, 12, 0, 0, 0),
(3301, 81, 973, 2, 0, 0, 0),
(3302, 16, 976, 4, 0, 0, 0),
(3303, 40, 976, 8, 0, 0, 0),
(3304, 85, 976, 6, 0, 0, 0),
(3305, 9, 976, 10, 0, 0, 0),
(3306, 44, 976, 11, 0, 0, 0),
(3307, 67, 976, 5, 0, 0, 0),
(3308, 21, 976, 4, 0, 0, 0),
(3309, 7, 976, 4, 0, 0, 0),
(3310, 12, 976, 8, 0, 0, 0),
(3311, 83, 976, 4, 0, 0, 0),
(3312, 70, 976, 7, 0, 0, 0),
(3313, 74, 976, 5, 0, 0, 0),
(3314, 38, 976, 2, 0, 0, 0),
(3315, 43, 976, 1, 0, 0, 0),
(3316, 15, 976, 7, 0, 0, 0),
(3317, 19, 976, 7, 0, 0, 0),
(3318, 20, 976, 11, 0, 0, 0),
(3319, 5, 976, 5, 0, 0, 0),
(3320, 34, 976, 1, 0, 0, 0),
(3321, 10, 976, 5, 0, 0, 0),
(3322, 11, 976, 9, 0, 0, 0),
(3323, 28, 976, 5, 0, 0, 0),
(3324, 61, 976, 1, 0, 0, 0),
(3325, 22, 976, 8, 0, 0, 0),
(3326, 65, 976, 10, 0, 0, 0),
(3327, 76, 976, 5, 0, 0, 0),
(3328, 1, 976, 10, 0, 0, 0),
(3329, 52, 976, 9, 0, 0, 0),
(3330, 30, 976, 2, 0, 0, 0),
(3331, 13, 976, 4, 0, 0, 0),
(3332, 82, 976, 5, 0, 0, 0),
(3333, 62, 976, 7, 0, 0, 0),
(3334, 14, 976, 10, 0, 0, 0),
(3335, 64, 976, 8, 0, 0, 0),
(3336, 45, 976, 3, 0, 0, 0),
(3337, 77, 976, 4, 0, 0, 0),
(3338, 69, 976, 7, 0, 0, 0),
(3339, 41, 976, 7, 0, 0, 0),
(3340, 32, 976, 10, 0, 0, 0),
(3341, 71, 976, 10, 0, 0, 0),
(3342, 86, 976, 1, 0, 0, 0),
(3343, 26, 976, 4, 0, 0, 0),
(3344, 3, 976, 10, 0, 0, 0),
(3345, 36, 976, 1, 0, 0, 0),
(3346, 80, 976, 2, 0, 0, 0),
(3347, 59, 976, 10, 0, 0, 0),
(3348, 35, 976, 5, 0, 0, 0),
(3349, 17, 976, 4, 0, 0, 0),
(3350, 25, 976, 11, 0, 0, 0),
(3351, 31, 976, 9, 0, 0, 0),
(3352, 75, 976, 4, 0, 0, 0),
(3353, 2, 976, 10, 0, 0, 0),
(3354, 72, 976, 4, 0, 0, 0),
(3355, 68, 976, 8, 0, 0, 0),
(3356, 81, 976, 2, 0, 0, 0),
(3357, 55, 976, 1, 0, 0, 0),
(3358, 47, 976, 1, 0, 0, 0),
(3359, 18, 976, 8, 0, 0, 0),
(3360, 63, 976, 7, 0, 0, 0),
(3361, 24, 976, 2, 0, 0, 0),
(3362, 60, 976, 7, 0, 0, 0),
(3363, 46, 976, 4, 0, 0, 0),
(3364, 49, 976, 9, 0, 0, 0),
(3365, 8, 976, 5, 0, 0, 0),
(3366, 56, 976, 3, 0, 0, 0),
(3367, 73, 976, 7, 0, 0, 0),
(3368, 79, 976, 5, 0, 0, 0),
(3369, 6, 976, 11, 0, 0, 0),
(3370, 53, 976, 1, 0, 0, 0),
(3371, 51, 976, 1, 0, 0, 0),
(3372, 4, 976, 8, 0, 0, 0),
(3373, 27, 976, 2, 0, 0, 0),
(3374, 57, 976, 6, 0, 0, 0),
(3375, 84, 976, 1, 0, 0, 0),
(3376, 54, 976, 1, 0, 0, 0),
(3377, 66, 976, 8, 0, 0, 0),
(3378, 42, 976, 11, 0, 0, 0),
(3379, 39, 976, 8, 0, 0, 0),
(3380, 33, 976, 2, 0, 0, 0),
(3381, 23, 976, 11, 0, 0, 0),
(3382, 78, 976, 11, 0, 0, 0),
(3383, 37, 976, 8, 0, 0, 0),
(3384, 29, 976, 8, 0, 0, 0),
(3385, 2, 977, 8, 0, 0, 0),
(3386, 74, 977, 4, 0, 0, 0),
(3387, 17, 977, 2, 0, 0, 0),
(3388, 37, 977, 7, 0, 0, 0),
(3389, 84, 977, 1, 0, 0, 0),
(3390, 86, 977, 8, 0, 0, 0),
(3391, 40, 977, 8, 0, 0, 0),
(3392, 83, 977, 3, 0, 0, 0),
(3393, 42, 977, 10, 0, 0, 0),
(3394, 4, 977, 8, 0, 0, 0),
(3395, 76, 977, 4, 0, 0, 0),
(3396, 48, 977, 1, 0, 0, 0),
(3397, 65, 977, 10, 0, 0, 0),
(3398, 34, 977, 1, 0, 0, 0),
(3399, 9, 977, 8, 0, 0, 0),
(3400, 26, 977, 2, 0, 0, 0),
(3401, 61, 977, 9, 0, 0, 0),
(3402, 39, 977, 7, 0, 0, 0),
(3403, 46, 977, 4, 0, 0, 0),
(3404, 50, 977, 1, 0, 0, 0),
(3405, 70, 977, 7, 0, 0, 0),
(3406, 15, 977, 7, 0, 0, 0),
(3407, 1, 977, 9, 0, 0, 0),
(3408, 75, 977, 4, 0, 0, 0),
(3409, 43, 977, 2, 0, 0, 0),
(3410, 59, 977, 7, 0, 0, 0),
(3411, 19, 977, 7, 0, 0, 0),
(3412, 60, 977, 5, 0, 0, 0),
(3413, 21, 977, 3, 0, 0, 0),
(3414, 68, 977, 6, 0, 0, 0),
(3415, 11, 977, 9, 0, 0, 0),
(3416, 56, 977, 6, 0, 0, 0),
(3417, 28, 977, 3, 0, 0, 0),
(3418, 25, 977, 10, 0, 0, 0),
(3419, 20, 977, 8, 0, 0, 0),
(3420, 78, 977, 10, 0, 0, 0),
(3421, 35, 977, 4, 0, 0, 0),
(3422, 77, 977, 4, 0, 0, 0),
(3423, 47, 977, 1, 0, 0, 0),
(3424, 12, 977, 8, 0, 0, 0),
(3425, 72, 977, 3, 0, 0, 0),
(3426, 54, 977, 1, 0, 0, 0),
(3427, 79, 977, 4, 0, 0, 0),
(3428, 80, 977, 1, 0, 0, 0),
(3429, 64, 977, 5, 0, 0, 0),
(3430, 5, 977, 4, 0, 0, 0),
(3431, 22, 977, 7, 0, 0, 0),
(3432, 85, 977, 5, 0, 0, 0),
(3433, 69, 977, 8, 0, 0, 0),
(3434, 67, 977, 4, 0, 0, 0),
(3435, 41, 977, 7, 0, 0, 0),
(3436, 29, 977, 8, 0, 0, 0),
(3437, 66, 977, 7, 0, 0, 0),
(3438, 73, 977, 7, 0, 0, 0),
(3439, 32, 977, 10, 0, 0, 0),
(3440, 14, 977, 8, 0, 0, 0),
(3441, 49, 977, 9, 0, 0, 0),
(3442, 63, 977, 7, 0, 0, 0),
(3443, 6, 977, 10, 0, 0, 0),
(3444, 81, 977, 1, 0, 0, 0),
(3445, 18, 977, 8, 0, 0, 0),
(3446, 62, 977, 6, 0, 0, 0),
(3447, 8, 977, 3, 0, 0, 0),
(3448, 53, 977, 2, 0, 0, 0),
(3449, 33, 977, 2, 0, 0, 0),
(3450, 55, 977, 4, 0, 0, 0),
(3451, 82, 977, 3, 0, 0, 0),
(3452, 52, 977, 7, 0, 0, 0),
(3453, 57, 977, 4, 0, 0, 0),
(3454, 45, 977, 1, 0, 0, 0),
(3455, 51, 977, 5, 0, 0, 0),
(3456, 3, 977, 9, 0, 0, 0),
(3457, 10, 977, 5, 0, 0, 0),
(3458, 44, 977, 10, 0, 0, 0),
(3459, 13, 977, 4, 0, 0, 0),
(3460, 71, 977, 10, 0, 0, 0),
(3461, 38, 977, 2, 0, 0, 0),
(3462, 16, 977, 4, 0, 0, 0),
(3463, 7, 977, 5, 0, 0, 0),
(3464, 31, 977, 10, 0, 0, 0),
(3465, 30, 977, 2, 0, 0, 0),
(3466, 23, 977, 10, 0, 0, 0),
(3467, 24, 978, 2, 0, 0, 0),
(3468, 9, 978, 7, 0, 0, 0),
(3469, 15, 978, 5, 0, 0, 0),
(3470, 64, 978, 4, 0, 0, 0),
(3471, 38, 978, 1, 0, 0, 0),
(3472, 26, 978, 2, 0, 0, 0),
(3473, 10, 978, 6, 0, 0, 0),
(3474, 40, 978, 7, 0, 0, 0),
(3475, 83, 978, 3, 0, 0, 0),
(3476, 81, 978, 1, 0, 0, 0),
(3477, 35, 978, 4, 0, 0, 0),
(3478, 61, 978, 7, 0, 0, 0),
(3479, 4, 978, 7, 0, 0, 0),
(3480, 75, 978, 4, 0, 0, 0),
(3481, 39, 978, 4, 0, 0, 0),
(3482, 67, 978, 3, 0, 0, 0),
(3483, 36, 978, 1, 0, 0, 0),
(3484, 20, 978, 9, 0, 0, 0),
(3485, 21, 978, 3, 0, 0, 0),
(3486, 74, 978, 3, 0, 0, 0),
(3487, 19, 978, 4, 0, 0, 0),
(3488, 2, 978, 10, 0, 0, 0),
(3489, 18, 978, 7, 0, 0, 0),
(3490, 31, 978, 9, 0, 0, 0),
(3491, 1, 978, 6, 0, 0, 0),
(3492, 55, 978, 9, 0, 0, 0),
(3493, 3, 978, 7, 0, 0, 0),
(3494, 17, 978, 3, 0, 0, 0),
(3495, 29, 978, 4, 0, 0, 0),
(3496, 6, 978, 9, 0, 0, 0),
(3497, 32, 978, 9, 0, 0, 0),
(3498, 34, 978, 1, 0, 0, 0),
(3499, 80, 978, 1, 0, 0, 0),
(3500, 49, 978, 9, 0, 0, 0),
(3501, 37, 978, 4, 0, 0, 0),
(3502, 41, 978, 4, 0, 0, 0),
(3503, 7, 978, 3, 0, 0, 0),
(3504, 14, 978, 7, 0, 0, 0),
(3505, 72, 978, 5, 0, 0, 0),
(3506, 44, 978, 9, 0, 0, 0),
(3507, 76, 978, 4, 0, 0, 0),
(3508, 33, 978, 1, 0, 0, 0),
(3509, 25, 978, 9, 0, 0, 0),
(3510, 59, 978, 7, 0, 0, 0),
(3511, 68, 978, 5, 0, 0, 0),
(3512, 66, 978, 7, 0, 0, 0),
(3513, 63, 978, 4, 0, 0, 0),
(3514, 52, 978, 5, 0, 0, 0),
(3515, 65, 978, 8, 0, 0, 0),
(3516, 71, 978, 10, 0, 0, 0),
(3517, 70, 978, 6, 0, 0, 0),
(3518, 82, 978, 4, 0, 0, 0),
(3519, 51, 978, 5, 0, 0, 0),
(3520, 13, 978, 4, 0, 0, 0),
(3521, 28, 978, 3, 0, 0, 0),
(3522, 8, 978, 3, 0, 0, 0),
(3523, 16, 978, 3, 0, 0, 0),
(3524, 77, 978, 3, 0, 0, 0),
(3525, 56, 978, 3, 0, 0, 0),
(3526, 46, 978, 4, 0, 0, 0),
(3527, 45, 978, 1, 0, 0, 0),
(3528, 85, 978, 2, 0, 0, 0),
(3529, 73, 978, 6, 0, 0, 0),
(3530, 53, 978, 1, 0, 0, 0),
(3531, 60, 978, 5, 0, 0, 0),
(3532, 5, 978, 4, 0, 0, 0),
(3533, 84, 978, 1, 0, 0, 0),
(3534, 62, 978, 6, 0, 0, 0),
(3535, 86, 978, 6, 0, 0, 0),
(3536, 57, 978, 1, 0, 0, 0),
(3537, 79, 978, 6, 0, 0, 0),
(3538, 22, 978, 8, 0, 0, 0),
(3539, 12, 978, 8, 0, 0, 0),
(3540, 69, 978, 9, 0, 0, 0),
(3541, 23, 978, 10, 0, 0, 0),
(3542, 78, 978, 10, 0, 0, 0),
(3543, 11, 978, 10, 0, 0, 0),
(3544, 42, 978, 11, 0, 0, 0),
(3545, 24, 979, 2, 0, 0, 0),
(3546, 78, 979, 11, 0, 0, 0),
(3547, 61, 979, 10, 0, 0, 0),
(3548, 80, 979, 1, 0, 0, 0),
(3549, 14, 979, 10, 0, 0, 0),
(3550, 72, 979, 4, 0, 0, 0),
(3551, 71, 979, 10, 0, 0, 0),
(3552, 8, 979, 4, 0, 0, 0),
(3553, 18, 979, 7, 0, 0, 0),
(3554, 37, 979, 7, 0, 0, 0),
(3555, 76, 979, 4, 0, 0, 0),
(3556, 9, 979, 8, 0, 0, 0),
(3557, 66, 979, 7, 0, 0, 0),
(3558, 51, 979, 5, 0, 0, 0),
(3559, 4, 979, 8, 0, 0, 0),
(3560, 46, 979, 4, 0, 0, 0),
(3561, 81, 979, 2, 0, 0, 0),
(3562, 20, 979, 10, 0, 0, 0),
(3563, 60, 979, 6, 0, 0, 0),
(3564, 79, 979, 4, 0, 0, 0),
(3565, 11, 979, 9, 0, 0, 0),
(3566, 23, 979, 10, 0, 0, 0),
(3567, 77, 979, 3, 0, 0, 0),
(3568, 59, 979, 7, 0, 0, 0),
(3569, 7, 979, 4, 0, 0, 0),
(3570, 1, 979, 10, 0, 0, 0),
(3571, 34, 979, 1, 0, 0, 0),
(3572, 68, 979, 6, 0, 0, 0),
(3573, 63, 979, 7, 0, 0, 0),
(3574, 57, 979, 6, 0, 0, 0),
(3575, 29, 979, 7, 0, 0, 0),
(3576, 50, 979, 2, 0, 0, 0),
(3577, 52, 979, 9, 0, 0, 0),
(3578, 67, 979, 4, 0, 0, 0),
(3579, 53, 979, 1, 0, 0, 0),
(3580, 44, 979, 11, 0, 0, 0),
(3581, 41, 979, 7, 0, 0, 0),
(3582, 74, 979, 4, 0, 0, 0),
(3583, 16, 979, 3, 0, 0, 0),
(3584, 42, 979, 10, 0, 0, 0),
(3585, 35, 979, 3, 0, 0, 0),
(3586, 86, 979, 6, 0, 0, 0),
(3587, 17, 979, 5, 0, 0, 0),
(3588, 31, 979, 10, 0, 0, 0),
(3589, 83, 979, 4, 0, 0, 0),
(3590, 56, 979, 5, 0, 0, 0),
(3591, 82, 979, 4, 0, 0, 0),
(3592, 5, 979, 4, 0, 0, 0),
(3593, 48, 979, 1, 0, 0, 0),
(3594, 54, 979, 2, 0, 0, 0),
(3595, 70, 979, 7, 0, 0, 0),
(3596, 73, 979, 7, 0, 0, 0),
(3597, 39, 979, 7, 0, 0, 0),
(3598, 62, 979, 7, 0, 0, 0),
(3599, 30, 979, 1, 0, 0, 0),
(3600, 65, 979, 10, 0, 0, 0),
(3601, 13, 979, 4, 0, 0, 0),
(3602, 64, 979, 6, 0, 0, 0),
(3603, 85, 979, 1, 0, 0, 0),
(3604, 26, 979, 4, 0, 0, 0),
(3605, 43, 979, 1, 0, 0, 0),
(3606, 45, 979, 4, 0, 0, 0),
(3607, 55, 979, 8, 0, 0, 0),
(3608, 15, 979, 6, 0, 0, 0),
(3609, 21, 979, 4, 0, 0, 0),
(3610, 69, 979, 7, 0, 0, 0),
(3611, 12, 979, 7, 0, 0, 0),
(3612, 84, 979, 1, 0, 0, 0),
(3613, 25, 979, 9, 0, 0, 0),
(3614, 49, 979, 10, 0, 0, 0),
(3615, 10, 979, 4, 0, 0, 0),
(3616, 2, 979, 10, 0, 0, 0),
(3617, 28, 979, 5, 0, 0, 0),
(3618, 75, 979, 4, 0, 0, 0),
(3619, 27, 979, 1, 0, 0, 0),
(3620, 22, 979, 8, 0, 0, 0),
(3621, 3, 979, 10, 0, 0, 0),
(3622, 33, 979, 2, 0, 0, 0),
(3623, 32, 979, 10, 0, 0, 0),
(3624, 40, 979, 8, 0, 0, 0),
(3625, 19, 979, 7, 0, 0, 0),
(3626, 6, 979, 10, 0, 0, 0),
(3627, 24, 980, 2, 0, 0, 0),
(3628, 11, 980, 8, 0, 0, 0),
(3629, 62, 980, 5, 0, 0, 0),
(3630, 9, 980, 3, 0, 0, 0),
(3631, 3, 980, 8, 0, 0, 0),
(3632, 69, 980, 2, 0, 0, 0),
(3633, 68, 980, 1, 0, 0, 0),
(3634, 65, 980, 4, 0, 0, 0),
(3635, 59, 980, 7, 0, 0, 0),
(3636, 75, 980, 3, 0, 0, 0),
(3637, 60, 980, 3, 0, 0, 0),
(3638, 6, 980, 8, 0, 0, 0),
(3639, 14, 980, 8, 0, 0, 0),
(3640, 78, 980, 8, 0, 0, 0),
(3641, 8, 980, 3, 0, 0, 0),
(3642, 63, 980, 1, 0, 0, 0),
(3643, 79, 980, 3, 0, 0, 0),
(3644, 70, 980, 5, 0, 0, 0),
(3645, 44, 980, 9, 0, 0, 0),
(3646, 18, 980, 4, 0, 0, 0),
(3647, 19, 980, 5, 0, 0, 0),
(3648, 21, 980, 3, 0, 0, 0),
(3649, 23, 980, 8, 0, 0, 0),
(3650, 15, 980, 7, 0, 0, 0),
(3651, 64, 980, 3, 0, 0, 0),
(3652, 32, 980, 6, 0, 0, 0),
(3653, 20, 980, 9, 0, 0, 0),
(3654, 73, 980, 6, 0, 0, 0),
(3655, 37, 980, 1, 0, 0, 0),
(3656, 17, 980, 3, 0, 0, 0),
(3657, 55, 980, 7, 0, 0, 0),
(3658, 67, 980, 1, 0, 0, 0),
(3659, 58, 980, 1, 0, 0, 0),
(3660, 12, 980, 7, 0, 0, 0),
(3661, 22, 980, 6, 0, 0, 0),
(3662, 72, 980, 3, 0, 0, 0),
(3663, 40, 980, 4, 0, 0, 0),
(3664, 77, 980, 1, 0, 0, 0),
(3665, 29, 980, 2, 0, 0, 0),
(3666, 5, 980, 2, 0, 0, 0),
(3667, 25, 980, 9, 0, 0, 0),
(3668, 66, 980, 1, 0, 0, 0),
(3669, 28, 980, 3, 0, 0, 0),
(3670, 34, 980, 2, 0, 0, 0),
(3671, 10, 980, 3, 0, 0, 0),
(3672, 4, 980, 6, 0, 0, 0),
(3673, 74, 980, 2, 0, 0, 0),
(3674, 49, 980, 9, 0, 0, 0),
(3675, 1, 980, 9, 0, 0, 0),
(3676, 39, 980, 3, 0, 0, 0),
(3677, 76, 980, 4, 0, 0, 0),
(3678, 31, 980, 3, 0, 0, 0),
(3679, 42, 980, 8, 0, 0, 0),
(3680, 56, 980, 1, 0, 0, 0),
(3681, 26, 980, 3, 0, 0, 0),
(3682, 35, 980, 1, 0, 0, 0),
(3683, 41, 980, 3, 0, 0, 0),
(3684, 45, 980, 1, 0, 0, 0),
(3685, 46, 980, 1, 0, 0, 0),
(3686, 85, 980, 4, 0, 0, 0),
(3687, 51, 980, 1, 0, 0, 0),
(3688, 61, 980, 7, 0, 0, 0),
(3689, 53, 980, 1, 0, 0, 0),
(3690, 80, 980, 1, 0, 0, 0),
(3691, 82, 980, 2, 0, 0, 0),
(3692, 84, 980, 2, 0, 0, 0),
(3693, 38, 980, 1, 0, 0, 0),
(3694, 83, 980, 3, 0, 0, 0),
(3695, 36, 980, 1, 0, 0, 0),
(3696, 52, 980, 1, 0, 0, 0),
(3697, 86, 980, 1, 0, 0, 0),
(3698, 57, 980, 5, 0, 0, 0),
(3699, 7, 980, 6, 0, 0, 0),
(3700, 16, 980, 5, 0, 0, 0),
(3701, 2, 980, 11, 0, 0, 0),
(3702, 71, 980, 12, 0, 0, 0),
(3703, 27, 980, 1, 0, 0, 0),
(3704, 13, 980, 5, 0, 0, 0),
(3705, 54, 980, 2, 0, 0, 0),
(3706, 43, 980, 1, 0, 0, 0),
(3707, 60, 981, 1, 0, 0, 0),
(3708, 3, 981, 1, 0, 0, 0),
(3709, 12, 981, 1, 0, 0, 0),
(3710, 77, 981, 1, 0, 0, 0),
(3711, 20, 981, 1, 0, 0, 0),
(3712, 32, 981, 7, 0, 0, 0),
(3713, 4, 981, 6, 0, 0, 0),
(3714, 6, 981, 1, 0, 0, 0),
(3715, 11, 981, 1, 0, 0, 0),
(3716, 68, 981, 1, 0, 0, 0),
(3717, 13, 981, 2, 0, 0, 0),
(3718, 63, 981, 1, 0, 0, 0),
(3719, 2, 981, 8, 0, 0, 0),
(3720, 59, 981, 1, 0, 0, 0),
(3721, 9, 981, 1, 0, 0, 0),
(3722, 70, 981, 3, 0, 0, 0),
(3723, 73, 981, 1, 0, 0, 0),
(3724, 64, 981, 1, 0, 0, 0),
(3725, 5, 981, 3, 0, 0, 0),
(3726, 23, 981, 1, 0, 0, 0),
(3727, 65, 981, 1, 0, 0, 0),
(3728, 22, 981, 1, 0, 0, 0),
(3729, 21, 981, 4, 0, 0, 0),
(3730, 62, 981, 6, 0, 0, 0),
(3731, 67, 981, 2, 0, 0, 0),
(3732, 76, 981, 1, 0, 0, 0),
(3733, 69, 981, 4, 0, 0, 0),
(3734, 1, 981, 8, 0, 0, 0),
(3735, 17, 981, 3, 0, 0, 0),
(3736, 15, 981, 6, 0, 0, 0),
(3737, 79, 981, 3, 0, 0, 0),
(3738, 7, 981, 3, 0, 0, 0),
(3739, 37, 981, 1, 0, 0, 0),
(3740, 66, 981, 1, 0, 0, 0),
(3741, 8, 981, 3, 0, 0, 0),
(3742, 55, 981, 1, 0, 0, 0),
(3743, 61, 981, 1, 0, 0, 0),
(3744, 49, 981, 10, 0, 0, 0),
(3745, 56, 981, 1, 0, 0, 0),
(3746, 40, 981, 1, 0, 0, 0),
(3747, 84, 981, 1, 0, 0, 0),
(3748, 53, 981, 1, 0, 0, 0),
(3749, 45, 981, 3, 0, 0, 0),
(3750, 78, 981, 8, 0, 0, 0),
(3751, 16, 981, 4, 0, 0, 0),
(3752, 19, 981, 7, 0, 0, 0),
(3753, 71, 981, 10, 0, 0, 0),
(3754, 14, 981, 8, 0, 0, 0),
(3755, 72, 981, 4, 0, 0, 0),
(3756, 18, 981, 7, 0, 0, 0),
(3757, 10, 981, 5, 0, 0, 0),
(3758, 65, 982, 10, 0, 0, 0),
(3759, 36, 982, 1, 0, 0, 0),
(3760, 27, 982, 1, 0, 0, 0),
(3761, 85, 982, 5, 0, 0, 0),
(3762, 63, 982, 7, 0, 0, 0),
(3763, 28, 982, 4, 0, 0, 0),
(3764, 53, 982, 3, 0, 0, 0),
(3765, 34, 982, 2, 0, 0, 0),
(3766, 5, 982, 4, 0, 0, 0),
(3767, 78, 982, 10, 0, 0, 0),
(3768, 9, 982, 10, 0, 0, 0),
(3769, 72, 982, 3, 0, 0, 0),
(3770, 47, 982, 2, 0, 0, 0),
(3771, 56, 982, 5, 0, 0, 0),
(3772, 7, 982, 4, 0, 0, 0),
(3773, 61, 982, 10, 0, 0, 0),
(3774, 54, 982, 2, 0, 0, 0),
(3775, 6, 982, 9, 0, 0, 0),
(3776, 40, 982, 7, 0, 0, 0),
(3777, 68, 982, 6, 0, 0, 0),
(3778, 66, 982, 6, 0, 0, 0),
(3779, 1, 982, 10, 0, 0, 0),
(3780, 38, 982, 1, 0, 0, 0),
(3781, 49, 982, 10, 0, 0, 0),
(3782, 76, 982, 4, 0, 0, 0),
(3783, 16, 982, 3, 0, 0, 0),
(3784, 69, 982, 7, 0, 0, 0),
(3785, 13, 982, 4, 0, 0, 0),
(3786, 55, 982, 7, 0, 0, 0),
(3787, 21, 982, 3, 0, 0, 0),
(3788, 75, 982, 3, 0, 0, 0),
(3789, 84, 982, 3, 0, 0, 0),
(3790, 4, 982, 7, 0, 0, 0),
(3791, 41, 982, 7, 0, 0, 0),
(3792, 24, 982, 2, 0, 0, 0),
(3793, 35, 982, 4, 0, 0, 0),
(3794, 42, 982, 10, 0, 0, 0),
(3795, 30, 982, 1, 0, 0, 0),
(3796, 39, 982, 6, 0, 0, 0),
(3797, 74, 982, 4, 0, 0, 0),
(3798, 57, 982, 1, 0, 0, 0),
(3799, 25, 982, 10, 0, 0, 0),
(3800, 62, 982, 7, 0, 0, 0),
(3801, 29, 982, 7, 0, 0, 0),
(3802, 81, 982, 2, 0, 0, 0),
(3803, 20, 982, 9, 0, 0, 0),
(3804, 8, 982, 4, 0, 0, 0),
(3805, 51, 982, 5, 0, 0, 0),
(3806, 79, 982, 3, 0, 0, 0),
(3807, 37, 982, 7, 0, 0, 0),
(3808, 26, 982, 4, 0, 0, 0),
(3809, 11, 982, 9, 0, 0, 0),
(3810, 59, 982, 10, 0, 0, 0),
(3811, 23, 982, 10, 0, 0, 0),
(3812, 17, 982, 4, 0, 0, 0),
(3813, 64, 982, 6, 0, 0, 0),
(3814, 60, 982, 6, 0, 0, 0),
(3815, 86, 982, 7, 0, 0, 0),
(3816, 31, 982, 10, 0, 0, 0),
(3817, 14, 982, 9, 0, 0, 0),
(3818, 73, 982, 7, 0, 0, 0),
(3819, 18, 982, 7, 0, 0, 0),
(3820, 10, 982, 3, 0, 0, 0),
(3821, 52, 982, 7, 0, 0, 0),
(3822, 83, 982, 3, 0, 0, 0),
(3823, 67, 982, 2, 0, 0, 0),
(3824, 45, 982, 2, 0, 0, 0),
(3825, 71, 982, 10, 0, 0, 0),
(3826, 82, 982, 4, 0, 0, 0),
(3827, 77, 982, 4, 0, 0, 0),
(3828, 2, 982, 10, 0, 0, 0),
(3829, 44, 982, 10, 0, 0, 0),
(3830, 3, 982, 10, 0, 0, 0),
(3831, 15, 982, 7, 0, 0, 0),
(3832, 58, 982, 1, 0, 0, 0),
(3833, 50, 982, 2, 0, 0, 0),
(3834, 70, 982, 7, 0, 0, 0),
(3835, 22, 982, 7, 0, 0, 0),
(3836, 32, 982, 11, 0, 0, 0),
(3837, 12, 982, 7, 0, 0, 0),
(3838, 19, 982, 8, 0, 0, 0),
(3839, 43, 982, 1, 0, 0, 0),
(3840, 46, 982, 4, 0, 0, 0),
(3841, 75, 983, 3, 0, 0, 0),
(3842, 4, 983, 7, 0, 0, 0),
(3843, 66, 983, 4, 0, 0, 0),
(3844, 9, 983, 9, 0, 0, 0),
(3845, 12, 983, 6, 0, 0, 0),
(3846, 78, 983, 10, 0, 0, 0),
(3847, 63, 983, 7, 0, 0, 0),
(3848, 15, 983, 5, 0, 0, 0),
(3849, 76, 983, 4, 0, 0, 0),
(3850, 27, 983, 1, 0, 0, 0),
(3851, 42, 983, 10, 0, 0, 0),
(3852, 65, 983, 10, 0, 0, 0),
(3853, 14, 983, 7, 0, 0, 0),
(3854, 28, 983, 4, 0, 0, 0),
(3855, 37, 983, 5, 0, 0, 0),
(3856, 62, 983, 6, 0, 0, 0),
(3857, 59, 983, 7, 0, 0, 0),
(3858, 5, 983, 3, 0, 0, 0),
(3859, 67, 983, 4, 0, 0, 0),
(3860, 18, 983, 7, 0, 0, 0),
(3861, 30, 983, 1, 0, 0, 0),
(3862, 77, 983, 2, 0, 0, 0),
(3863, 1, 983, 9, 0, 0, 0),
(3864, 19, 983, 5, 0, 0, 0),
(3865, 32, 983, 9, 0, 0, 0),
(3866, 61, 983, 10, 0, 0, 0),
(3867, 20, 983, 10, 0, 0, 0),
(3868, 6, 983, 9, 0, 0, 0),
(3869, 22, 983, 8, 0, 0, 0),
(3870, 79, 983, 2, 0, 0, 0),
(3871, 2, 983, 9, 0, 0, 0),
(3872, 25, 983, 10, 0, 0, 0),
(3873, 33, 983, 2, 0, 0, 0),
(3874, 82, 983, 4, 0, 0, 0),
(3875, 8, 983, 2, 0, 0, 0),
(3876, 29, 983, 3, 0, 0, 0),
(3877, 40, 983, 2, 0, 0, 0);
INSERT INTO `card_level` (`id`, `card_id`, `player_id`, `level`, `quantity`, `seek`, `keep`) VALUES
(3878, 46, 983, 4, 0, 0, 0),
(3879, 80, 983, 2, 0, 0, 0),
(3880, 10, 983, 3, 0, 0, 0),
(3881, 21, 983, 4, 0, 0, 0),
(3882, 13, 983, 4, 0, 0, 0),
(3883, 26, 983, 1, 0, 0, 0),
(3884, 70, 983, 7, 0, 0, 0),
(3885, 68, 983, 6, 0, 0, 0),
(3886, 17, 983, 5, 0, 0, 0),
(3887, 73, 983, 7, 0, 0, 0),
(3888, 31, 983, 3, 0, 0, 0),
(3889, 49, 983, 9, 0, 0, 0),
(3890, 11, 983, 7, 0, 0, 0),
(3891, 39, 983, 1, 0, 0, 0),
(3892, 3, 983, 10, 0, 0, 0),
(3893, 35, 983, 2, 0, 0, 0),
(3894, 44, 983, 10, 0, 0, 0),
(3895, 60, 983, 7, 0, 0, 0),
(3896, 64, 983, 6, 0, 0, 0),
(3897, 41, 983, 2, 0, 0, 0),
(3898, 34, 983, 1, 0, 0, 0),
(3899, 56, 983, 1, 0, 0, 0),
(3900, 83, 983, 4, 0, 0, 0),
(3901, 24, 983, 1, 0, 0, 0),
(3902, 55, 983, 3, 0, 0, 0),
(3903, 85, 983, 1, 0, 0, 0),
(3904, 45, 983, 3, 0, 0, 0),
(3905, 53, 983, 1, 0, 0, 0),
(3906, 81, 983, 1, 0, 0, 0),
(3907, 50, 983, 1, 0, 0, 0),
(3908, 48, 983, 1, 0, 0, 0),
(3909, 51, 983, 1, 0, 0, 0),
(3910, 38, 983, 1, 0, 0, 0),
(3911, 84, 983, 1, 0, 0, 0),
(3912, 52, 983, 1, 0, 0, 0),
(3913, 86, 983, 1, 0, 0, 0),
(3914, 57, 983, 1, 0, 0, 0),
(3915, 23, 983, 12, 0, 0, 0),
(3916, 72, 983, 6, 0, 0, 0),
(3917, 16, 983, 5, 0, 0, 0),
(3918, 36, 983, 2, 0, 0, 0),
(3919, 69, 983, 9, 0, 0, 0),
(3920, 7, 983, 5, 0, 0, 0),
(3921, 74, 983, 6, 0, 0, 0),
(3922, 71, 983, 12, 0, 0, 0),
(3923, 22, 984, 7, 0, 0, 0),
(3924, 27, 984, 1, 0, 0, 0),
(3925, 9, 984, 9, 0, 0, 0),
(3926, 21, 984, 2, 0, 0, 0),
(3927, 29, 984, 7, 0, 0, 0),
(3928, 7, 984, 3, 0, 0, 0),
(3929, 8, 984, 2, 0, 0, 0),
(3930, 60, 984, 6, 0, 0, 0),
(3931, 57, 984, 1, 0, 0, 0),
(3932, 26, 984, 2, 0, 0, 0),
(3933, 75, 984, 3, 0, 0, 0),
(3934, 28, 984, 2, 0, 0, 0),
(3935, 13, 984, 2, 0, 0, 0),
(3936, 68, 984, 6, 0, 0, 0),
(3937, 49, 984, 8, 0, 0, 0),
(3938, 65, 984, 6, 0, 0, 0),
(3939, 76, 984, 3, 0, 0, 0),
(3940, 59, 984, 10, 0, 0, 0),
(3941, 72, 984, 3, 0, 0, 0),
(3942, 85, 984, 6, 0, 0, 0),
(3943, 61, 984, 6, 0, 0, 0),
(3944, 2, 984, 10, 0, 0, 0),
(3945, 24, 984, 1, 0, 0, 0),
(3946, 20, 984, 7, 0, 0, 0),
(3947, 82, 984, 4, 0, 0, 0),
(3948, 15, 984, 7, 0, 0, 0),
(3949, 62, 984, 7, 0, 0, 0),
(3950, 34, 984, 1, 0, 0, 0),
(3951, 79, 984, 3, 0, 0, 0),
(3952, 44, 984, 10, 0, 0, 0),
(3953, 52, 984, 7, 0, 0, 0),
(3954, 64, 984, 6, 0, 0, 0),
(3955, 86, 984, 1, 0, 0, 0),
(3956, 42, 984, 9, 0, 0, 0),
(3957, 74, 984, 3, 0, 0, 0),
(3958, 83, 984, 3, 0, 0, 0),
(3959, 11, 984, 10, 0, 0, 0),
(3960, 63, 984, 5, 0, 0, 0),
(3961, 35, 984, 4, 0, 0, 0),
(3962, 70, 984, 7, 0, 0, 0),
(3963, 41, 984, 6, 0, 0, 0),
(3964, 69, 984, 7, 0, 0, 0),
(3965, 32, 984, 9, 0, 0, 0),
(3966, 23, 984, 8, 0, 0, 0),
(3967, 77, 984, 3, 0, 0, 0),
(3968, 19, 984, 7, 0, 0, 0),
(3969, 37, 984, 6, 0, 0, 0),
(3970, 31, 984, 10, 0, 0, 0),
(3971, 16, 984, 3, 0, 0, 0),
(3972, 1, 984, 10, 0, 0, 0),
(3973, 71, 984, 9, 0, 0, 0),
(3974, 46, 984, 3, 0, 0, 0),
(3975, 40, 984, 7, 0, 0, 0),
(3976, 39, 984, 7, 0, 0, 0),
(3977, 55, 984, 6, 0, 0, 0),
(3978, 73, 984, 7, 0, 0, 0),
(3979, 25, 984, 10, 0, 0, 0),
(3980, 67, 984, 4, 0, 0, 0),
(3981, 56, 984, 1, 0, 0, 0),
(3982, 14, 984, 7, 0, 0, 0),
(3983, 53, 984, 3, 0, 0, 0),
(3984, 45, 984, 2, 0, 0, 0),
(3985, 17, 984, 3, 0, 0, 0),
(3986, 4, 984, 7, 0, 0, 0),
(3987, 51, 984, 3, 0, 0, 0),
(3988, 84, 984, 1, 0, 0, 0),
(3989, 5, 984, 3, 0, 0, 0),
(3990, 10, 984, 5, 0, 0, 0),
(3991, 66, 984, 7, 0, 0, 0),
(3992, 3, 984, 10, 0, 0, 0),
(3993, 78, 984, 10, 0, 0, 0),
(3994, 6, 984, 11, 0, 0, 0),
(3995, 18, 984, 7, 0, 0, 0),
(3996, 12, 984, 7, 0, 0, 0),
(3997, 80, 984, 2, 0, 0, 0),
(3998, 23, 985, 9, 0, 0, 0),
(3999, 32, 985, 8, 0, 0, 0),
(4000, 13, 985, 3, 0, 0, 0),
(4001, 83, 985, 2, 0, 0, 0),
(4002, 4, 985, 6, 0, 0, 0),
(4003, 74, 985, 3, 0, 0, 0),
(4004, 59, 985, 7, 0, 0, 0),
(4005, 71, 985, 9, 0, 0, 0),
(4006, 22, 985, 6, 0, 0, 0),
(4007, 84, 985, 2, 0, 0, 0),
(4008, 77, 985, 4, 0, 0, 0),
(4009, 70, 985, 6, 0, 0, 0),
(4010, 66, 985, 5, 0, 0, 0),
(4011, 61, 985, 8, 0, 0, 0),
(4012, 76, 985, 3, 0, 0, 0),
(4013, 31, 985, 5, 0, 0, 0),
(4014, 16, 985, 4, 0, 0, 0),
(4015, 78, 985, 8, 0, 0, 0),
(4016, 72, 985, 4, 0, 0, 0),
(4017, 64, 985, 5, 0, 0, 0),
(4018, 39, 985, 3, 0, 0, 0),
(4019, 69, 985, 5, 0, 0, 0),
(4020, 19, 985, 6, 0, 0, 0),
(4021, 12, 985, 6, 0, 0, 0),
(4022, 28, 985, 2, 0, 0, 0),
(4023, 45, 985, 1, 0, 0, 0),
(4024, 65, 985, 5, 0, 0, 0),
(4025, 26, 985, 3, 0, 0, 0),
(4026, 2, 985, 9, 0, 0, 0),
(4027, 63, 985, 5, 0, 0, 0),
(4028, 25, 985, 7, 0, 0, 0),
(4029, 49, 985, 6, 0, 0, 0),
(4030, 14, 985, 9, 0, 0, 0),
(4031, 73, 985, 6, 0, 0, 0),
(4032, 55, 985, 5, 0, 0, 0),
(4033, 67, 985, 3, 0, 0, 0),
(4034, 7, 985, 4, 0, 0, 0),
(4035, 21, 985, 3, 0, 0, 0),
(4036, 5, 985, 4, 0, 0, 0),
(4037, 20, 985, 9, 0, 0, 0),
(4038, 3, 985, 6, 0, 0, 0),
(4039, 10, 985, 3, 0, 0, 0),
(4040, 62, 985, 6, 0, 0, 0),
(4041, 17, 985, 4, 0, 0, 0),
(4042, 9, 985, 9, 0, 0, 0),
(4043, 6, 985, 6, 0, 0, 0),
(4044, 37, 985, 5, 0, 0, 0),
(4045, 79, 985, 3, 0, 0, 0),
(4046, 68, 985, 5, 0, 0, 0),
(4047, 60, 985, 4, 0, 0, 0),
(4048, 11, 985, 9, 0, 0, 0),
(4049, 75, 985, 4, 0, 0, 0),
(4050, 53, 985, 1, 0, 0, 0),
(4051, 1, 985, 9, 0, 0, 0),
(4052, 18, 985, 6, 0, 0, 0),
(4053, 40, 985, 4, 0, 0, 0),
(4054, 15, 985, 6, 0, 0, 0),
(4055, 8, 985, 4, 0, 0, 0),
(4056, 82, 985, 2, 0, 0, 0),
(4057, 29, 985, 5, 0, 0, 0),
(4058, 44, 985, 8, 0, 0, 0),
(4059, 74, 981, 1, 0, 0, 0),
(4060, 47, 980, 1, 0, 0, 0),
(4061, 34, 17, 1, 0, 0, 0),
(4062, 56, 985, 3, 0, 0, 0),
(4063, 33, 985, 1, 0, 0, 0),
(4064, 11, 986, 7, 0, 0, 0),
(4065, 40, 986, 5, 0, 0, 0),
(4066, 14, 986, 7, 0, 0, 0),
(4067, 4, 986, 5, 0, 0, 0),
(4068, 68, 986, 5, 0, 0, 0),
(4069, 85, 986, 5, 0, 0, 0),
(4070, 6, 986, 8, 0, 0, 0),
(4071, 9, 986, 8, 0, 0, 0),
(4072, 72, 986, 3, 0, 0, 0),
(4073, 60, 986, 5, 0, 0, 0),
(4074, 1, 986, 7, 0, 0, 0),
(4075, 69, 986, 4, 0, 0, 0),
(4076, 79, 986, 3, 0, 0, 0),
(4077, 49, 986, 7, 0, 0, 0),
(4078, 37, 986, 5, 0, 0, 0),
(4079, 15, 986, 5, 0, 0, 0),
(4080, 3, 986, 7, 0, 0, 0),
(4081, 64, 986, 3, 0, 0, 0),
(4082, 70, 986, 5, 0, 0, 0),
(4083, 75, 986, 1, 0, 0, 0),
(4084, 59, 986, 7, 0, 0, 0),
(4085, 19, 986, 6, 0, 0, 0),
(4086, 62, 986, 4, 0, 0, 0),
(4087, 18, 986, 5, 0, 0, 0),
(4088, 61, 986, 7, 0, 0, 0),
(4089, 52, 986, 6, 0, 0, 0),
(4090, 67, 986, 3, 0, 0, 0),
(4091, 86, 986, 7, 0, 0, 0),
(4092, 66, 986, 5, 0, 0, 0),
(4093, 16, 986, 2, 0, 0, 0),
(4094, 20, 986, 6, 0, 0, 0),
(4095, 42, 986, 7, 0, 0, 0),
(4096, 25, 986, 6, 0, 0, 0),
(4097, 39, 986, 5, 0, 0, 0),
(4098, 76, 986, 3, 0, 0, 0),
(4099, 2, 986, 7, 0, 0, 0),
(4100, 74, 986, 4, 0, 0, 0),
(4101, 63, 986, 4, 0, 0, 0),
(4102, 29, 986, 4, 0, 0, 0),
(4103, 44, 986, 6, 0, 0, 0),
(4104, 22, 986, 5, 0, 0, 0),
(4105, 24, 986, 1, 0, 0, 0),
(4106, 83, 986, 2, 0, 0, 0),
(4107, 57, 986, 6, 0, 0, 0),
(4108, 56, 986, 4, 0, 0, 0),
(4109, 38, 986, 2, 0, 0, 0),
(4110, 77, 986, 3, 0, 0, 0),
(4111, 55, 986, 6, 0, 0, 0),
(4112, 50, 986, 1, 0, 0, 0),
(4113, 8, 986, 1, 0, 0, 0),
(4114, 41, 986, 3, 0, 0, 0),
(4115, 82, 986, 2, 0, 0, 0),
(4116, 31, 986, 6, 0, 0, 0),
(4117, 10, 986, 3, 0, 0, 0),
(4118, 28, 986, 2, 0, 0, 0),
(4119, 35, 986, 2, 0, 0, 0),
(4120, 46, 986, 2, 0, 0, 0),
(4121, 45, 986, 1, 0, 0, 0),
(4122, 26, 986, 3, 0, 0, 0),
(4123, 7, 986, 2, 0, 0, 0),
(4124, 73, 986, 4, 0, 0, 0),
(4125, 21, 986, 1, 0, 0, 0),
(4126, 5, 986, 3, 0, 0, 0),
(4127, 36, 986, 1, 0, 0, 0),
(4128, 53, 986, 1, 0, 0, 0),
(4129, 17, 986, 5, 0, 0, 0),
(4130, 12, 986, 8, 0, 0, 0),
(4131, 78, 986, 9, 0, 0, 0),
(4132, 32, 986, 9, 0, 0, 0),
(4133, 13, 986, 4, 0, 0, 0),
(4134, 71, 986, 8, 0, 0, 0),
(4135, 65, 986, 8, 0, 0, 0),
(4136, 23, 986, 9, 0, 0, 0),
(4137, 87, 605, 1, 0, 0, 0),
(4138, 49, 987, 9, 0, 0, 0),
(4139, 5, 987, 3, 0, 0, 0),
(4140, 19, 987, 7, 0, 0, 0),
(4141, 62, 987, 6, 0, 0, 0),
(4142, 76, 987, 4, 0, 0, 0),
(4143, 9, 987, 11, 0, 0, 0),
(4144, 64, 987, 5, 0, 0, 0),
(4145, 82, 987, 4, 0, 0, 0),
(4146, 2, 987, 8, 0, 0, 0),
(4147, 44, 987, 9, 0, 0, 0),
(4148, 41, 987, 7, 0, 0, 0),
(4149, 61, 987, 7, 0, 0, 0),
(4150, 78, 987, 10, 0, 0, 0),
(4151, 66, 987, 7, 0, 0, 0),
(4152, 31, 987, 10, 0, 0, 0),
(4153, 85, 987, 5, 0, 0, 0),
(4154, 20, 987, 9, 0, 0, 0),
(4155, 65, 987, 10, 0, 0, 0),
(4156, 1, 987, 9, 0, 0, 0),
(4157, 22, 987, 7, 0, 0, 0),
(4158, 48, 987, 1, 0, 0, 0),
(4159, 51, 987, 6, 0, 0, 0),
(4160, 29, 987, 5, 0, 0, 0),
(4161, 57, 987, 6, 0, 0, 0),
(4162, 50, 987, 1, 0, 0, 0),
(4163, 58, 987, 1, 0, 0, 0),
(4164, 4, 987, 6, 0, 0, 0),
(4165, 56, 987, 5, 0, 0, 0),
(4166, 15, 987, 7, 0, 0, 0),
(4167, 52, 987, 7, 0, 0, 0),
(4168, 30, 987, 2, 0, 0, 0),
(4169, 40, 987, 7, 0, 0, 0),
(4170, 17, 987, 4, 0, 0, 0),
(4171, 36, 987, 1, 0, 0, 0),
(4172, 80, 987, 1, 0, 0, 0),
(4173, 26, 987, 3, 0, 0, 0),
(4174, 42, 987, 9, 0, 0, 0),
(4175, 70, 987, 6, 0, 0, 0),
(4176, 77, 987, 4, 0, 0, 0),
(4177, 39, 987, 6, 0, 0, 0),
(4178, 73, 987, 7, 0, 0, 0),
(4179, 33, 987, 2, 0, 0, 0),
(4180, 83, 987, 3, 0, 0, 0),
(4181, 35, 987, 4, 0, 0, 0),
(4182, 27, 987, 1, 0, 0, 0),
(4183, 3, 987, 9, 0, 0, 0),
(4184, 23, 987, 8, 0, 0, 0),
(4185, 14, 987, 8, 0, 0, 0),
(4186, 72, 987, 5, 0, 0, 0),
(4187, 55, 987, 7, 0, 0, 0),
(4188, 37, 987, 7, 0, 0, 0),
(4189, 45, 987, 3, 0, 0, 0),
(4190, 84, 987, 2, 0, 0, 0),
(4191, 11, 987, 7, 0, 0, 0),
(4192, 32, 987, 11, 0, 0, 0),
(4193, 46, 987, 3, 0, 0, 0),
(4194, 79, 987, 4, 0, 0, 0),
(4195, 69, 987, 7, 0, 0, 0),
(4196, 25, 987, 8, 0, 0, 0),
(4197, 63, 987, 7, 0, 0, 0),
(4198, 81, 987, 2, 0, 0, 0),
(4199, 60, 987, 7, 0, 0, 0),
(4200, 10, 987, 4, 0, 0, 0),
(4201, 6, 987, 7, 0, 0, 0),
(4202, 67, 987, 5, 0, 0, 0),
(4203, 71, 987, 9, 0, 0, 0),
(4204, 74, 987, 4, 0, 0, 0),
(4205, 59, 987, 7, 0, 0, 0),
(4206, 21, 987, 4, 0, 0, 0),
(4207, 86, 987, 8, 0, 0, 0),
(4208, 53, 987, 3, 0, 0, 0),
(4209, 28, 987, 4, 0, 0, 0),
(4210, 75, 987, 4, 0, 0, 0),
(4211, 68, 987, 6, 0, 0, 0),
(4212, 13, 987, 4, 0, 0, 0),
(4213, 18, 987, 9, 0, 0, 0),
(4214, 12, 987, 8, 0, 0, 0),
(4215, 43, 987, 2, 0, 0, 0),
(4216, 16, 987, 4, 0, 0, 0),
(4217, 8, 987, 6, 0, 0, 0),
(4218, 7, 987, 6, 0, 0, 0),
(4219, 47, 987, 1, 0, 0, 0),
(4220, 50, 40, 1, 0, 0, 0),
(4221, 36, 37, 1, 0, 0, 0),
(4222, 41, 988, 7, 0, 0, 0),
(4223, 42, 988, 9, 0, 0, 0),
(4224, 61, 988, 7, 0, 0, 0),
(4225, 82, 988, 3, 0, 0, 0),
(4226, 49, 988, 10, 0, 0, 0),
(4227, 59, 988, 9, 0, 0, 0),
(4228, 65, 988, 9, 0, 0, 0),
(4229, 2, 988, 9, 0, 0, 0),
(4230, 30, 988, 2, 0, 0, 0),
(4231, 39, 988, 7, 0, 0, 0),
(4232, 79, 988, 5, 0, 0, 0),
(4233, 68, 988, 7, 0, 0, 0),
(4234, 34, 988, 2, 0, 0, 0),
(4235, 19, 988, 7, 0, 0, 0),
(4236, 47, 988, 1, 0, 0, 0),
(4237, 22, 988, 7, 0, 0, 0),
(4238, 53, 988, 3, 0, 0, 0),
(4239, 8, 988, 4, 0, 0, 0),
(4240, 64, 988, 6, 0, 0, 0),
(4241, 37, 988, 8, 0, 0, 0),
(4242, 16, 988, 4, 0, 0, 0),
(4243, 32, 988, 10, 0, 0, 0),
(4244, 25, 988, 9, 0, 0, 0),
(4245, 74, 988, 4, 0, 0, 0),
(4246, 48, 988, 1, 0, 0, 0),
(4247, 72, 988, 3, 0, 0, 0),
(4248, 60, 988, 6, 0, 0, 0),
(4249, 69, 988, 7, 0, 0, 0),
(4250, 62, 988, 7, 0, 0, 0),
(4251, 5, 988, 4, 0, 0, 0),
(4252, 84, 988, 2, 0, 0, 0),
(4253, 7, 988, 4, 0, 0, 0),
(4254, 31, 988, 9, 0, 0, 0),
(4255, 80, 988, 2, 0, 0, 0),
(4256, 29, 988, 7, 0, 0, 0),
(4257, 18, 988, 7, 0, 0, 0),
(4258, 20, 988, 9, 0, 0, 0),
(4259, 28, 988, 3, 0, 0, 0),
(4260, 1, 988, 9, 0, 0, 0),
(4261, 76, 988, 4, 0, 0, 0),
(4262, 33, 988, 1, 0, 0, 0),
(4263, 11, 988, 7, 0, 0, 0),
(4264, 85, 988, 6, 0, 0, 0),
(4265, 43, 988, 2, 0, 0, 0),
(4266, 21, 988, 3, 0, 0, 0),
(4267, 44, 988, 9, 0, 0, 0),
(4268, 15, 988, 7, 0, 0, 0),
(4269, 9, 988, 10, 0, 0, 0),
(4270, 35, 988, 4, 0, 0, 0),
(4271, 55, 988, 8, 0, 0, 0),
(4272, 57, 988, 6, 0, 0, 0),
(4273, 51, 988, 6, 0, 0, 0),
(4274, 63, 988, 6, 0, 0, 0),
(4275, 83, 988, 4, 0, 0, 0),
(4276, 14, 988, 9, 0, 0, 0),
(4277, 40, 988, 7, 0, 0, 0),
(4278, 86, 988, 9, 0, 0, 0),
(4279, 75, 988, 3, 0, 0, 0),
(4280, 67, 988, 4, 0, 0, 0),
(4281, 50, 988, 1, 0, 0, 0),
(4282, 26, 988, 4, 0, 0, 0),
(4283, 3, 988, 9, 0, 0, 0),
(4284, 4, 988, 7, 0, 0, 0),
(4285, 56, 988, 7, 0, 0, 0),
(4286, 52, 988, 9, 0, 0, 0),
(4287, 46, 988, 3, 0, 0, 0),
(4288, 45, 988, 3, 0, 0, 0),
(4289, 73, 988, 7, 0, 0, 0),
(4290, 6, 988, 10, 0, 0, 0),
(4291, 77, 988, 4, 0, 0, 0),
(4292, 66, 988, 7, 0, 0, 0),
(4293, 54, 988, 1, 0, 0, 0),
(4294, 71, 988, 10, 0, 0, 0),
(4295, 10, 988, 4, 0, 0, 0),
(4296, 36, 988, 2, 0, 0, 0),
(4297, 38, 988, 1, 0, 0, 0),
(4298, 23, 988, 10, 0, 0, 0),
(4299, 78, 988, 10, 0, 0, 0),
(4300, 17, 988, 4, 0, 0, 0),
(4301, 13, 988, 4, 0, 0, 0),
(4302, 12, 988, 7, 0, 0, 0),
(4303, 70, 988, 7, 0, 0, 0),
(4304, 50, 15, 2, 0, 0, 0),
(4305, 58, 45, 1, 0, 0, 0),
(4306, 58, 988, 1, 0, 0, 0),
(4307, 87, 12, 6, 0, 0, 0),
(4308, 87, 988, 8, 0, 0, 0),
(4309, 87, 27, 9, 0, 0, 0),
(4310, 54, 27, 2, 0, 0, 0),
(4311, 87, 2, 1, 0, 0, 0),
(4312, 87, 9, 1, 0, 0, 0),
(4313, 87, 15, 9, 0, 0, 0),
(4314, 87, 28, 6, 0, 0, 0),
(4315, 87, 42, 7, 0, 0, 0),
(4316, 87, 42, 7, 0, 0, 0),
(4317, 87, 45, 1, 0, 0, 0),
(4318, 87, 983, 1, 0, 0, 0),
(4319, 87, 3, 10, 0, 0, 0),
(4320, 87, 4, 4, 0, 0, 0),
(4321, 87, 6, 1, 0, 0, 0),
(4322, 87, 10, 7, 0, 0, 0),
(4323, 87, 14, 7, 0, 0, 0),
(4324, 87, 19, 1, 0, 0, 0),
(4325, 87, 21, 1, 0, 0, 0),
(4326, 87, 977, 1, 0, 0, 0),
(4327, 87, 20, 8, 0, 0, 0),
(4328, 87, 26, 5, 0, 0, 0),
(4329, 87, 1, 1, 0, 0, 0),
(4330, 87, 32, 1, 0, 0, 0),
(4331, 87, 36, 6, 0, 0, 0),
(4332, 87, 39, 1, 0, 0, 0),
(4333, 87, 979, 1, 0, 0, 0),
(4334, 87, 16, 5, 0, 0, 0),
(4335, 58, 973, 1, 0, 0, 0),
(4336, 87, 976, 1, 0, 0, 0),
(4337, 87, 7, 1, 0, 0, 0),
(4338, 87, 609, 1, 0, 0, 0),
(4339, 85, 981, 6, 0, 0, 0),
(4340, 87, 17, 8, 0, 0, 0),
(4341, 87, 40, 1, 0, 0, 0),
(4342, 87, 37, 1, 0, 0, 0),
(4343, 75, 981, 1, 0, 0, 0),
(4344, 87, 29, 1, 0, 0, 0),
(4345, 87, 8, 9, 0, 0, 0),
(4346, 87, 22, 6, 0, 0, 0),
(4347, 87, 981, 1, 0, 0, 0),
(4348, 50, 12, 1, 0, 0, 0),
(4349, 87, 978, 1, 0, 0, 0),
(4350, 87, 987, 6, 0, 0, 0),
(4351, 25, 981, 1, 0, 0, 0),
(4352, 33, 31, 1, 0, 0, 0),
(4353, 29, 981, 1, 0, 0, 0),
(4354, 87, 973, 5, 0, 0, 0),
(4355, 87, 31, 8, 0, 0, 0),
(4356, 87, 34, 1, 0, 0, 0),
(4357, 26, 981, 3, 0, 0, 0),
(4358, 58, 37, 1, 0, 0, 0),
(4359, 58, 9, 1, 0, 0, 0),
(4360, 58, 10, 1, 0, 0, 0),
(4361, 87, 18, 7, 0, 0, 0),
(4362, 54, 973, 1, 0, 0, 0),
(4363, 87, 980, 1, 0, 0, 0),
(4364, 71, 989, 10, 0, 0, 0),
(4365, 41, 989, 1, 0, 0, 0),
(4366, 20, 989, 9, 0, 0, 0),
(4367, 15, 989, 5, 0, 0, 0),
(4368, 39, 989, 5, 0, 0, 0),
(4369, 83, 989, 2, 0, 0, 0),
(4370, 11, 989, 8, 0, 0, 0),
(4371, 72, 989, 3, 0, 0, 0),
(4372, 69, 989, 5, 0, 0, 0),
(4373, 74, 989, 3, 0, 0, 0),
(4374, 1, 989, 8, 0, 0, 0),
(4375, 59, 989, 5, 0, 0, 0),
(4376, 7, 989, 2, 0, 0, 0),
(4377, 36, 989, 1, 0, 0, 0),
(4378, 76, 989, 3, 0, 0, 0),
(4379, 68, 989, 3, 0, 0, 0),
(4380, 73, 989, 2, 0, 0, 0),
(4381, 77, 989, 3, 0, 0, 0),
(4382, 21, 989, 1, 0, 0, 0),
(4383, 4, 989, 7, 0, 0, 0),
(4384, 14, 989, 11, 0, 0, 0),
(4385, 10, 989, 3, 0, 0, 0),
(4386, 13, 989, 2, 0, 0, 0),
(4387, 63, 989, 4, 0, 0, 0),
(4388, 65, 989, 1, 0, 0, 0),
(4389, 2, 989, 9, 0, 0, 0),
(4390, 32, 989, 10, 0, 0, 0),
(4391, 70, 989, 7, 0, 0, 0),
(4392, 44, 989, 9, 0, 0, 0),
(4393, 12, 989, 6, 0, 0, 0),
(4394, 29, 989, 5, 0, 0, 0),
(4395, 79, 989, 2, 0, 0, 0),
(4396, 61, 989, 1, 0, 0, 0),
(4397, 23, 989, 3, 0, 0, 0),
(4398, 37, 989, 1, 0, 0, 0),
(4399, 64, 989, 2, 0, 0, 0),
(4400, 17, 989, 3, 0, 0, 0),
(4401, 60, 989, 3, 0, 0, 0),
(4402, 25, 989, 7, 0, 0, 0),
(4403, 35, 989, 2, 0, 0, 0),
(4404, 28, 989, 1, 0, 0, 0),
(4405, 16, 989, 4, 0, 0, 0),
(4406, 82, 989, 3, 0, 0, 0),
(4407, 40, 989, 6, 0, 0, 0),
(4408, 22, 989, 8, 0, 0, 0),
(4409, 26, 989, 3, 0, 0, 0),
(4410, 67, 989, 1, 0, 0, 0),
(4411, 49, 989, 6, 0, 0, 0),
(4412, 3, 989, 8, 0, 0, 0),
(4413, 42, 989, 7, 0, 0, 0),
(4414, 9, 989, 10, 0, 0, 0),
(4415, 27, 989, 2, 0, 0, 0),
(4416, 66, 989, 6, 0, 0, 0),
(4417, 46, 989, 2, 0, 0, 0),
(4418, 55, 989, 1, 0, 0, 0),
(4419, 62, 989, 5, 0, 0, 0),
(4420, 8, 989, 3, 0, 0, 0),
(4421, 56, 989, 1, 0, 0, 0),
(4422, 75, 989, 2, 0, 0, 0),
(4423, 85, 989, 1, 0, 0, 0),
(4424, 53, 989, 1, 0, 0, 0),
(4425, 48, 989, 1, 0, 0, 0),
(4426, 19, 989, 7, 0, 0, 0),
(4427, 45, 989, 1, 0, 0, 0),
(4428, 24, 989, 1, 0, 0, 0),
(4429, 51, 989, 1, 0, 0, 0),
(4430, 81, 989, 1, 0, 0, 0),
(4431, 54, 989, 1, 0, 0, 0),
(4432, 84, 989, 1, 0, 0, 0),
(4433, 34, 989, 1, 0, 0, 0),
(4434, 52, 989, 1, 0, 0, 0),
(4435, 30, 989, 1, 0, 0, 0),
(4436, 86, 989, 1, 0, 0, 0),
(4437, 57, 989, 1, 0, 0, 0),
(4438, 87, 989, 1, 0, 0, 0),
(4439, 47, 989, 3, 0, 0, 0),
(4440, 78, 989, 12, 0, 0, 0),
(4441, 31, 989, 10, 0, 0, 0),
(4442, 6, 989, 13, 0, 0, 0),
(4443, 43, 989, 2, 0, 0, 0),
(4444, 18, 989, 10, 0, 0, 0),
(4445, 33, 989, 2, 0, 0, 0),
(4446, 5, 989, 6, 0, 0, 0),
(4447, 27, 42, 1, 0, 0, 0),
(4448, 86, 981, 1, 0, 0, 0),
(4449, 24, 988, 1, 0, 0, 0),
(4450, 24, 977, 1, 0, 0, 0),
(4451, 33, 36, 1, 0, 0, 0),
(4452, 51, 42, 1, 0, 0, 0),
(4453, 31, 981, 1, 0, 0, 0),
(4454, 39, 981, 1, 0, 0, 0),
(4455, 87, 5, 1, 0, 0, 0),
(4456, 52, 981, 1, 0, 0, 0),
(4457, 82, 981, 3, 0, 0, 0),
(4458, 41, 981, 1, 0, 0, 0),
(4459, 42, 981, 1, 0, 0, 0),
(4460, 51, 39, 1, 0, 0, 0),
(4461, 76, 42, 2, 0, 0, 0),
(4462, 27, 981, 1, 0, 0, 0),
(4463, 27, 977, 1, 0, 0, 0),
(4464, 36, 27, 2, 0, 0, 0),
(4465, 63, 990, 4, 0, 0, 0),
(4466, 5, 990, 4, 0, 0, 0),
(4467, 65, 990, 8, 0, 0, 0),
(4468, 24, 990, 1, 0, 0, 0),
(4469, 41, 990, 7, 0, 0, 0),
(4470, 19, 990, 6, 0, 0, 0),
(4471, 21, 990, 2, 0, 0, 0),
(4472, 9, 990, 8, 0, 0, 0),
(4473, 54, 990, 1, 0, 0, 0),
(4474, 69, 990, 5, 0, 0, 0),
(4475, 46, 990, 4, 0, 0, 0),
(4476, 61, 990, 6, 0, 0, 0),
(4477, 82, 990, 3, 0, 0, 0),
(4478, 10, 990, 5, 0, 0, 0),
(4479, 70, 990, 7, 0, 0, 0),
(4480, 1, 990, 11, 0, 0, 0),
(4481, 79, 990, 5, 0, 0, 0),
(4482, 17, 990, 3, 0, 0, 0),
(4483, 18, 990, 5, 0, 0, 0),
(4484, 66, 990, 7, 0, 0, 0),
(4485, 83, 990, 2, 0, 0, 0),
(4486, 23, 990, 10, 0, 0, 0),
(4487, 31, 990, 8, 0, 0, 0),
(4488, 71, 990, 10, 0, 0, 0),
(4489, 60, 990, 7, 0, 0, 0),
(4490, 25, 990, 6, 0, 0, 0),
(4491, 73, 990, 7, 0, 0, 0),
(4492, 26, 990, 2, 0, 0, 0),
(4493, 64, 990, 7, 0, 0, 0),
(4494, 37, 990, 4, 0, 0, 0),
(4495, 75, 990, 1, 0, 0, 0),
(4496, 8, 990, 2, 0, 0, 0),
(4497, 14, 990, 8, 0, 0, 0),
(4498, 13, 990, 3, 0, 0, 0),
(4499, 74, 990, 3, 0, 0, 0),
(4500, 56, 990, 5, 0, 0, 0),
(4501, 81, 990, 1, 0, 0, 0),
(4502, 12, 990, 5, 0, 0, 0),
(4503, 20, 990, 9, 0, 0, 0),
(4504, 53, 990, 2, 0, 0, 0),
(4505, 3, 990, 9, 0, 0, 0),
(4506, 30, 990, 1, 0, 0, 0),
(4507, 85, 990, 6, 0, 0, 0),
(4508, 76, 990, 3, 0, 0, 0),
(4509, 28, 990, 2, 0, 0, 0),
(4510, 39, 990, 4, 0, 0, 0),
(4511, 48, 990, 1, 0, 0, 0),
(4512, 72, 990, 3, 0, 0, 0),
(4513, 78, 990, 11, 0, 0, 0),
(4514, 7, 990, 4, 0, 0, 0),
(4515, 77, 990, 4, 0, 0, 0),
(4516, 6, 990, 10, 0, 0, 0),
(4517, 2, 990, 10, 0, 0, 0),
(4518, 40, 990, 4, 0, 0, 0),
(4519, 47, 990, 1, 0, 0, 0),
(4520, 44, 990, 8, 0, 0, 0),
(4521, 35, 990, 2, 0, 0, 0),
(4522, 59, 990, 9, 0, 0, 0),
(4523, 67, 990, 3, 0, 0, 0),
(4524, 34, 990, 2, 0, 0, 0),
(4525, 80, 990, 1, 0, 0, 0),
(4526, 38, 990, 2, 0, 0, 0),
(4527, 49, 990, 6, 0, 0, 0),
(4528, 15, 990, 6, 0, 0, 0),
(4529, 11, 990, 10, 0, 0, 0),
(4530, 55, 990, 7, 0, 0, 0),
(4531, 36, 990, 1, 0, 0, 0),
(4532, 22, 990, 5, 0, 0, 0),
(4533, 29, 990, 7, 0, 0, 0),
(4534, 68, 990, 6, 0, 0, 0),
(4535, 51, 990, 4, 0, 0, 0),
(4536, 50, 990, 2, 0, 0, 0),
(4537, 45, 990, 2, 0, 0, 0),
(4538, 86, 990, 3, 0, 0, 0),
(4539, 87, 990, 2, 0, 0, 0),
(4540, 43, 990, 3, 0, 0, 0),
(4541, 62, 990, 8, 0, 0, 0),
(4542, 33, 990, 3, 0, 0, 0),
(4543, 27, 990, 2, 0, 0, 0),
(4544, 32, 990, 11, 0, 0, 0),
(4545, 42, 990, 11, 0, 0, 0),
(4546, 4, 990, 9, 0, 0, 0),
(4547, 16, 990, 6, 0, 0, 0),
(4548, 61, 991, 3, 0, 0, 0),
(4549, 78, 991, 9, 0, 0, 0),
(4550, 7, 991, 3, 0, 0, 0),
(4551, 51, 991, 4, 0, 0, 0),
(4552, 11, 991, 5, 0, 0, 0),
(4553, 53, 991, 4, 0, 0, 0),
(4554, 6, 991, 8, 0, 0, 0),
(4555, 67, 991, 2, 0, 0, 0),
(4556, 39, 991, 6, 0, 0, 0),
(4557, 21, 991, 3, 0, 0, 0),
(4558, 33, 991, 2, 0, 0, 0),
(4559, 63, 991, 2, 0, 0, 0),
(4560, 26, 991, 3, 0, 0, 0),
(4561, 19, 991, 5, 0, 0, 0),
(4562, 73, 991, 4, 0, 0, 0),
(4563, 34, 991, 2, 0, 0, 0),
(4564, 59, 991, 4, 0, 0, 0),
(4565, 48, 991, 3, 0, 0, 0),
(4566, 18, 991, 4, 0, 0, 0),
(4567, 37, 991, 5, 0, 0, 0),
(4568, 77, 991, 3, 0, 0, 0),
(4569, 35, 991, 3, 0, 0, 0),
(4570, 25, 991, 9, 0, 0, 0),
(4571, 65, 991, 1, 0, 0, 0),
(4572, 42, 991, 9, 0, 0, 0),
(4573, 55, 991, 7, 0, 0, 0),
(4574, 28, 991, 2, 0, 0, 0),
(4575, 74, 991, 5, 0, 0, 0),
(4576, 15, 991, 4, 0, 0, 0),
(4577, 66, 991, 5, 0, 0, 0),
(4578, 14, 991, 7, 0, 0, 0),
(4579, 80, 991, 2, 0, 0, 0),
(4580, 44, 991, 10, 0, 0, 0),
(4581, 23, 991, 7, 0, 0, 0),
(4582, 20, 991, 6, 0, 0, 0),
(4583, 60, 991, 6, 0, 0, 0),
(4584, 50, 991, 2, 0, 0, 0),
(4585, 57, 991, 2, 0, 0, 0),
(4586, 16, 991, 2, 0, 0, 0),
(4587, 10, 991, 6, 0, 0, 0),
(4588, 8, 991, 3, 0, 0, 0),
(4589, 85, 991, 6, 0, 0, 0),
(4590, 76, 991, 3, 0, 0, 0),
(4591, 83, 991, 3, 0, 0, 0),
(4592, 81, 991, 2, 0, 0, 0),
(4593, 5, 991, 3, 0, 0, 0),
(4594, 32, 991, 10, 0, 0, 0),
(4595, 24, 991, 2, 0, 0, 0),
(4596, 75, 991, 3, 0, 0, 0),
(4597, 12, 991, 3, 0, 0, 0),
(4598, 43, 991, 2, 0, 0, 0),
(4599, 36, 991, 2, 0, 0, 0),
(4600, 3, 991, 7, 0, 0, 0),
(4601, 58, 991, 1, 0, 0, 0),
(4602, 64, 991, 5, 0, 0, 0),
(4603, 2, 991, 6, 0, 0, 0),
(4604, 40, 991, 5, 0, 0, 0),
(4605, 79, 991, 2, 0, 0, 0),
(4606, 45, 991, 3, 0, 0, 0),
(4607, 49, 991, 6, 0, 0, 0),
(4608, 46, 991, 5, 0, 0, 0),
(4609, 62, 991, 6, 0, 0, 0),
(4610, 30, 991, 2, 0, 0, 0),
(4611, 68, 991, 5, 0, 0, 0),
(4612, 41, 991, 8, 0, 0, 0),
(4613, 47, 991, 2, 0, 0, 0),
(4614, 71, 991, 5, 0, 0, 0),
(4615, 82, 991, 2, 0, 0, 0),
(4616, 56, 991, 4, 0, 0, 0),
(4617, 69, 991, 6, 0, 0, 0),
(4618, 29, 991, 5, 0, 0, 0),
(4619, 1, 991, 6, 0, 0, 0),
(4620, 72, 991, 2, 0, 0, 0),
(4621, 13, 991, 5, 0, 0, 0),
(4622, 52, 991, 3, 0, 0, 0),
(4623, 86, 991, 3, 0, 0, 0),
(4624, 4, 991, 4, 0, 0, 0),
(4625, 38, 991, 2, 0, 0, 0),
(4626, 27, 991, 2, 0, 0, 0),
(4627, 54, 991, 2, 0, 0, 0),
(4628, 17, 991, 6, 0, 0, 0),
(4629, 70, 991, 9, 0, 0, 0),
(4630, 22, 991, 10, 0, 0, 0),
(4631, 9, 991, 12, 0, 0, 0),
(4632, 31, 991, 12, 0, 0, 0),
(4633, 87, 991, 1, 0, 0, 0),
(4634, 52, 990, 3, 0, 0, 0),
(4635, 11, 992, 8, 0, 0, 0),
(4636, 29, 992, 6, 0, 0, 0),
(4637, 42, 992, 11, 0, 0, 0),
(4638, 60, 992, 6, 0, 0, 0),
(4639, 17, 992, 4, 0, 0, 0),
(4640, 18, 992, 7, 0, 0, 0),
(4641, 7, 992, 3, 0, 0, 0),
(4642, 13, 992, 4, 0, 0, 0),
(4643, 39, 992, 7, 0, 0, 0),
(4644, 85, 992, 6, 0, 0, 0),
(4645, 35, 992, 3, 0, 0, 0),
(4646, 79, 992, 3, 0, 0, 0),
(4647, 12, 992, 7, 0, 0, 0),
(4648, 30, 992, 1, 0, 0, 0),
(4649, 40, 992, 6, 0, 0, 0),
(4650, 71, 992, 10, 0, 0, 0),
(4651, 63, 992, 4, 0, 0, 0),
(4652, 62, 992, 6, 0, 0, 0),
(4653, 6, 992, 11, 0, 0, 0),
(4654, 31, 992, 10, 0, 0, 0),
(4655, 1, 992, 10, 0, 0, 0),
(4656, 32, 992, 9, 0, 0, 0),
(4657, 28, 992, 2, 0, 0, 0),
(4658, 72, 992, 2, 0, 0, 0),
(4659, 67, 992, 3, 0, 0, 0),
(4660, 65, 992, 7, 0, 0, 0),
(4661, 59, 992, 7, 0, 0, 0),
(4662, 68, 992, 6, 0, 0, 0),
(4663, 37, 992, 6, 0, 0, 0),
(4664, 34, 992, 2, 0, 0, 0),
(4665, 82, 992, 3, 0, 0, 0),
(4666, 64, 992, 6, 0, 0, 0),
(4667, 73, 992, 7, 0, 0, 0),
(4668, 16, 992, 4, 0, 0, 0),
(4669, 49, 992, 9, 0, 0, 0),
(4670, 75, 992, 3, 0, 0, 0),
(4671, 2, 992, 11, 0, 0, 0),
(4672, 20, 992, 10, 0, 0, 0),
(4673, 66, 992, 7, 0, 0, 0),
(4674, 5, 992, 2, 0, 0, 0),
(4675, 4, 992, 7, 0, 0, 0),
(4676, 15, 992, 7, 0, 0, 0),
(4677, 26, 992, 2, 0, 0, 0),
(4678, 46, 992, 2, 0, 0, 0),
(4679, 77, 992, 3, 0, 0, 0),
(4680, 70, 992, 7, 0, 0, 0),
(4681, 19, 992, 4, 0, 0, 0),
(4682, 76, 992, 3, 0, 0, 0),
(4683, 14, 992, 7, 0, 0, 0),
(4684, 25, 992, 7, 0, 0, 0),
(4685, 41, 992, 7, 0, 0, 0),
(4686, 10, 992, 4, 0, 0, 0),
(4687, 3, 992, 9, 0, 0, 0),
(4688, 9, 992, 8, 0, 0, 0),
(4689, 69, 992, 6, 0, 0, 0),
(4690, 43, 992, 2, 0, 0, 0),
(4691, 61, 992, 11, 0, 0, 0),
(4692, 21, 992, 5, 0, 0, 0),
(4693, 83, 992, 4, 0, 0, 0),
(4694, 53, 992, 2, 0, 0, 0),
(4695, 56, 992, 1, 0, 0, 0),
(4696, 22, 992, 6, 0, 0, 0),
(4697, 55, 992, 5, 0, 0, 0),
(4698, 54, 992, 2, 0, 0, 0),
(4699, 51, 992, 1, 0, 0, 0),
(4700, 45, 992, 2, 0, 0, 0),
(4701, 50, 992, 1, 0, 0, 0),
(4702, 36, 992, 1, 0, 0, 0),
(4703, 38, 992, 2, 0, 0, 0),
(4704, 80, 992, 2, 0, 0, 0),
(4705, 47, 992, 1, 0, 0, 0),
(4706, 52, 992, 3, 0, 0, 0),
(4707, 84, 992, 1, 0, 0, 0),
(4708, 87, 992, 1, 0, 0, 0),
(4709, 86, 992, 6, 0, 0, 0),
(4710, 44, 992, 12, 0, 0, 0),
(4711, 23, 992, 12, 0, 0, 0),
(4712, 33, 992, 3, 0, 0, 0),
(4713, 8, 992, 7, 0, 0, 0),
(4714, 74, 992, 5, 0, 0, 0),
(4715, 27, 992, 2, 0, 0, 0),
(4716, 78, 992, 12, 0, 0, 0),
(4717, 81, 992, 2, 0, 0, 0),
(4718, 48, 31, 1, 0, 0, 0),
(4719, 28, 981, 1, 0, 0, 0),
(4720, 3, 993, 1, 0, 0, 0),
(4721, 67, 993, 4, 0, 0, 0),
(4722, 14, 993, 7, 0, 0, 0),
(4723, 79, 993, 2, 0, 0, 0),
(4724, 45, 993, 2, 0, 0, 0),
(4725, 38, 993, 1, 0, 0, 0),
(4726, 6, 993, 9, 0, 0, 0),
(4727, 15, 993, 6, 0, 0, 0),
(4728, 64, 993, 1, 0, 0, 0),
(4729, 39, 993, 6, 0, 0, 0),
(4730, 9, 993, 3, 0, 0, 0),
(4731, 60, 993, 1, 0, 0, 0),
(4732, 20, 993, 2, 0, 0, 0),
(4733, 25, 993, 5, 0, 0, 0),
(4734, 86, 993, 6, 0, 0, 0),
(4735, 59, 993, 6, 0, 0, 0),
(4736, 72, 993, 4, 0, 0, 0),
(4737, 19, 993, 7, 0, 0, 0),
(4738, 84, 993, 2, 0, 0, 0),
(4739, 18, 993, 7, 0, 0, 0),
(4740, 48, 993, 1, 0, 0, 0),
(4741, 1, 993, 8, 0, 0, 0),
(4742, 69, 993, 6, 0, 0, 0),
(4743, 52, 993, 8, 0, 0, 0),
(4744, 32, 993, 9, 0, 0, 0),
(4745, 49, 993, 8, 0, 0, 0),
(4746, 2, 993, 8, 0, 0, 0),
(4747, 77, 993, 3, 0, 0, 0),
(4748, 11, 993, 8, 0, 0, 0),
(4749, 56, 993, 6, 0, 0, 0),
(4750, 40, 993, 6, 0, 0, 0),
(4751, 55, 993, 1, 0, 0, 0),
(4752, 61, 993, 1, 0, 0, 0),
(4753, 21, 993, 4, 0, 0, 0),
(4754, 71, 993, 9, 0, 0, 0),
(4755, 70, 993, 6, 0, 0, 0),
(4756, 22, 993, 6, 0, 0, 0),
(4757, 23, 993, 7, 0, 0, 0),
(4758, 17, 993, 3, 0, 0, 0),
(4759, 4, 993, 7, 0, 0, 0),
(4760, 26, 993, 3, 0, 0, 0),
(4761, 29, 993, 1, 0, 0, 0),
(4762, 37, 993, 6, 0, 0, 0),
(4763, 51, 993, 5, 0, 0, 0),
(4764, 57, 993, 4, 0, 0, 0),
(4765, 53, 993, 1, 0, 0, 0),
(4766, 7, 993, 4, 0, 0, 0),
(4767, 5, 993, 3, 0, 0, 0),
(4768, 63, 993, 1, 0, 0, 0),
(4769, 16, 993, 3, 0, 0, 0),
(4770, 46, 993, 3, 0, 0, 0),
(4771, 75, 993, 3, 0, 0, 0),
(4772, 85, 993, 3, 0, 0, 0),
(4773, 68, 993, 6, 0, 0, 0),
(4774, 66, 993, 4, 0, 0, 0),
(4775, 13, 993, 4, 0, 0, 0),
(4776, 62, 993, 6, 0, 0, 0),
(4777, 41, 993, 4, 0, 0, 0),
(4778, 35, 993, 1, 0, 0, 0),
(4779, 28, 993, 1, 0, 0, 0),
(4780, 30, 993, 2, 0, 0, 0),
(4781, 44, 993, 8, 0, 0, 0),
(4782, 8, 993, 3, 0, 0, 0),
(4783, 87, 993, 2, 0, 0, 0),
(4784, 10, 993, 4, 0, 0, 0),
(4785, 76, 993, 1, 0, 0, 0),
(4786, 83, 993, 2, 0, 0, 0),
(4787, 74, 993, 4, 0, 0, 0),
(4788, 12, 993, 7, 0, 0, 0),
(4789, 82, 993, 3, 0, 0, 0),
(4790, 73, 993, 7, 0, 0, 0),
(4791, 31, 993, 8, 0, 0, 0),
(4792, 78, 993, 9, 0, 0, 0),
(4793, 65, 993, 10, 0, 0, 0),
(4794, 42, 993, 10, 0, 0, 0),
(4795, 15, 994, 2, 0, 0, 0),
(4796, 20, 994, 4, 0, 0, 0),
(4797, 60, 994, 3, 0, 0, 0),
(4798, 71, 994, 4, 0, 0, 0),
(4799, 74, 994, 2, 0, 0, 0),
(4800, 22, 994, 3, 0, 0, 0),
(4801, 6, 994, 3, 0, 0, 0),
(4802, 1, 994, 4, 0, 0, 0),
(4803, 2, 994, 5, 0, 0, 0),
(4804, 14, 994, 4, 0, 0, 0),
(4805, 19, 994, 3, 0, 0, 0),
(4806, 70, 994, 2, 0, 0, 0),
(4807, 4, 994, 3, 0, 0, 0),
(4808, 3, 994, 4, 0, 0, 0),
(4809, 16, 994, 1, 0, 0, 0),
(4810, 46, 981, 1, 0, 0, 0),
(4811, 83, 42, 1, 0, 0, 0),
(4812, 24, 992, 1, 0, 0, 0),
(4813, 54, 32, 1, 0, 0, 0),
(4814, 84, 991, 1, 0, 0, 0),
(4815, 13, 994, 1, 0, 0, 0),
(4816, 8, 994, 1, 0, 0, 0),
(4817, 65, 995, 2, 0, 0, 0),
(4818, 26, 995, 4, 0, 0, 0),
(4819, 13, 995, 3, 0, 0, 0),
(4820, 64, 995, 1, 0, 0, 0),
(4821, 63, 995, 1, 0, 0, 0),
(4822, 24, 995, 1, 0, 0, 0),
(4823, 10, 995, 5, 0, 0, 0),
(4824, 22, 995, 8, 0, 0, 0),
(4825, 8, 995, 3, 0, 0, 0),
(4826, 27, 995, 1, 0, 0, 0),
(4827, 16, 995, 3, 0, 0, 0),
(4828, 73, 995, 1, 0, 0, 0),
(4829, 21, 995, 5, 0, 0, 0),
(4830, 34, 995, 1, 0, 0, 0),
(4831, 23, 995, 9, 0, 0, 0),
(4832, 45, 995, 4, 0, 0, 0),
(4833, 78, 995, 10, 0, 0, 0),
(4834, 15, 995, 7, 0, 0, 0),
(4835, 1, 995, 10, 0, 0, 0),
(4836, 28, 995, 5, 0, 0, 0),
(4837, 80, 995, 1, 0, 0, 0),
(4838, 75, 995, 4, 0, 0, 0),
(4839, 76, 995, 3, 0, 0, 0),
(4840, 56, 995, 1, 0, 0, 0),
(4841, 46, 995, 4, 0, 0, 0),
(4842, 55, 995, 9, 0, 0, 0),
(4843, 20, 995, 9, 0, 0, 0),
(4844, 14, 995, 10, 0, 0, 0),
(4845, 61, 995, 2, 0, 0, 0),
(4846, 4, 995, 7, 0, 0, 0),
(4847, 62, 995, 7, 0, 0, 0),
(4848, 66, 995, 7, 0, 0, 0),
(4849, 77, 995, 1, 0, 0, 0),
(4850, 35, 995, 2, 0, 0, 0),
(4851, 60, 995, 1, 0, 0, 0),
(4852, 19, 995, 7, 0, 0, 0),
(4853, 72, 995, 4, 0, 0, 0),
(4854, 74, 995, 4, 0, 0, 0),
(4855, 51, 995, 1, 0, 0, 0),
(4856, 54, 995, 1, 0, 0, 0),
(4857, 6, 995, 9, 0, 0, 0),
(4858, 68, 995, 1, 0, 0, 0),
(4859, 43, 995, 1, 0, 0, 0),
(4860, 82, 995, 3, 0, 0, 0),
(4861, 30, 995, 1, 0, 0, 0),
(4862, 81, 995, 2, 0, 0, 0),
(4863, 5, 995, 5, 0, 0, 0),
(4864, 2, 995, 8, 0, 0, 0),
(4865, 3, 995, 8, 0, 0, 0),
(4866, 69, 995, 1, 0, 0, 0),
(4867, 11, 995, 2, 0, 0, 0),
(4868, 49, 995, 8, 0, 0, 0),
(4869, 40, 995, 7, 0, 0, 0),
(4870, 37, 995, 1, 0, 0, 0),
(4871, 39, 995, 7, 0, 0, 0),
(4872, 7, 995, 1, 0, 0, 0),
(4873, 70, 995, 8, 0, 0, 0),
(4874, 67, 995, 1, 0, 0, 0),
(4875, 41, 995, 7, 0, 0, 0),
(4876, 33, 995, 2, 0, 0, 0),
(4877, 29, 995, 1, 0, 0, 0),
(4878, 85, 995, 1, 0, 0, 0),
(4879, 25, 995, 9, 0, 0, 0),
(4880, 53, 995, 1, 0, 0, 0),
(4881, 79, 995, 2, 0, 0, 0),
(4882, 12, 995, 7, 0, 0, 0),
(4883, 59, 995, 10, 0, 0, 0),
(4884, 50, 995, 1, 0, 0, 0),
(4885, 83, 995, 1, 0, 0, 0),
(4886, 17, 995, 5, 0, 0, 0),
(4887, 84, 995, 1, 0, 0, 0),
(4888, 52, 995, 1, 0, 0, 0),
(4889, 86, 995, 8, 0, 0, 0),
(4890, 57, 995, 1, 0, 0, 0),
(4891, 58, 995, 1, 0, 0, 0),
(4892, 9, 995, 10, 0, 0, 0),
(4893, 47, 995, 1, 0, 0, 0),
(4894, 87, 995, 1, 0, 0, 0),
(4895, 38, 995, 2, 0, 0, 0),
(4896, 44, 995, 12, 0, 0, 0),
(4897, 42, 995, 12, 0, 0, 0),
(4898, 32, 995, 12, 0, 0, 0),
(4899, 36, 995, 2, 0, 0, 0),
(4900, 18, 995, 9, 0, 0, 0),
(4901, 71, 995, 11, 0, 0, 0),
(4902, 31, 995, 11, 0, 0, 0),
(4903, 57, 992, 1, 0, 0, 0),
(4904, 58, 31, 1, 0, 0, 0),
(4905, 27, 34, 1, 0, 0, 0),
(4906, 80, 19, 1, 0, 0, 0),
(4907, 47, 981, 1, 0, 0, 0),
(4908, 54, 609, 1, 0, 0, 0),
(4909, 42, 996, 10, 0, 0, 0),
(4910, 33, 996, 2, 0, 0, 0),
(4911, 18, 996, 7, 0, 0, 0),
(4912, 80, 996, 1, 0, 0, 0),
(4913, 19, 996, 8, 0, 0, 0),
(4914, 66, 996, 7, 0, 0, 0),
(4915, 14, 996, 8, 0, 0, 0),
(4916, 75, 996, 4, 0, 0, 0),
(4917, 37, 996, 7, 0, 0, 0),
(4918, 21, 996, 2, 0, 0, 0),
(4919, 73, 996, 8, 0, 0, 0),
(4920, 27, 996, 1, 0, 0, 0),
(4921, 49, 996, 10, 0, 0, 0),
(4922, 40, 996, 8, 0, 0, 0),
(4923, 81, 996, 2, 0, 0, 0),
(4924, 26, 996, 4, 0, 0, 0),
(4925, 62, 996, 8, 0, 0, 0),
(4926, 23, 996, 11, 0, 0, 0),
(4927, 68, 996, 7, 0, 0, 0),
(4928, 22, 996, 8, 0, 0, 0),
(4929, 5, 996, 4, 0, 0, 0),
(4930, 32, 996, 9, 0, 0, 0),
(4931, 11, 996, 8, 0, 0, 0),
(4932, 24, 996, 2, 0, 0, 0),
(4933, 20, 996, 8, 0, 0, 0),
(4934, 85, 996, 7, 0, 0, 0),
(4935, 35, 996, 3, 0, 0, 0),
(4936, 36, 996, 1, 0, 0, 0),
(4937, 30, 996, 1, 0, 0, 0),
(4938, 31, 996, 10, 0, 0, 0),
(4939, 10, 996, 6, 0, 0, 0),
(4940, 64, 996, 7, 0, 0, 0),
(4941, 60, 996, 5, 0, 0, 0),
(4942, 25, 996, 9, 0, 0, 0),
(4943, 72, 996, 5, 0, 0, 0),
(4944, 74, 996, 4, 0, 0, 0),
(4945, 44, 996, 10, 0, 0, 0),
(4946, 71, 996, 10, 0, 0, 0),
(4947, 16, 996, 4, 0, 0, 0),
(4948, 9, 996, 10, 0, 0, 0),
(4949, 28, 996, 3, 0, 0, 0),
(4950, 78, 996, 11, 0, 0, 0),
(4951, 47, 996, 1, 0, 0, 0),
(4952, 29, 996, 7, 0, 0, 0),
(4953, 61, 996, 9, 0, 0, 0),
(4954, 39, 996, 8, 0, 0, 0),
(4955, 65, 996, 9, 0, 0, 0),
(4956, 13, 996, 4, 0, 0, 0),
(4957, 83, 996, 4, 0, 0, 0),
(4958, 34, 996, 2, 0, 0, 0),
(4959, 43, 996, 1, 0, 0, 0),
(4960, 3, 996, 11, 0, 0, 0),
(4961, 8, 996, 3, 0, 0, 0),
(4962, 59, 996, 9, 0, 0, 0),
(4963, 67, 996, 5, 0, 0, 0),
(4964, 12, 996, 8, 0, 0, 0),
(4965, 48, 996, 1, 0, 0, 0),
(4966, 38, 996, 1, 0, 0, 0),
(4967, 17, 996, 3, 0, 0, 0),
(4968, 69, 996, 7, 0, 0, 0),
(4969, 82, 996, 5, 0, 0, 0),
(4970, 7, 996, 4, 0, 0, 0),
(4971, 77, 996, 4, 0, 0, 0),
(4972, 41, 996, 8, 0, 0, 0),
(4973, 53, 996, 1, 0, 0, 0),
(4974, 76, 996, 5, 0, 0, 0),
(4975, 6, 996, 11, 0, 0, 0),
(4976, 56, 996, 1, 0, 0, 0),
(4977, 51, 996, 1, 0, 0, 0),
(4978, 55, 996, 1, 0, 0, 0),
(4979, 52, 996, 7, 0, 0, 0),
(4980, 84, 996, 1, 0, 0, 0),
(4981, 86, 996, 1, 0, 0, 0),
(4982, 57, 996, 5, 0, 0, 0),
(4983, 87, 996, 1, 0, 0, 0),
(4984, 4, 996, 8, 0, 0, 0),
(4985, 15, 996, 8, 0, 0, 0),
(4986, 63, 996, 7, 0, 0, 0),
(4987, 46, 996, 4, 0, 0, 0),
(4988, 1, 996, 12, 0, 0, 0),
(4989, 2, 996, 11, 0, 0, 0),
(4990, 70, 996, 9, 0, 0, 0),
(4991, 79, 996, 4, 0, 0, 0),
(4992, 15, 998, 6, 0, 0, 0),
(4993, 74, 998, 3, 0, 0, 0),
(4994, 72, 998, 2, 0, 0, 0),
(4995, 26, 998, 3, 0, 0, 0),
(4996, 28, 998, 2, 0, 0, 0),
(4997, 33, 998, 1, 0, 0, 0),
(4998, 18, 998, 7, 0, 0, 0),
(4999, 79, 998, 3, 0, 0, 0),
(5000, 76, 998, 2, 0, 0, 0),
(5001, 8, 998, 3, 0, 0, 0),
(5002, 25, 998, 2, 0, 0, 0),
(5003, 59, 998, 10, 0, 0, 0),
(5004, 43, 998, 2, 0, 0, 0),
(5005, 46, 998, 1, 0, 0, 0),
(5006, 7, 998, 3, 0, 0, 0),
(5007, 83, 998, 2, 0, 0, 0),
(5008, 30, 998, 1, 0, 0, 0),
(5009, 1, 998, 10, 0, 0, 0),
(5010, 85, 998, 4, 0, 0, 0),
(5011, 39, 998, 7, 0, 0, 0),
(5012, 9, 998, 8, 0, 0, 0),
(5013, 37, 998, 8, 0, 0, 0),
(5014, 75, 998, 3, 0, 0, 0),
(5015, 10, 998, 3, 0, 0, 0),
(5016, 29, 998, 6, 0, 0, 0),
(5017, 63, 998, 8, 0, 0, 0),
(5018, 17, 998, 3, 0, 0, 0),
(5019, 12, 998, 6, 0, 0, 0),
(5020, 49, 998, 7, 0, 0, 0),
(5021, 2, 998, 8, 0, 0, 0),
(5022, 61, 998, 4, 0, 0, 0),
(5023, 78, 998, 10, 0, 0, 0),
(5024, 47, 998, 1, 0, 0, 0),
(5025, 6, 998, 10, 0, 0, 0),
(5026, 53, 998, 1, 0, 0, 0),
(5027, 77, 998, 3, 0, 0, 0),
(5028, 13, 998, 2, 0, 0, 0),
(5029, 19, 998, 8, 0, 0, 0),
(5030, 31, 998, 9, 0, 0, 0),
(5031, 42, 998, 7, 0, 0, 0),
(5032, 40, 998, 7, 0, 0, 0),
(5033, 5, 998, 5, 0, 0, 0),
(5034, 66, 998, 5, 0, 0, 0),
(5035, 48, 998, 1, 0, 0, 0),
(5036, 34, 998, 1, 0, 0, 0),
(5037, 68, 998, 8, 0, 0, 0),
(5038, 82, 998, 2, 0, 0, 0),
(5039, 4, 998, 7, 0, 0, 0),
(5040, 65, 998, 8, 0, 0, 0),
(5041, 67, 998, 3, 0, 0, 0),
(5042, 38, 998, 2, 0, 0, 0),
(5043, 44, 998, 10, 0, 0, 0),
(5044, 73, 998, 6, 0, 0, 0),
(5045, 21, 998, 3, 0, 0, 0),
(5046, 41, 998, 4, 0, 0, 0),
(5047, 24, 998, 1, 0, 0, 0),
(5048, 71, 998, 11, 0, 0, 0),
(5049, 60, 998, 4, 0, 0, 0),
(5050, 11, 998, 8, 0, 0, 0),
(5051, 20, 998, 8, 0, 0, 0),
(5052, 23, 998, 10, 0, 0, 0),
(5053, 16, 998, 3, 0, 0, 0),
(5054, 64, 998, 4, 0, 0, 0),
(5055, 80, 998, 1, 0, 0, 0),
(5056, 27, 998, 2, 0, 0, 0),
(5057, 54, 998, 1, 0, 0, 0),
(5058, 36, 998, 1, 0, 0, 0),
(5059, 69, 998, 7, 0, 0, 0),
(5060, 56, 998, 1, 0, 0, 0),
(5061, 55, 998, 1, 0, 0, 0),
(5062, 45, 998, 1, 0, 0, 0),
(5063, 50, 998, 1, 0, 0, 0),
(5064, 51, 998, 1, 0, 0, 0),
(5065, 58, 998, 1, 0, 0, 0),
(5066, 52, 998, 1, 0, 0, 0),
(5067, 84, 998, 1, 0, 0, 0),
(5068, 86, 998, 1, 0, 0, 0),
(5069, 57, 998, 1, 0, 0, 0),
(5070, 87, 998, 1, 0, 0, 0),
(5071, 3, 998, 12, 0, 0, 0),
(5072, 32, 998, 11, 0, 0, 0),
(5073, 35, 998, 7, 0, 0, 0),
(5074, 62, 998, 8, 0, 0, 0),
(5075, 22, 998, 10, 0, 0, 0),
(5076, 14, 998, 12, 0, 0, 0),
(5077, 70, 998, 8, 0, 0, 0),
(5078, 81, 998, 2, 0, 0, 0),
(5079, 51, 997, 1, 0, 0, 0),
(5080, 19, 997, 8, 0, 0, 0),
(5081, 25, 997, 9, 0, 0, 0),
(5082, 4, 997, 8, 0, 0, 0),
(5083, 3, 997, 10, 0, 0, 0),
(5084, 63, 997, 5, 0, 0, 0),
(5085, 80, 997, 2, 0, 0, 0),
(5086, 26, 997, 4, 0, 0, 0),
(5087, 29, 997, 6, 0, 0, 0),
(5088, 85, 997, 8, 0, 0, 0),
(5089, 30, 997, 2, 0, 0, 0),
(5090, 38, 997, 2, 0, 0, 0),
(5091, 2, 997, 10, 0, 0, 0),
(5092, 18, 997, 8, 0, 0, 0),
(5093, 46, 997, 6, 0, 0, 0),
(5094, 33, 997, 2, 0, 0, 0),
(5095, 8, 997, 4, 0, 0, 0),
(5096, 47, 997, 1, 0, 0, 0),
(5097, 42, 997, 10, 0, 0, 0),
(5098, 77, 997, 4, 0, 0, 0),
(5099, 23, 997, 10, 0, 0, 0),
(5100, 10, 997, 2, 0, 0, 0),
(5101, 5, 997, 3, 0, 0, 0),
(5102, 76, 997, 4, 0, 0, 0),
(5103, 28, 997, 2, 0, 0, 0),
(5104, 41, 997, 8, 0, 0, 0),
(5105, 86, 997, 2, 0, 0, 0),
(5106, 50, 997, 2, 0, 0, 0),
(5107, 64, 997, 6, 0, 0, 0),
(5108, 44, 997, 10, 0, 0, 0),
(5109, 67, 997, 2, 0, 0, 0),
(5110, 61, 997, 11, 0, 0, 0),
(5111, 14, 997, 10, 0, 0, 0),
(5112, 24, 997, 1, 0, 0, 0),
(5113, 71, 997, 9, 0, 0, 0),
(5114, 45, 997, 3, 0, 0, 0),
(5115, 79, 997, 5, 0, 0, 0),
(5116, 72, 997, 3, 0, 0, 0),
(5117, 17, 997, 4, 0, 0, 0),
(5118, 74, 997, 4, 0, 0, 0),
(5119, 48, 997, 2, 0, 0, 0),
(5120, 21, 997, 4, 0, 0, 0),
(5121, 73, 997, 6, 0, 0, 0),
(5122, 83, 997, 3, 0, 0, 0),
(5123, 59, 997, 10, 0, 0, 0),
(5124, 55, 997, 1, 0, 0, 0),
(5125, 12, 997, 7, 0, 0, 0),
(5126, 34, 997, 1, 0, 0, 0),
(5127, 60, 997, 6, 0, 0, 0),
(5128, 62, 997, 8, 0, 0, 0),
(5129, 9, 997, 10, 0, 0, 0),
(5130, 39, 997, 7, 0, 0, 0),
(5131, 1, 997, 11, 0, 0, 0),
(5132, 81, 997, 2, 0, 0, 0),
(5133, 54, 997, 1, 0, 0, 0),
(5134, 82, 997, 5, 0, 0, 0),
(5135, 31, 997, 10, 0, 0, 0),
(5136, 66, 997, 7, 0, 0, 0),
(5137, 37, 997, 6, 0, 0, 0),
(5138, 15, 997, 7, 0, 0, 0),
(5139, 11, 997, 10, 0, 0, 0),
(5140, 32, 997, 10, 0, 0, 0),
(5141, 75, 997, 3, 0, 0, 0),
(5142, 13, 997, 4, 0, 0, 0),
(5143, 53, 997, 1, 0, 0, 0),
(5144, 56, 997, 1, 0, 0, 0),
(5145, 7, 997, 5, 0, 0, 0),
(5146, 16, 997, 5, 0, 0, 0),
(5147, 68, 997, 7, 0, 0, 0),
(5148, 70, 997, 9, 0, 0, 0),
(5149, 65, 997, 10, 0, 0, 0),
(5150, 84, 997, 1, 0, 0, 0),
(5151, 52, 997, 1, 0, 0, 0),
(5152, 20, 997, 10, 0, 0, 0),
(5153, 49, 997, 10, 0, 0, 0),
(5154, 57, 997, 1, 0, 0, 0),
(5155, 36, 997, 2, 0, 0, 0),
(5156, 58, 997, 1, 0, 0, 0),
(5157, 87, 997, 1, 0, 0, 0),
(5158, 22, 997, 11, 0, 0, 0),
(5159, 69, 997, 10, 0, 0, 0),
(5160, 40, 997, 10, 0, 0, 0),
(5161, 43, 997, 2, 0, 0, 0),
(5162, 78, 997, 12, 0, 0, 0),
(5163, 6, 997, 12, 0, 0, 0),
(5164, 35, 997, 6, 0, 0, 0),
(5165, 27, 997, 2, 0, 0, 0),
(5166, 38, 42, 1, 0, 0, 0),
(5167, 38, 29, 1, 0, 0, 0),
(5168, 68, 999, 6, 0, 0, 0),
(5169, 76, 999, 4, 0, 0, 0),
(5170, 31, 999, 6, 0, 0, 0),
(5171, 62, 999, 7, 0, 0, 0),
(5172, 6, 999, 9, 0, 0, 0),
(5173, 43, 999, 2, 0, 0, 0),
(5174, 24, 999, 1, 0, 0, 0),
(5175, 63, 999, 6, 0, 0, 0),
(5176, 9, 999, 9, 0, 0, 0),
(5177, 50, 999, 1, 0, 0, 0),
(5178, 18, 999, 7, 0, 0, 0),
(5179, 25, 999, 9, 0, 0, 0),
(5180, 16, 999, 5, 0, 0, 0),
(5181, 32, 999, 9, 0, 0, 0),
(5182, 11, 999, 6, 0, 0, 0),
(5183, 33, 999, 1, 0, 0, 0),
(5184, 72, 999, 4, 0, 0, 0),
(5185, 78, 999, 11, 0, 0, 0),
(5186, 40, 999, 5, 0, 0, 0),
(5187, 83, 999, 3, 0, 0, 0),
(5188, 67, 999, 2, 0, 0, 0),
(5189, 14, 999, 10, 0, 0, 0),
(5190, 47, 999, 2, 0, 0, 0),
(5191, 64, 999, 7, 0, 0, 0),
(5192, 65, 999, 7, 0, 0, 0),
(5193, 61, 999, 5, 0, 0, 0),
(5194, 38, 999, 1, 0, 0, 0),
(5195, 80, 999, 1, 0, 0, 0),
(5196, 77, 999, 3, 0, 0, 0),
(5197, 4, 999, 8, 0, 0, 0),
(5198, 12, 999, 9, 0, 0, 0),
(5199, 10, 999, 4, 0, 0, 0),
(5200, 71, 999, 9, 0, 0, 0),
(5201, 75, 999, 2, 0, 0, 0),
(5202, 3, 999, 6, 0, 0, 0),
(5203, 37, 999, 7, 0, 0, 0),
(5204, 66, 999, 3, 0, 0, 0),
(5205, 8, 999, 5, 0, 0, 0),
(5206, 36, 999, 1, 0, 0, 0),
(5207, 17, 999, 3, 0, 0, 0),
(5208, 28, 999, 4, 0, 0, 0),
(5209, 82, 999, 4, 0, 0, 0),
(5210, 1, 999, 11, 0, 0, 0),
(5211, 23, 999, 10, 0, 0, 0),
(5212, 69, 999, 7, 0, 0, 0),
(5213, 26, 999, 4, 0, 0, 0),
(5214, 21, 999, 4, 0, 0, 0),
(5215, 29, 999, 5, 0, 0, 0),
(5216, 74, 999, 5, 0, 0, 0),
(5217, 70, 999, 8, 0, 0, 0),
(5218, 15, 999, 7, 0, 0, 0),
(5219, 39, 999, 4, 0, 0, 0),
(5220, 5, 999, 4, 0, 0, 0),
(5221, 79, 999, 4, 0, 0, 0),
(5222, 19, 999, 8, 0, 0, 0),
(5223, 20, 999, 10, 0, 0, 0),
(5224, 7, 999, 3, 0, 0, 0),
(5225, 27, 999, 1, 0, 0, 0),
(5226, 56, 999, 5, 0, 0, 0),
(5227, 13, 999, 4, 0, 0, 0),
(5228, 85, 999, 1, 0, 0, 0),
(5229, 53, 999, 1, 0, 0, 0),
(5230, 55, 999, 3, 0, 0, 0),
(5231, 41, 999, 8, 0, 0, 0),
(5232, 73, 999, 6, 0, 0, 0),
(5233, 45, 999, 2, 0, 0, 0),
(5234, 60, 999, 8, 0, 0, 0),
(5235, 42, 999, 10, 0, 0, 0),
(5236, 51, 999, 4, 0, 0, 0),
(5237, 34, 999, 1, 0, 0, 0),
(5238, 84, 999, 1, 0, 0, 0),
(5239, 58, 999, 1, 0, 0, 0),
(5240, 52, 999, 4, 0, 0, 0),
(5241, 54, 999, 1, 0, 0, 0),
(5242, 57, 999, 2, 0, 0, 0),
(5243, 86, 999, 3, 0, 0, 0),
(5244, 87, 999, 1, 0, 0, 0),
(5245, 22, 999, 10, 0, 0, 0),
(5246, 2, 999, 12, 0, 0, 0),
(5247, 35, 999, 6, 0, 0, 0),
(5248, 49, 999, 11, 0, 0, 0),
(5249, 44, 999, 13, 0, 0, 0),
(5250, 46, 999, 6, 0, 0, 0),
(5251, 59, 999, 12, 0, 0, 0),
(5252, 81, 999, 2, 0, 0, 0),
(5253, 59, 1000, 7, 0, 0, 0),
(5254, 25, 1000, 8, 0, 0, 0),
(5255, 64, 1000, 5, 0, 0, 0),
(5256, 39, 1000, 5, 0, 0, 0),
(5257, 5, 1000, 4, 0, 0, 0),
(5258, 20, 1000, 8, 0, 0, 0),
(5259, 36, 1000, 1, 0, 0, 0),
(5260, 55, 1000, 9, 0, 0, 0),
(5261, 67, 1000, 3, 0, 0, 0),
(5262, 31, 1000, 10, 0, 0, 0),
(5263, 13, 1000, 4, 0, 0, 0),
(5264, 63, 1000, 5, 0, 0, 0),
(5265, 21, 1000, 5, 0, 0, 0),
(5266, 26, 1000, 4, 0, 0, 0),
(5267, 85, 1000, 5, 0, 0, 0),
(5268, 50, 1000, 1, 0, 0, 0),
(5269, 3, 1000, 8, 0, 0, 0),
(5270, 10, 1000, 4, 0, 0, 0),
(5271, 28, 1000, 4, 0, 0, 0),
(5272, 6, 1000, 10, 0, 0, 0),
(5273, 74, 1000, 4, 0, 0, 0),
(5274, 65, 1000, 7, 0, 0, 0),
(5275, 1, 1000, 10, 0, 0, 0),
(5276, 40, 1000, 6, 0, 0, 0),
(5277, 27, 1000, 1, 0, 0, 0),
(5278, 75, 1000, 2, 0, 0, 0),
(5279, 86, 1000, 6, 0, 0, 0),
(5280, 7, 1000, 4, 0, 0, 0),
(5281, 14, 1000, 7, 0, 0, 0),
(5282, 66, 1000, 6, 0, 0, 0),
(5283, 60, 1000, 5, 0, 0, 0),
(5284, 61, 1000, 7, 0, 0, 0),
(5285, 71, 1000, 8, 0, 0, 0),
(5286, 45, 1000, 3, 0, 0, 0),
(5287, 73, 1000, 5, 0, 0, 0),
(5288, 82, 1000, 3, 0, 0, 0),
(5289, 78, 1000, 11, 0, 0, 0),
(5290, 35, 1000, 4, 0, 0, 0),
(5291, 37, 1000, 7, 0, 0, 0),
(5292, 9, 1000, 8, 0, 0, 0),
(5293, 47, 1000, 1, 0, 0, 0),
(5294, 77, 1000, 3, 0, 0, 0),
(5295, 53, 1000, 2, 0, 0, 0),
(5296, 32, 1000, 10, 0, 0, 0),
(5297, 54, 1000, 1, 0, 0, 0),
(5298, 2, 1000, 7, 0, 0, 0),
(5299, 18, 1000, 7, 0, 0, 0),
(5300, 41, 1000, 7, 0, 0, 0),
(5301, 83, 1000, 3, 0, 0, 0),
(5302, 76, 1000, 3, 0, 0, 0),
(5303, 23, 1000, 10, 0, 0, 0),
(5304, 84, 1000, 3, 0, 0, 0),
(5305, 69, 1000, 5, 0, 0, 0),
(5306, 68, 1000, 5, 0, 0, 0),
(5307, 70, 1000, 7, 0, 0, 0),
(5308, 51, 1000, 5, 0, 0, 0),
(5309, 38, 1000, 2, 0, 0, 0),
(5310, 33, 1000, 2, 0, 0, 0),
(5311, 22, 1000, 7, 0, 0, 0),
(5312, 48, 1000, 2, 0, 0, 0),
(5313, 44, 1000, 10, 0, 0, 0),
(5314, 87, 1000, 5, 0, 0, 0),
(5315, 29, 1000, 6, 0, 0, 0),
(5316, 11, 1000, 8, 0, 0, 0),
(5317, 79, 1000, 3, 0, 0, 0),
(5318, 4, 1000, 7, 0, 0, 0),
(5319, 56, 1000, 5, 0, 0, 0),
(5320, 49, 1000, 9, 0, 0, 0),
(5321, 72, 1000, 5, 0, 0, 0),
(5322, 52, 1000, 7, 0, 0, 0),
(5323, 57, 1000, 5, 0, 0, 0),
(5324, 62, 1000, 5, 0, 0, 0),
(5325, 46, 1000, 4, 0, 0, 0),
(5326, 16, 1000, 4, 0, 0, 0),
(5327, 19, 1000, 7, 0, 0, 0),
(5328, 12, 1000, 8, 0, 0, 0),
(5329, 8, 1000, 5, 0, 0, 0),
(5330, 42, 1000, 11, 0, 0, 0),
(5331, 43, 1000, 2, 0, 0, 0),
(5332, 15, 1000, 7, 0, 0, 0),
(5333, 17, 1000, 6, 0, 0, 0),
(5334, 58, 977, 1, 0, 0, 0),
(5335, 65, 1001, 7, 0, 0, 0),
(5336, 28, 1001, 3, 0, 0, 0),
(5337, 64, 1001, 5, 0, 0, 0),
(5338, 24, 1001, 1, 0, 0, 0),
(5339, 66, 1001, 7, 0, 0, 0),
(5340, 9, 1001, 8, 0, 0, 0),
(5341, 16, 1001, 3, 0, 0, 0),
(5342, 14, 1001, 8, 0, 0, 0),
(5343, 74, 1001, 3, 0, 0, 0),
(5344, 10, 1001, 4, 0, 0, 0),
(5345, 81, 1001, 2, 0, 0, 0),
(5346, 75, 1001, 5, 0, 0, 0),
(5347, 63, 1001, 5, 0, 0, 0),
(5348, 79, 1001, 3, 0, 0, 0),
(5349, 60, 1001, 5, 0, 0, 0),
(5350, 13, 1001, 4, 0, 0, 0),
(5351, 6, 1001, 9, 0, 0, 0),
(5352, 71, 1001, 9, 0, 0, 0),
(5353, 46, 1001, 5, 0, 0, 0),
(5354, 18, 1001, 6, 0, 0, 0),
(5355, 82, 1001, 4, 0, 0, 0),
(5356, 35, 1001, 3, 0, 0, 0),
(5357, 27, 1001, 2, 0, 0, 0),
(5358, 77, 1001, 4, 0, 0, 0),
(5359, 17, 1001, 2, 0, 0, 0),
(5360, 62, 1001, 6, 0, 0, 0),
(5361, 4, 1001, 7, 0, 0, 0),
(5362, 11, 1001, 10, 0, 0, 0),
(5363, 83, 1001, 3, 0, 0, 0),
(5364, 44, 1001, 10, 0, 0, 0),
(5365, 41, 1001, 7, 0, 0, 0),
(5366, 19, 1001, 5, 0, 0, 0),
(5367, 55, 1001, 5, 0, 0, 0),
(5368, 8, 1001, 3, 0, 0, 0),
(5369, 67, 1001, 3, 0, 0, 0),
(5370, 73, 1001, 7, 0, 0, 0),
(5371, 1, 1001, 10, 0, 0, 0),
(5372, 5, 1001, 3, 0, 0, 0),
(5373, 72, 1001, 3, 0, 0, 0),
(5374, 53, 1001, 1, 0, 0, 0),
(5375, 69, 1001, 6, 0, 0, 0),
(5376, 43, 1001, 1, 0, 0, 0),
(5377, 80, 1001, 2, 0, 0, 0),
(5378, 29, 1001, 6, 0, 0, 0),
(5379, 30, 1001, 1, 0, 0, 0),
(5380, 34, 1001, 1, 0, 0, 0),
(5381, 2, 1001, 9, 0, 0, 0),
(5382, 22, 1001, 7, 0, 0, 0),
(5383, 37, 1001, 6, 0, 0, 0),
(5384, 49, 1001, 8, 0, 0, 0),
(5385, 26, 1001, 3, 0, 0, 0),
(5386, 36, 1001, 1, 0, 0, 0),
(5387, 61, 1001, 7, 0, 0, 0),
(5388, 23, 1001, 9, 0, 0, 0),
(5389, 31, 1001, 10, 0, 0, 0),
(5390, 25, 1001, 9, 0, 0, 0),
(5391, 12, 1001, 6, 0, 0, 0),
(5392, 85, 1001, 6, 0, 0, 0),
(5393, 59, 1001, 7, 0, 0, 0),
(5394, 42, 1001, 8, 0, 0, 0),
(5395, 20, 1001, 8, 0, 0, 0),
(5396, 56, 1001, 3, 0, 0, 0),
(5397, 32, 1001, 9, 0, 0, 0),
(5398, 15, 1001, 7, 0, 0, 0),
(5399, 76, 1001, 2, 0, 0, 0),
(5400, 3, 1001, 10, 0, 0, 0),
(5401, 48, 1001, 1, 0, 0, 0),
(5402, 21, 1001, 3, 0, 0, 0),
(5403, 52, 1001, 6, 0, 0, 0),
(5404, 7, 1001, 4, 0, 0, 0),
(5405, 40, 1001, 7, 0, 0, 0),
(5406, 38, 1001, 2, 0, 0, 0),
(5407, 68, 1001, 7, 0, 0, 0),
(5408, 78, 1001, 11, 0, 0, 0),
(5409, 39, 1001, 7, 0, 0, 0),
(5410, 70, 1001, 6, 0, 0, 0),
(5411, 33, 1001, 1, 0, 0, 0),
(5412, 80, 14, 1, 0, 0, 0),
(5413, 87, 35, 3, 0, 0, 0),
(5414, 30, 35, 1, 0, 0, 0),
(5415, 87, 1001, 3, 0, 0, 0),
(5416, 36, 39, 1, 0, 0, 0),
(5417, 45, 1002, 1, 0, 0, 0),
(5418, 41, 1002, 4, 0, 0, 0),
(5419, 85, 1002, 4, 0, 0, 0),
(5420, 63, 1002, 4, 0, 0, 0),
(5421, 55, 1002, 9, 0, 0, 0),
(5422, 36, 1002, 2, 0, 0, 0),
(5423, 17, 1002, 5, 0, 0, 0),
(5424, 8, 1002, 6, 0, 0, 0),
(5425, 68, 1002, 4, 0, 0, 0),
(5426, 4, 1002, 8, 0, 0, 0),
(5427, 81, 1002, 2, 0, 0, 0),
(5428, 39, 1002, 4, 0, 0, 0),
(5429, 76, 1002, 5, 0, 0, 0),
(5430, 19, 1002, 8, 0, 0, 0),
(5431, 33, 1002, 2, 0, 0, 0),
(5432, 14, 1002, 10, 0, 0, 0),
(5433, 29, 1002, 8, 0, 0, 0),
(5434, 73, 1002, 5, 0, 0, 0),
(5435, 48, 1002, 1, 0, 0, 0),
(5436, 60, 1002, 8, 0, 0, 0),
(5437, 64, 1002, 8, 0, 0, 0),
(5438, 6, 1002, 7, 0, 0, 0),
(5439, 59, 1002, 6, 0, 0, 0),
(5440, 65, 1002, 10, 0, 0, 0),
(5441, 67, 1002, 3, 0, 0, 0),
(5442, 31, 1002, 8, 0, 0, 0),
(5443, 47, 1002, 1, 0, 0, 0),
(5444, 78, 1002, 11, 0, 0, 0),
(5445, 77, 1002, 2, 0, 0, 0),
(5446, 35, 1002, 3, 0, 0, 0),
(5447, 15, 1002, 6, 0, 0, 0),
(5448, 37, 1002, 4, 0, 0, 0),
(5449, 28, 1002, 5, 0, 0, 0),
(5450, 61, 1002, 6, 0, 0, 0),
(5451, 66, 1002, 5, 0, 0, 0),
(5452, 11, 1002, 8, 0, 0, 0),
(5453, 72, 1002, 5, 0, 0, 0),
(5454, 22, 1002, 7, 0, 0, 0),
(5455, 25, 1002, 10, 0, 0, 0),
(5456, 24, 1002, 2, 0, 0, 0),
(5457, 71, 1002, 9, 0, 0, 0),
(5458, 1, 1002, 9, 0, 0, 0),
(5459, 50, 1002, 1, 0, 0, 0),
(5460, 20, 1002, 10, 0, 0, 0),
(5461, 83, 1002, 4, 0, 0, 0),
(5462, 26, 1002, 2, 0, 0, 0),
(5463, 10, 1002, 3, 0, 0, 0),
(5464, 74, 1002, 4, 0, 0, 0),
(5465, 49, 1002, 7, 0, 0, 0),
(5466, 42, 1002, 8, 0, 0, 0),
(5467, 9, 1002, 9, 0, 0, 0),
(5468, 82, 1002, 5, 0, 0, 0),
(5469, 16, 1002, 5, 0, 0, 0),
(5470, 3, 1002, 6, 0, 0, 0),
(5471, 46, 1002, 5, 0, 0, 0),
(5472, 13, 1002, 7, 0, 0, 0),
(5473, 38, 1002, 2, 0, 0, 0),
(5474, 44, 1002, 11, 0, 0, 0),
(5475, 62, 1002, 7, 0, 0, 0),
(5476, 70, 1002, 7, 0, 0, 0),
(5477, 27, 1002, 2, 0, 0, 0),
(5478, 5, 1002, 4, 0, 0, 0),
(5479, 40, 1002, 5, 0, 0, 0),
(5480, 43, 1002, 1, 0, 0, 0),
(5481, 53, 1002, 1, 0, 0, 0),
(5482, 2, 1002, 9, 0, 0, 0),
(5483, 56, 1002, 4, 0, 0, 0),
(5484, 75, 1002, 4, 0, 0, 0),
(5485, 32, 1002, 10, 0, 0, 0),
(5486, 51, 1002, 4, 0, 0, 0),
(5487, 79, 1002, 6, 0, 0, 0),
(5488, 54, 1002, 1, 0, 0, 0),
(5489, 84, 1002, 1, 0, 0, 0),
(5490, 52, 1002, 5, 0, 0, 0),
(5491, 58, 1002, 1, 0, 0, 0),
(5492, 86, 1002, 8, 0, 0, 0),
(5493, 57, 1002, 2, 0, 0, 0),
(5494, 87, 1002, 1, 0, 0, 0),
(5495, 23, 1002, 13, 0, 0, 0),
(5496, 18, 1002, 11, 0, 0, 0),
(5497, 21, 1002, 7, 0, 0, 0),
(5498, 34, 1002, 3, 0, 0, 0),
(5499, 80, 1002, 3, 0, 0, 0),
(5500, 7, 1002, 6, 0, 0, 0),
(5501, 12, 1002, 9, 0, 0, 0),
(5502, 69, 1002, 11, 0, 0, 0),
(5503, 80, 1003, 2, 0, 0, 0),
(5504, 33, 1003, 1, 0, 0, 0),
(5505, 81, 1003, 1, 0, 0, 0),
(5506, 29, 1003, 8, 0, 0, 0),
(5507, 36, 1003, 2, 0, 0, 0),
(5508, 40, 1003, 7, 0, 0, 0),
(5509, 3, 1003, 8, 0, 0, 0),
(5510, 47, 1003, 2, 0, 0, 0),
(5511, 31, 1003, 8, 0, 0, 0),
(5512, 27, 1003, 2, 0, 0, 0),
(5513, 37, 1003, 7, 0, 0, 0),
(5514, 42, 1003, 11, 0, 0, 0),
(5515, 22, 1003, 8, 0, 0, 0),
(5516, 35, 1003, 5, 0, 0, 0),
(5517, 73, 1003, 8, 0, 0, 0),
(5518, 26, 1003, 2, 0, 0, 0),
(5519, 6, 1003, 11, 0, 0, 0),
(5520, 14, 1003, 11, 0, 0, 0),
(5521, 11, 1003, 10, 0, 0, 0),
(5522, 69, 1003, 7, 0, 0, 0),
(5523, 1, 1003, 11, 0, 0, 0),
(5524, 60, 1003, 8, 0, 0, 0),
(5525, 58, 1003, 1, 0, 0, 0),
(5526, 63, 1003, 8, 0, 0, 0),
(5527, 50, 1003, 1, 0, 0, 0),
(5528, 85, 1003, 6, 0, 0, 0),
(5529, 38, 1003, 2, 0, 0, 0),
(5530, 83, 1003, 4, 0, 0, 0),
(5531, 46, 1003, 5, 0, 0, 0),
(5532, 48, 1003, 1, 0, 0, 0),
(5533, 15, 1003, 8, 0, 0, 0),
(5534, 21, 1003, 4, 0, 0, 0),
(5535, 19, 1003, 8, 0, 0, 0),
(5536, 65, 1003, 9, 0, 0, 0),
(5537, 20, 1003, 10, 0, 0, 0),
(5538, 17, 1003, 4, 0, 0, 0),
(5539, 28, 1003, 2, 0, 0, 0),
(5540, 75, 1003, 4, 0, 0, 0),
(5541, 68, 1003, 6, 0, 0, 0),
(5542, 7, 1003, 6, 0, 0, 0),
(5543, 9, 1003, 10, 0, 0, 0),
(5544, 4, 1003, 9, 0, 0, 0),
(5545, 74, 1003, 5, 0, 0, 0),
(5546, 39, 1003, 7, 0, 0, 0),
(5547, 59, 1003, 10, 0, 0, 0),
(5548, 54, 1003, 1, 0, 0, 0),
(5549, 30, 1003, 1, 0, 0, 0),
(5550, 67, 1003, 4, 0, 0, 0),
(5551, 82, 1003, 4, 0, 0, 0),
(5552, 13, 1003, 3, 0, 0, 0),
(5553, 2, 1003, 12, 0, 0, 0),
(5554, 16, 1003, 4, 0, 0, 0),
(5555, 41, 1003, 7, 0, 0, 0),
(5556, 34, 1003, 1, 0, 0, 0),
(5557, 49, 1003, 9, 0, 0, 0),
(5558, 64, 1003, 7, 0, 0, 0),
(5559, 77, 1003, 4, 0, 0, 0),
(5560, 12, 1003, 9, 0, 0, 0),
(5561, 76, 1003, 3, 0, 0, 0),
(5562, 10, 1003, 3, 0, 0, 0),
(5563, 66, 1003, 7, 0, 0, 0),
(5564, 84, 1003, 1, 0, 0, 0),
(5565, 44, 1003, 11, 0, 0, 0),
(5566, 61, 1003, 7, 0, 0, 0),
(5567, 5, 1003, 5, 0, 0, 0),
(5568, 79, 1003, 4, 0, 0, 0),
(5569, 56, 1003, 1, 0, 0, 0),
(5570, 53, 1003, 1, 0, 0, 0),
(5571, 55, 1003, 1, 0, 0, 0),
(5572, 45, 1003, 1, 0, 0, 0),
(5573, 51, 1003, 1, 0, 0, 0),
(5574, 25, 1003, 11, 0, 0, 0),
(5575, 8, 1003, 5, 0, 0, 0),
(5576, 32, 1003, 12, 0, 0, 0),
(5577, 24, 1003, 2, 0, 0, 0),
(5578, 52, 1003, 1, 0, 0, 0),
(5579, 86, 1003, 1, 0, 0, 0),
(5580, 57, 1003, 1, 0, 0, 0),
(5581, 87, 1003, 1, 0, 0, 0),
(5582, 62, 1003, 8, 0, 0, 0),
(5583, 43, 1003, 3, 0, 0, 0),
(5584, 78, 1003, 11, 0, 0, 0),
(5585, 18, 1003, 9, 0, 0, 0),
(5586, 23, 1003, 12, 0, 0, 0),
(5587, 71, 1003, 11, 0, 0, 0),
(5588, 70, 1003, 8, 0, 0, 0),
(5589, 72, 1003, 4, 0, 0, 0),
(5590, 57, 1004, 4, 0, 0, 0),
(5591, 37, 1004, 7, 0, 0, 0),
(5592, 43, 1004, 2, 0, 0, 0),
(5593, 22, 1004, 8, 0, 0, 0),
(5594, 29, 1004, 7, 0, 0, 0),
(5595, 20, 1004, 7, 0, 0, 0),
(5596, 69, 1004, 7, 0, 0, 0),
(5597, 86, 1004, 6, 0, 0, 0),
(5598, 40, 1004, 6, 0, 0, 0),
(5599, 41, 1004, 6, 0, 0, 0),
(5600, 54, 1004, 1, 0, 0, 0),
(5601, 59, 1004, 1, 0, 0, 0),
(5602, 9, 1004, 1, 0, 0, 0),
(5603, 82, 1004, 4, 0, 0, 0),
(5604, 2, 1004, 10, 0, 0, 0),
(5605, 80, 1004, 1, 0, 0, 0),
(5606, 79, 1004, 3, 0, 0, 0),
(5607, 15, 1004, 7, 0, 0, 0),
(5608, 84, 1004, 2, 0, 0, 0),
(5609, 63, 1004, 6, 0, 0, 0),
(5610, 55, 1004, 8, 0, 0, 0),
(5611, 87, 1004, 1, 0, 0, 0),
(5612, 13, 1004, 4, 0, 0, 0),
(5613, 78, 1004, 10, 0, 0, 0),
(5614, 76, 1004, 4, 0, 0, 0),
(5615, 67, 1004, 4, 0, 0, 0),
(5616, 46, 1004, 3, 0, 0, 0),
(5617, 65, 1004, 1, 0, 0, 0),
(5618, 36, 1004, 1, 0, 0, 0),
(5619, 53, 1004, 1, 0, 0, 0),
(5620, 77, 1004, 4, 0, 0, 0),
(5621, 62, 1004, 8, 0, 0, 0),
(5622, 44, 1004, 9, 0, 0, 0),
(5623, 10, 1004, 5, 0, 0, 0),
(5624, 75, 1004, 4, 0, 0, 0),
(5625, 49, 1004, 9, 0, 0, 0),
(5626, 26, 1004, 1, 0, 0, 0),
(5627, 45, 1004, 3, 0, 0, 0),
(5628, 6, 1004, 10, 0, 0, 0),
(5629, 61, 1004, 9, 0, 0, 0),
(5630, 50, 1004, 1, 0, 0, 0),
(5631, 14, 1004, 10, 0, 0, 0),
(5632, 58, 1004, 2, 0, 0, 0),
(5633, 28, 1004, 1, 0, 0, 0),
(5634, 25, 1004, 10, 0, 0, 0),
(5635, 3, 1004, 4, 0, 0, 0),
(5636, 11, 1004, 1, 0, 0, 0),
(5637, 39, 1004, 1, 0, 0, 0),
(5638, 27, 1004, 2, 0, 0, 0),
(5639, 48, 1004, 2, 0, 0, 0),
(5640, 31, 1004, 9, 0, 0, 0),
(5641, 56, 1004, 1, 0, 0, 0),
(5642, 64, 1004, 6, 0, 0, 0),
(5643, 12, 1004, 9, 0, 0, 0),
(5644, 16, 1004, 3, 0, 0, 0),
(5645, 21, 1004, 4, 0, 0, 0),
(5646, 81, 1004, 1, 0, 0, 0),
(5647, 85, 1004, 1, 0, 0, 0),
(5648, 71, 1004, 10, 0, 0, 0),
(5649, 35, 1004, 2, 0, 0, 0),
(5650, 32, 1004, 9, 0, 0, 0),
(5651, 68, 1004, 6, 0, 0, 0),
(5652, 47, 1004, 1, 0, 0, 0),
(5653, 73, 1004, 8, 0, 0, 0),
(5654, 66, 1004, 6, 0, 0, 0),
(5655, 42, 1004, 10, 0, 0, 0),
(5656, 19, 1004, 7, 0, 0, 0),
(5657, 51, 1004, 6, 0, 0, 0),
(5658, 5, 1004, 4, 0, 0, 0),
(5659, 60, 1004, 6, 0, 0, 0),
(5660, 52, 1004, 8, 0, 0, 0),
(5661, 17, 1004, 3, 0, 0, 0),
(5662, 74, 1004, 3, 0, 0, 0),
(5663, 7, 1004, 5, 0, 0, 0),
(5664, 8, 1004, 6, 0, 0, 0),
(5665, 4, 1004, 9, 0, 0, 0),
(5666, 72, 1004, 4, 0, 0, 0),
(5667, 83, 1004, 3, 0, 0, 0),
(5668, 70, 1004, 8, 0, 0, 0),
(5669, 1, 1004, 10, 0, 0, 0),
(5670, 18, 1004, 9, 0, 0, 0),
(5671, 23, 1004, 11, 0, 0, 0),
(5672, 44, 981, 1, 0, 0, 0),
(5673, 58, 39, 1, 0, 0, 0),
(5674, 48, 42, 1, 0, 0, 0),
(5675, 36, 977, 1, 0, 0, 0),
(5676, 47, 42, 1, 0, 0, 0),
(5677, 41, 1005, 9, 0, 0, 0),
(5678, 8, 1005, 5, 0, 0, 0),
(5679, 40, 1005, 9, 0, 0, 0),
(5680, 22, 1005, 9, 0, 0, 0),
(5681, 3, 1005, 11, 0, 0, 0),
(5682, 76, 1005, 6, 0, 0, 0),
(5683, 62, 1005, 9, 0, 0, 0),
(5684, 72, 1005, 4, 0, 0, 0),
(5685, 24, 1005, 2, 0, 0, 0),
(5686, 79, 1005, 5, 0, 0, 0),
(5687, 56, 1005, 7, 0, 0, 0),
(5688, 85, 1005, 8, 0, 0, 0),
(5689, 37, 1005, 9, 0, 0, 0),
(5690, 66, 1005, 9, 0, 0, 0),
(5691, 77, 1005, 5, 0, 0, 0),
(5692, 25, 1005, 12, 0, 0, 0),
(5693, 64, 1005, 8, 0, 0, 0),
(5694, 29, 1005, 9, 0, 0, 0),
(5695, 7, 1005, 4, 0, 0, 0),
(5696, 67, 1005, 5, 0, 0, 0),
(5697, 69, 1005, 9, 0, 0, 0),
(5698, 82, 1005, 4, 0, 0, 0),
(5699, 80, 1005, 3, 0, 0, 0),
(5700, 38, 1005, 3, 0, 0, 0),
(5701, 31, 1005, 13, 0, 0, 0),
(5702, 75, 1005, 5, 0, 0, 0),
(5703, 55, 1005, 9, 0, 0, 0),
(5704, 44, 1005, 12, 0, 0, 0),
(5705, 32, 1005, 12, 0, 0, 0),
(5706, 19, 1005, 9, 0, 0, 0),
(5707, 17, 1005, 5, 0, 0, 0),
(5708, 68, 1005, 8, 0, 0, 0),
(5709, 11, 1005, 11, 0, 0, 0),
(5710, 83, 1005, 4, 0, 0, 0),
(5711, 15, 1005, 9, 0, 0, 0);
INSERT INTO `card_level` (`id`, `card_id`, `player_id`, `level`, `quantity`, `seek`, `keep`) VALUES
(5712, 20, 1005, 12, 0, 0, 0),
(5713, 28, 1005, 4, 0, 0, 0),
(5714, 13, 1005, 5, 0, 0, 0),
(5715, 48, 1005, 2, 0, 0, 0),
(5716, 2, 1005, 12, 0, 0, 0),
(5717, 39, 1005, 8, 0, 0, 0),
(5718, 9, 1005, 12, 0, 0, 0),
(5719, 35, 1005, 5, 0, 0, 0),
(5720, 21, 1005, 4, 0, 0, 0),
(5721, 26, 1005, 4, 0, 0, 0),
(5722, 30, 1005, 3, 0, 0, 0),
(5723, 61, 1005, 12, 0, 0, 0),
(5724, 51, 1005, 8, 0, 0, 0),
(5725, 60, 1005, 8, 0, 0, 0),
(5726, 49, 1005, 12, 0, 0, 0),
(5727, 16, 1005, 5, 0, 0, 0),
(5728, 14, 1005, 12, 0, 0, 0),
(5729, 43, 1005, 3, 0, 0, 0),
(5730, 4, 1005, 9, 0, 0, 0),
(5731, 65, 1005, 11, 0, 0, 0),
(5732, 81, 1005, 3, 0, 0, 0),
(5733, 6, 1005, 11, 0, 0, 0),
(5734, 34, 1005, 2, 0, 0, 0),
(5735, 46, 1005, 5, 0, 0, 0),
(5736, 71, 1005, 12, 0, 0, 0),
(5737, 63, 1005, 8, 0, 0, 0),
(5738, 59, 1005, 10, 0, 0, 0),
(5739, 70, 1005, 8, 0, 0, 0),
(5740, 47, 1005, 1, 0, 0, 0),
(5741, 53, 1005, 2, 0, 0, 0),
(5742, 36, 1005, 1, 0, 0, 0),
(5743, 10, 1005, 5, 0, 0, 0),
(5744, 5, 1005, 7, 0, 0, 0),
(5745, 18, 1005, 8, 0, 0, 0),
(5746, 54, 1005, 1, 0, 0, 0),
(5747, 45, 1005, 4, 0, 0, 0),
(5748, 50, 1005, 2, 0, 0, 0),
(5749, 58, 1005, 1, 0, 0, 0),
(5750, 84, 1005, 2, 0, 0, 0),
(5751, 12, 1005, 8, 0, 0, 0),
(5752, 52, 1005, 10, 0, 0, 0),
(5753, 86, 1005, 9, 0, 0, 0),
(5754, 74, 1005, 4, 0, 0, 0),
(5755, 87, 1005, 10, 0, 0, 0),
(5756, 1, 1005, 13, 0, 0, 0),
(5757, 42, 1005, 13, 0, 0, 0),
(5758, 78, 1005, 13, 0, 0, 0),
(5759, 33, 1005, 3, 0, 0, 0),
(5760, 57, 1005, 8, 0, 0, 0),
(5761, 23, 1005, 13, 0, 0, 0),
(5762, 27, 1005, 3, 0, 0, 0),
(5763, 73, 1005, 10, 0, 0, 0),
(5764, 0, 27, 3, 1, 0, 0),
(5765, 0, 27, 3, 1, 0, 0),
(5766, 0, 1, 8, 1, 0, 0),
(5767, 0, 1, 8, 1, 0, 0),
(5768, 0, 4, 6, 15, 0, 0),
(5769, 0, 4, 6, 15, 0, 0),
(5770, 0, 10, 6, 11, 0, 0),
(5771, 0, 10, 6, 11, 0, 0),
(5772, 0, 14, 3, 3, 0, 0),
(5773, 0, 14, 3, 3, 0, 0),
(5774, 0, 7, 8, 4, 0, 0),
(5775, 0, 7, 8, 4, 0, 0),
(5776, 0, 3, 3, 6, 0, 0),
(5777, 0, 3, 3, 6, 0, 0),
(5778, 0, 997, 2, 1, 0, 0),
(5779, 0, 997, 2, 1, 0, 0),
(5780, 0, 998, 2, 3, 0, 0),
(5781, 0, 998, 2, 3, 0, 0),
(5782, 0, 1002, 11, 8, 0, 0),
(5783, 0, 1002, 11, 8, 0, 0),
(5784, 0, 9, 6, 15, 0, 0),
(5785, 0, 9, 6, 15, 0, 0),
(5786, 0, 8, 3, 1, 0, 0),
(5787, 0, 8, 3, 1, 0, 0),
(5788, 0, 2, 3, 2, 0, 0),
(5789, 0, 2, 3, 2, 0, 0),
(5790, 0, 12, 6, 27, 0, 0),
(5791, 0, 12, 6, 27, 0, 0),
(5792, 0, 32, 11, 1046, 0, 0),
(5793, 0, 32, 11, 1046, 0, 0),
(5794, 0, 1005, 3, 2, 0, 0),
(5795, 0, 1005, 3, 2, 0, 0),
(5796, 0, 973, 2, 2, 0, 0),
(5797, 0, 973, 2, 2, 0, 0),
(5798, 0, 992, 2, 2, 0, 0),
(5799, 0, 992, 2, 2, 0, 0),
(5800, 0, 5, 6, 105, 0, 0),
(5801, 0, 5, 6, 105, 0, 0),
(5802, 0, 29, 8, 285, 0, 0),
(5803, 0, 29, 8, 285, 0, 0),
(5804, 0, 19, 12, 944, 0, 0),
(5805, 0, 19, 12, 944, 0, 0),
(5806, 0, 28, 11, 1346, 0, 0),
(5807, 0, 28, 11, 1346, 0, 0),
(5808, 0, 15, 9, 18, 0, 0),
(5809, 0, 15, 9, 18, 0, 0),
(5810, 0, 989, 6, 30, 0, 0),
(5811, 0, 989, 6, 30, 0, 0),
(5812, 0, 609, 13, 0, 0, 0),
(5813, 0, 609, 13, 0, 0, 0),
(5814, 0, 1003, 8, 171, 0, 0),
(5815, 0, 1003, 8, 171, 0, 0),
(5816, 0, 17, 6, 110, 0, 0),
(5817, 0, 17, 6, 110, 0, 0),
(5818, 0, 1004, 10, 206, 0, 0),
(5819, 0, 1004, 10, 206, 0, 0),
(5820, 0, 999, 8, 173, 0, 0),
(5821, 0, 999, 8, 173, 0, 0),
(5822, 0, 21, 8, 39, 0, 0),
(5823, 0, 21, 8, 39, 0, 0),
(5824, 0, 18, 12, 3868, 0, 0),
(5825, 0, 18, 12, 3868, 0, 0),
(5826, 0, 11, 11, 2356, 0, 0),
(5827, 0, 11, 11, 2356, 0, 0),
(5828, 0, 45, 10, 47, 0, 0),
(5829, 0, 45, 10, 47, 0, 0),
(5830, 0, 977, 10, 1674, 0, 0),
(5831, 0, 977, 10, 1674, 0, 0),
(5832, 0, 22, 9, 56, 0, 0),
(5833, 0, 22, 9, 56, 0, 0),
(5834, 0, 20, 6, 12, 0, 0),
(5835, 0, 20, 6, 12, 0, 0),
(5836, 0, 26, 12, 56, 0, 0),
(5837, 0, 26, 12, 56, 0, 0),
(5838, 0, 995, 11, 964, 0, 0),
(5839, 0, 995, 11, 964, 0, 0),
(5840, 0, 31, 5, 8, 0, 0),
(5841, 0, 31, 5, 8, 0, 0),
(5842, 0, 42, 7, 61, 0, 0),
(5843, 0, 42, 7, 61, 0, 0),
(5844, 0, 39, 2, 0, 0, 0),
(5845, 0, 39, 2, 0, 0, 0),
(5846, 0, 983, 12, 985, 0, 0),
(5847, 0, 983, 12, 985, 0, 0),
(5848, 0, 36, 9, 123, 0, 0),
(5849, 0, 36, 9, 123, 0, 0),
(5850, 0, 980, 1, 1, 0, 0),
(5851, 0, 980, 1, 1, 0, 0),
(5852, 0, 993, 10, 84, 0, 0),
(5853, 0, 993, 10, 84, 0, 0),
(5854, 0, 38, 9, 64, 0, 0),
(5855, 0, 38, 9, 64, 0, 0),
(5856, 0, 33, 2, 0, 0, 0),
(5857, 0, 33, 2, 0, 0, 0),
(5858, 0, 981, 5, 14, 0, 0),
(5859, 0, 981, 5, 14, 0, 0);

-- --------------------------------------------------------

--
-- Table structure for table `decks`
--

CREATE TABLE `decks` (
  `id` int(6) NOT NULL
) ENGINE=InnoDB DEFAULT CHARSET=latin1;

--
-- Dumping data for table `decks`
--

INSERT INTO `decks` (`id`) VALUES
(1),
(2),
(3),
(4),
(5),
(6),
(7),
(8),
(9),
(10),
(11),
(12),
(13),
(14),
(15),
(16),
(17),
(18),
(19),
(20),
(21),
(22),
(23),
(24),
(25),
(26),
(27),
(28),
(29),
(30),
(31),
(32),
(33),
(34),
(35),
(36),
(37),
(38),
(39),
(40),
(41),
(42),
(43),
(44),
(45),
(46),
(47),
(48),
(49),
(50),
(51),
(52),
(53),
(54),
(55),
(56),
(57),
(58),
(59),
(60),
(61),
(62),
(63),
(64),
(65),
(66),
(67),
(68);

-- --------------------------------------------------------

--
-- Table structure for table `deck_results`
--

CREATE TABLE `deck_results` (
  `id` int(8) NOT NULL,
  `deck_id` int(5) NOT NULL,
  `win` tinyint(1) NOT NULL COMMENT '1 sur match gagné',
  `crowns` tinyint(1) NOT NULL COMMENT 'nombre de couronnes remportée',
  `time` int(11) DEFAULT NULL COMMENT 'date du combat'
) ENGINE=InnoDB DEFAULT CHARSET=latin1;

--
-- Dumping data for table `deck_results`
--

INSERT INTO `deck_results` (`id`, `deck_id`, `win`, `crowns`, `time`) VALUES
(1, 1, 0, 0, 1536269271),
(2, 1, 1, 1, 1536268868),
(3, 3, 1, 3, 1536318048),
(4, 4, 1, 3, 1536312077),
(5, 5, 1, 1, 1536269064),
(6, 6, 1, 1, 1536284015),
(7, 7, 1, 1, 1536297410),
(8, 8, 0, 0, 1536269768),
(9, 3, 0, 0, 1536318405),
(10, 9, 0, 1, 1536297600),
(11, 10, 1, 2, 1536297849),
(12, 11, 1, 3, 1536298746),
(13, 12, 0, 0, 1536302770),
(14, 13, 0, 0, 1536268670),
(15, 14, 0, 0, 1536307296),
(16, 15, 0, 1, 1536314586),
(17, 16, 0, 0, 1536271498),
(18, 17, 1, 2, 1536307075),
(19, 18, 1, 3, 1536283160),
(20, 19, 1, 3, 1536299447),
(21, 20, 0, 1, 1536301171),
(22, 21, 0, 1, 1536319707),
(23, 21, 1, 1, 1536319475),
(24, 22, 0, 0, 1536309886),
(25, 23, 0, 1, 1536301944),
(26, 3, 0, 0, 1536327728),
(27, 24, 0, 0, 1536311416),
(28, 25, 0, 0, 1536274642),
(29, 26, 0, 1, 1536268478);

-- --------------------------------------------------------

--
-- Table structure for table `last_updated`
--

CREATE TABLE `last_updated` (
  `id` int(3) NOT NULL,
  `page_name` varchar(50) NOT NULL,
  `updated` datetime DEFAULT NULL,
  `tag` varchar(10) DEFAULT NULL
) ENGINE=InnoDB DEFAULT CHARSET=latin1;

--
-- Dumping data for table `last_updated`
--

INSERT INTO `last_updated` (`id`, `page_name`, `updated`, `tag`) VALUES
(1, 'index', '2018-09-07 17:01:03', NULL),
(3, 'war', '2018-09-07 13:21:29', NULL),
(4, 'war_stats', '2018-09-07 17:29:24', NULL),
(5, 'war_decks', '2018-09-07 17:16:22', NULL),
(7, 'player', '2018-09-07 17:22:17', '90VG2292'),
(8, 'player', '2018-08-28 17:49:30', 'LLG0QGR9'),
(9, 'player', '2018-09-07 17:22:31', '88V0L8LQG'),
(10, 'player', '2018-09-07 17:23:16', '9YPLPGRQL'),
(11, 'player', '2018-09-07 17:23:23', '80LR8GCR0'),
(12, 'player', '2018-09-07 17:22:25', '2YPJR9Q0'),
(13, 'player', '2018-09-07 17:22:37', '9LJL09CQ'),
(14, 'player', '2018-09-07 17:23:05', 'QCY9YPC9'),
(15, 'player', '2018-09-07 17:22:48', '2J88RVQRY'),
(16, 'player', '2018-09-07 17:22:29', '22PL0J8JG'),
(17, 'player', '2018-09-03 14:49:17', '2JPC2G0G'),
(18, 'player', '2018-09-07 17:22:39', 'VYJ00PJL'),
(19, 'player', '2018-09-07 17:22:20', '8YG908L08'),
(20, 'player', '2018-09-07 17:23:20', '9U9G90RYV'),
(21, 'player', '2018-09-07 17:23:29', 'P0JVUQVRV'),
(22, 'player', '2018-09-07 17:23:24', '9VGV88GC'),
(23, 'player', '2018-08-08 15:50:24', '8LU920GLP'),
(24, 'player', '2018-09-07 17:23:10', '9UP2QQCQ'),
(25, 'player', '2018-09-07 17:22:18', '2P9QYR2P'),
(26, 'player', '2018-09-07 17:22:26', 'PURCPRVJ'),
(27, 'player', '2018-09-07 17:22:22', '9JQ82G0P'),
(28, 'player', '2018-09-07 17:22:40', 'PYU2QP8J'),
(29, 'player', '2018-09-07 17:22:28', '2YJ0PJ0U'),
(30, 'player', '2018-09-06 15:50:17', 'QLLLLQVQ'),
(31, 'player', '2018-09-07 17:22:23', '8G8VGQL88'),
(32, 'player', '2018-09-07 17:22:52', '8JRGRGGGR'),
(33, 'player', '2018-09-07 17:23:08', 'LJV8928C'),
(34, 'player', '2018-09-07 17:23:15', '9G2JPRY8'),
(35, 'player', '2018-09-07 17:23:02', '9Y82JPP9'),
(36, 'player', '2018-09-07 17:23:13', '8V0RVRRJV'),
(37, 'player', '2018-09-06 15:50:27', '908GUL0G'),
(38, 'player', '2018-09-07 17:22:47', '8PU0R0GYV'),
(39, 'player', '2018-09-07 17:22:50', '28V08R0PY'),
(40, 'player', '2018-09-07 17:23:19', '8Y02YJU2U'),
(41, 'player', '2018-09-07 17:22:45', '8YQU8JCC8'),
(42, 'player', '2018-09-06 15:50:47', '29CJ980P'),
(43, 'player', '2018-08-25 22:49:59', '2C89G8UQ9'),
(44, 'player', '2018-08-29 09:50:00', 'LUQUJR2Q'),
(45, 'player', '2018-08-08 15:49:54', '8Y8GYC298'),
(46, 'player', '2018-09-06 15:50:45', 'YV9R20G'),
(47, 'player', '2018-08-26 11:49:59', '29YR2VQCR'),
(48, 'player', '2018-09-07 17:23:12', 'P8PRYQR2'),
(49, 'player', '2018-09-07 17:22:57', '9QJVJ0JG9'),
(50, 'player', '2018-09-07 17:23:07', '2JJQ0V2QP'),
(51, 'player', '2018-08-08 15:50:10', '2U8V8GGQ'),
(52, 'player', '2018-08-08 15:50:14', '2U8ULL9P'),
(53, 'player', '2018-08-13 06:50:07', '2YCPCYU9'),
(54, 'player', '2018-09-07 17:23:26', '8QGJQPVC8'),
(55, 'player', '2018-08-08 15:50:21', '2L220QY0G'),
(56, 'player', '2018-07-30 10:50:27', '990VG0YY'),
(57, 'player', '2018-07-30 21:50:24', 'P8JGYRLPU'),
(58, 'player', '2018-08-13 06:50:14', '2VLY9V09L'),
(59, 'player', '2018-08-12 18:50:32', '92VG298J9'),
(60, 'player', '2018-09-07 17:22:54', 'G8YY28C9'),
(61, 'player', '2018-08-21 22:59:13', 'JJ0GUPR2'),
(62, 'player', '2018-08-26 13:50:47', '28VJYV98G'),
(63, 'player', '2018-09-07 17:22:42', '2GRQJ22U2'),
(64, 'player', '2018-09-07 17:23:27', '9GC2YGRRY'),
(65, 'player', '2018-08-27 18:51:01', '20PCR08YV'),
(66, 'player', '2018-09-06 15:50:29', '2GY20LJU'),
(67, 'player', '2018-08-28 01:56:39', '2ULP0U'),
(68, 'player', '2018-09-07 17:22:36', '2P0LVGVL'),
(69, 'player', '2018-09-07 17:22:34', '2RVQC9YY'),
(70, 'player', '2018-09-07 17:23:00', 'PP88Y9P'),
(71, 'player', '2018-08-27 14:51:44', '2C0JCQCVY'),
(72, 'player', '2018-08-29 16:50:38', '28Q90JRJR'),
(73, 'player', '2018-08-31 00:49:22', 'undefined'),
(74, 'player', '2018-09-07 17:22:32', 'G8GPQ92Y'),
(75, 'player', '2018-09-07 17:22:55', 'VR2GPYYP'),
(76, 'player', '2018-09-07 17:22:58', '2QC9G2YY2'),
(77, 'player', '2018-09-07 17:22:44', 'L29GVYRL');

-- --------------------------------------------------------

--
-- Table structure for table `players`
--

CREATE TABLE `players` (
  `id` int(4) NOT NULL,
  `tag` varchar(10) CHARACTER SET utf8 NOT NULL COMMENT 'Tag du joueur',
  `name` varchar(50) CHARACTER SET utf8 NOT NULL COMMENT 'Nom du joueur',
  `rank` int(2) NOT NULL COMMENT 'Placement dans le clan',
  `trophies` int(5) NOT NULL COMMENT 'Nombre de trophée du joueur',
  `role_id` int(1) NOT NULL,
  `exp_level` int(2) NOT NULL COMMENT 'Niveau de la tour',
  `in_clan` tinyint(1) NOT NULL DEFAULT '0',
  `arena` int(3) NOT NULL,
  `donations` int(10) NOT NULL,
  `donations_received` int(10) NOT NULL,
  `max_trophies` int(5) NOT NULL DEFAULT '0'
) ENGINE=InnoDB DEFAULT CHARSET=utf8 COLLATE=utf8_unicode_ci;

--
-- Dumping data for table `players`
--

INSERT INTO `players` (`id`, `tag`, `name`, `rank`, `trophies`, `role_id`, `exp_level`, `in_clan`, `arena`, `donations`, `donations_received`, `max_trophies`) VALUES
(1, '2P9QYR2P', 'Tomawaak', 2, 4485, 2, 12, 1, 14, 516, 400, 4741),
(2, 'PURCPRVJ', 'vabz', 7, 4330, 2, 12, 1, 14, 502, 400, 4605),
(3, '8YG908L08', 'BadPoussin', 3, 4442, 1, 12, 1, 14, 528, 480, 4564),
(4, '90VG2292', 'Rocky', 1, 4628, 3, 12, 1, 15, 921, 560, 4909),
(5, '2J88RVQRY', 'OnyaGamer', 21, 4087, 3, 11, 1, 13, 56, 160, 4259),
(6, '2JPC2G0G', 'Majin Freeza', 22, 4001, 3, 12, 0, 13, 70, 40, 4660),
(7, '9JQ82G0P', 'bolognaise', 4, 4352, 3, 11, 1, 14, 238, 360, 4484),
(8, '9LJL09CQ', 'Stéph', 14, 4222, 3, 12, 1, 13, 891, 560, 4445),
(9, 'PYU2QP8J', 'Zypher', 16, 4171, 3, 11, 1, 13, 475, 400, 4353),
(10, '2YJ0PJ0U', 'Sup3r-K', 8, 4322, 3, 12, 1, 14, 265, 360, 4614),
(11, 'QLLLLQVQ', 'MightyChicken', 33, 3996, 4, 11, 0, 12, 0, 0, 4218),
(12, '8G8VGQL88', 'youpi', 5, 4348, 3, 11, 1, 14, 591, 360, 4620),
(13, 'PUU8PUQY', 'Ruilucenzo', 14, 4098, 3, 12, 0, 13, 292, 320, 0),
(14, '2YPJR9Q0', 'Kaldor', 6, 4347, 2, 12, 1, 14, 753, 560, 4445),
(15, '8JRGRGGGR', 'CJ21', 23, 4063, 3, 12, 1, 13, 226, 560, 4312),
(16, 'LLG0QGR9', 'Patatepower', 25, 4018, 4, 11, 0, 13, 12, 40, 4247),
(17, 'LJV8928C', 'lolo', 32, 3961, 3, 11, 1, 12, 160, 240, 4140),
(18, 'QCY9YPC9', '??Willen??', 30, 4000, 3, 11, 1, 13, 99, 40, 4000),
(19, '22PL0J8JG', 'chamb', 9, 4309, 3, 10, 1, 14, 416, 200, 4335),
(20, '9G2JPRY8', 'oui', 36, 3875, 3, 11, 1, 12, 322, 400, 3884),
(21, '9Y82JPP9', 'Maped', 29, 4001, 3, 11, 1, 13, 0, 0, 4029),
(22, '8V0RVRRJV', 'morgan', 35, 3905, 3, 10, 1, 12, 364, 360, 3957),
(23, '2RUU0V209', 'Olympia', 31, 3640, 3, 10, 0, 11, 360, 320, 0),
(24, '2J8CRU22G', 'lexrider', 30, 3606, 3, 10, 0, 11, 0, 0, 0),
(25, '2U2002JQ0', 'Jack-So', 33, 3712, 4, 10, 0, 11, 54, 120, 0),
(26, '908GUL0G', 'osiris', 38, 3865, 4, 11, 0, 12, 0, 0, 3890),
(27, '88V0L8LQG', 'Kaoulombre', 10, 4307, 2, 11, 1, 14, 1029, 560, 4307),
(28, '8PU0R0GYV', 'daoshine', 20, 4109, 3, 11, 1, 13, 220, 400, 4197),
(29, '28V08R0PY', 'jojo95', 22, 4079, 3, 11, 1, 13, 473, 480, 4079),
(30, 'RGCGVJRL', 'domidom97', 33, 3535, 4, 11, 0, 11, 8, 0, 3660),
(31, '8Y02YJU2U', 'SorcièreDuJour', 38, 3835, 3, 11, 1, 12, 402, 320, 3992),
(32, '8YQU8JCC8', 'Ir Karu', 19, 4116, 3, 11, 1, 13, 98, 360, 4289),
(33, '29CJ980P', 'pate lorrain', 48, 3276, 4, 10, 0, 10, 0, 0, 3762),
(34, '2C89G8UQ9', '?\\WEEED//?', 44, 3349, 4, 10, 0, 10, 106, 240, 3393),
(35, 'LUQUJR2Q', 'tictac', 21, 4092, 4, 11, 0, 13, 0, 0, 4092),
(36, '80LR8GCR0', 'peyo le grand', 40, 3632, 3, 10, 1, 11, 355, 440, 3733),
(37, '8Y8GYC298', 'EddiE', 32, 3661, 3, 10, 0, 11, 20, 120, 3696),
(38, 'YV9R20G', 'beryllus', 47, 3313, 4, 10, 0, 10, 0, 0, 3505),
(39, '9U9G90RYV', 'Fumseck', 39, 3740, 3, 10, 1, 11, 339, 480, 3825),
(40, '29YR2VQCR', 'jojoooo', 39, 3761, 3, 11, 0, 12, 282, 480, 3814),
(41, '8GCQPG08', 'THOR', 49, 2656, 3, 10, 0, 9, 74, 30, 2656),
(42, '9YPLPGRQL', 'nano', 37, 3846, 3, 10, 1, 12, 630, 520, 3846),
(45, 'P8PRYQR2', 'Kapt723', 34, 3929, 3, 11, 1, 12, 383, 560, 4129),
(605, '9QJVJ0JG9', 'Saga', 26, 4020, 3, 10, 1, 13, 78, 240, 4035),
(606, '2LRV22890', 'Haroune2retour', 14, 3861, 4, 11, 0, 12, 73, 80, 0),
(607, '8JCPGR9U0', 'topmonellz', 38, 3409, 4, 10, 0, 11, 48, 160, 0),
(608, 'V99UQPGY', 'Bahiano', 37, 3414, 4, 10, 0, 11, 10, 40, 0),
(609, '2JJQ0V2QP', 'Bonobo', 31, 3978, 3, 10, 1, 12, 92, 240, 4110),
(610, '9RGPL8PC', 'CLAN', 0, 0, 1, 0, 0, 0, 0, 0, 0),
(611, '8CQYJ9R', 'DrBoubou', 37, 3426, 4, 10, 0, 11, 38, 40, 3426),
(612, '8UQ28Q8P', 'Pablo', 17, 3911, 4, 10, 0, 12, 0, 0, 0),
(973, 'VYJ00PJL', 'Kaboum971', 15, 4193, 3, 11, 1, 13, 195, 280, 4338),
(974, 'V9YCLVJV', 'B.F.A', 36, 3497, 4, 10, 0, 11, 26, 0, 0),
(975, '2VCURRJUC', 'MrDjerbou57', 40, 3405, 4, 10, 0, 11, 36, 0, 0),
(976, '2U8V8GGQ', 'zermazeubihass', 48, 2757, 4, 11, 0, 9, 0, 0, 3898),
(977, '9UP2QQCQ', 'maxouille', 33, 3954, 3, 10, 1, 12, 172, 360, 4017),
(978, '2U8ULL9P', 'TBSF 2nd class', 37, 3553, 4, 10, 0, 11, 20, 40, 3579),
(979, '2YCPCYU9', 'Watrax EU', 37, 3539, 4, 11, 0, 11, 0, 0, 3663),
(980, '8QGJQPVC8', 'Aplecraf', 42, 3500, 3, 10, 1, 11, 0, 0, 3538),
(981, 'P0JVUQVRV', 'Parpino', 44, 3126, 3, 9, 1, 10, 394, 480, 3126),
(982, '2L220QY0G', 'KenalLeTheg', 35, 3574, 4, 11, 0, 11, 0, 0, 3835),
(983, '9VGV88GC', '¡PedrO!', 41, 3615, 3, 11, 1, 11, 20, 40, 3764),
(984, '990VG0YY', 'juliusYT', 26, 3818, 4, 10, 0, 12, 0, 0, 3845),
(985, '8LU920GLP', 'AXEL', 50, 2039, 4, 9, 0, 7, 0, 0, 2402),
(986, 'P8JGYRLPU', '???MAURICIO???', 41, 3421, 4, 9, 0, 11, 98, 80, 3421),
(987, '2VLY9V09L', 'MESSI', 33, 3682, 4, 11, 0, 11, 0, 0, 3682),
(988, '92VG298J9', 'anto', 36, 3575, 4, 10, 0, 11, 386, 440, 3629),
(989, 'G8YY28C9', 'D\'jo', 24, 4059, 3, 10, 1, 13, 138, 280, 4119),
(990, 'JJ0GUPR2', 'FiloPunisher', 15, 4180, 4, 11, 0, 13, 0, 0, 4202),
(991, '28VJYV98G', 'roi gianni', 24, 4030, 4, 11, 0, 13, 0, 0, 4378),
(992, '2GRQJ22U2', 'Lyfter', 17, 4140, 3, 11, 1, 13, 538, 288, 4314),
(993, '9GC2YGRRY', 'LuN1k', 43, 3460, 3, 9, 1, 11, 312, 520, 3460),
(994, '20PCR08YV', 'Chateman', 48, 365, 4, 4, 0, 1, 0, 0, 379),
(995, '2GY20LJU', 'Max_0817', 39, 3864, 4, 11, 0, 12, 38, 160, 3925),
(996, '2ULP0U', '??cRyZy??', 17, 4169, 4, 11, 0, 13, 94, 120, 4237),
(997, '2RVQC9YY', 'SemTeXs', 12, 4265, 3, 12, 1, 13, 366, 360, 4352),
(998, '2P0LVGVL', 'SkriLs eXs', 13, 4265, 3, 11, 1, 13, 338, 240, 4320),
(999, 'PP88Y9P', 'RedHead', 28, 4004, 3, 11, 1, 13, 220, 240, 4088),
(1000, '2C0JCQCVY', 'king cc', 25, 4021, 4, 10, 0, 13, 0, 0, 4110),
(1001, '28Q90JRJR', 'Link', 46, 3043, 4, 10, 0, 10, 52, 80, 3129),
(1002, 'G8GPQ92Y', 'irontazdevil', 11, 4275, 3, 12, 1, 13, 202, 360, 4506),
(1003, 'VR2GPYYP', 'TechYla', 25, 4028, 3, 11, 1, 13, 309, 360, 4055),
(1004, '2QC9G2YY2', 'Bach-Tu\'', 27, 4005, 3, 10, 1, 13, 124, 320, 4010),
(1005, 'L29GVYRL', 'lesfrancniqtous', 18, 4139, 4, 12, 1, 13, 862, 400, 4449);

-- --------------------------------------------------------

--
-- Table structure for table `player_deck`
--

CREATE TABLE `player_deck` (
  `id` int(11) NOT NULL,
  `deck_id` int(11) NOT NULL,
  `player_id` int(11) NOT NULL,
  `current` tinyint(1) NOT NULL DEFAULT '1' COMMENT 'deck utilisé en ce moment par le joueur'
) ENGINE=InnoDB DEFAULT CHARSET=latin1 COMMENT='Table de jointure des decks aux joueurs';

--
-- Dumping data for table `player_deck`
--

INSERT INTO `player_deck` (`id`, `deck_id`, `player_id`, `current`) VALUES
(1, 2, 27, 1),
(2, 27, 4, 1),
(3, 28, 1, 1),
(4, 29, 3, 1),
(5, 30, 7, 1),
(6, 31, 12, 1),
(7, 32, 14, 1),
(8, 33, 2, 1),
(9, 34, 10, 1),
(10, 35, 19, 1),
(11, 36, 1002, 1),
(12, 37, 997, 1),
(13, 38, 998, 1),
(14, 39, 8, 1),
(15, 40, 973, 1),
(16, 41, 9, 1),
(17, 41, 992, 1),
(18, 42, 1005, 1),
(19, 43, 32, 1),
(20, 44, 28, 1),
(21, 45, 5, 1),
(22, 46, 29, 1),
(23, 47, 15, 1),
(24, 48, 989, 1),
(25, 49, 1003, 1),
(26, 50, 605, 1),
(27, 51, 1004, 1),
(28, 52, 999, 1),
(29, 53, 21, 1),
(30, 54, 18, 1),
(31, 55, 609, 1),
(32, 56, 17, 1),
(33, 57, 977, 1),
(34, 58, 45, 1),
(35, 59, 22, 1),
(36, 60, 20, 1),
(37, 61, 42, 1),
(38, 62, 31, 1),
(39, 63, 39, 1),
(40, 64, 36, 1),
(41, 65, 983, 1),
(42, 66, 980, 1),
(43, 67, 993, 1),
(44, 68, 981, 1);

-- --------------------------------------------------------

--
-- Table structure for table `player_pause`
--

CREATE TABLE `player_pause` (
  `id` int(11) NOT NULL,
  `account_id` int(11) NOT NULL,
  `pause` varchar(16) NOT NULL
) ENGINE=InnoDB DEFAULT CHARSET=latin1;

--
-- Dumping data for table `player_pause`
--

INSERT INTO `player_pause` (`id`, `account_id`, `pause`) VALUES
(2, 5, '1533938400000'),
(3, 5, '1534024800000'),
(4, 7, '1534456800000'),
(5, 7, '1535148000000'),
(6, 7, '1535061600000'),
(7, 7, '1534543200000'),
(8, 7, '1534975200000'),
(9, 7, '1534888800000'),
(10, 7, '1534802400000'),
(11, 7, '1534716000000'),
(12, 7, '1534629600000'),
(17, 8, '1535061600000'),
(18, 8, '1535148000000'),
(20, 8, '1535320800000'),
(21, 8, '1535493600000'),
(22, 8, '1535580000000'),
(23, 8, '1535666400000'),
(25, 8, '1535407200000'),
(26, 4, '1535061600000'),
(27, 4, '1535148000000'),
(28, 4, '1535234400000'),
(29, 4, '1534975200000'),
(30, 5, '1535493600000'),
(31, 5, '1536789600000'),
(32, 5, '1536876000000'),
(33, 5, '1537480800000'),
(34, 5, '1536962400000'),
(35, 5, '1537048800000'),
(36, 5, '1537135200000'),
(37, 5, '1537221600000'),
(38, 5, '1537308000000'),
(39, 5, '1537394400000'),
(43, 16, '1536357600000'),
(44, 16, '1536444000000');

-- --------------------------------------------------------

--
-- Table structure for table `player_trophies`
--

CREATE TABLE `player_trophies` (
  `id` int(11) NOT NULL,
  `player_id` int(4) NOT NULL,
  `trophies` int(11) NOT NULL,
  `date` int(18) NOT NULL
) ENGINE=InnoDB DEFAULT CHARSET=latin1;

-- --------------------------------------------------------

--
-- Table structure for table `player_war`
--

CREATE TABLE `player_war` (
  `id` int(10) NOT NULL,
  `player_id` int(5) NOT NULL,
  `cards_earned` int(4) NOT NULL,
  `collection_played` int(1) NOT NULL,
  `collection_won` int(1) NOT NULL,
  `battle_played` int(1) NOT NULL,
  `battle_won` int(1) NOT NULL,
  `war_id` int(4) NOT NULL
) ENGINE=InnoDB DEFAULT CHARSET=latin1;

--
-- Dumping data for table `player_war`
--

INSERT INTO `player_war` (`id`, `player_id`, `cards_earned`, `collection_played`, `collection_won`, `battle_played`, `battle_won`, `war_id`) VALUES
(395, 1, 640, 0, 0, 1, 0, 24),
(396, 2, 640, 0, 0, 1, 1, 24),
(397, 3, 800, 0, 0, 1, 1, 24),
(398, 4, 960, 0, 0, 1, 1, 24),
(399, 5, 640, 0, 0, 1, 1, 24),
(400, 6, 800, 0, 0, 1, 0, 24),
(401, 7, 640, 0, 0, 1, 0, 24),
(402, 8, 0, 0, 0, 0, 0, 24),
(403, 9, 750, 0, 0, 1, 1, 24),
(404, 10, 750, 0, 0, 1, 0, 24),
(405, 11, 750, 0, 0, 1, 1, 24),
(406, 12, 750, 0, 0, 1, 1, 24),
(407, 13, 600, 0, 0, 1, 0, 24),
(408, 14, 750, 0, 0, 1, 1, 24),
(409, 15, 750, 0, 0, 1, 0, 24),
(410, 16, 600, 0, 0, 1, 1, 24),
(411, 17, 600, 0, 0, 1, 0, 24),
(412, 18, 750, 0, 0, 1, 0, 24),
(413, 19, 450, 0, 0, 1, 0, 24),
(414, 20, 700, 0, 0, 1, 1, 24),
(415, 21, 700, 0, 0, 1, 0, 24),
(416, 22, 560, 0, 0, 1, 0, 24),
(417, 23, 560, 0, 0, 1, 0, 24),
(418, 24, 0, 0, 0, 0, 0, 24),
(419, 25, 560, 0, 0, 1, 1, 24),
(420, 26, 0, 0, 0, 0, 0, 24),
(421, 27, 700, 0, 0, 1, 1, 24),
(422, 28, 700, 0, 0, 1, 0, 24),
(423, 29, 420, 0, 0, 1, 1, 24),
(424, 30, 0, 0, 0, 0, 0, 24),
(425, 31, 700, 0, 0, 1, 1, 24),
(426, 32, 650, 0, 0, 1, 0, 24),
(427, 33, 650, 0, 0, 1, 0, 24),
(428, 34, 520, 0, 0, 1, 1, 24),
(429, 35, 420, 0, 0, 1, 0, 24),
(430, 36, 390, 0, 0, 1, 0, 24),
(431, 37, 780, 0, 0, 1, 1, 24),
(432, 38, 650, 0, 0, 1, 1, 24),
(433, 39, 650, 0, 0, 1, 1, 24),
(434, 40, 390, 0, 0, 1, 1, 24),
(435, 41, 480, 0, 0, 1, 0, 24),
(436, 42, 360, 0, 0, 1, 1, 24),
(437, 45, 700, 0, 0, 1, 0, 24),
(438, 605, 840, 0, 0, 1, 0, 24),
(439, 606, 450, 0, 0, 1, 1, 24),
(440, 607, 0, 0, 0, 0, 0, 24),
(441, 608, 700, 3, 2, 1, 1, 24),
(449, 1, 480, 0, 0, 1, 0, 23),
(450, 2, 480, 0, 0, 1, 1, 23),
(451, 3, 800, 0, 0, 1, 0, 23),
(452, 4, 800, 0, 0, 1, 1, 23),
(453, 5, 640, 0, 0, 1, 1, 23),
(454, 6, 320, 0, 0, 1, 0, 23),
(455, 7, 960, 0, 0, 1, 0, 23),
(456, 8, 0, 0, 0, 0, 0, 23),
(457, 9, 900, 0, 0, 1, 1, 23),
(458, 10, 700, 0, 0, 1, 1, 23),
(459, 11, 450, 0, 0, 1, 0, 23),
(460, 12, 960, 0, 0, 1, 1, 23),
(461, 13, 600, 0, 0, 1, 1, 23),
(462, 14, 750, 0, 0, 1, 1, 23),
(463, 15, 750, 0, 0, 1, 0, 23),
(464, 16, 600, 0, 0, 1, 0, 23),
(465, 17, 420, 0, 0, 1, 0, 23),
(466, 18, 600, 0, 0, 1, 0, 23),
(467, 19, 750, 0, 0, 1, 1, 23),
(468, 20, 700, 0, 0, 1, 0, 23),
(469, 21, 840, 0, 0, 1, 0, 23),
(470, 22, 700, 0, 0, 1, 0, 23),
(471, 23, 0, 0, 0, 0, 0, 23),
(472, 25, 390, 0, 0, 1, 0, 23),
(473, 26, 700, 0, 0, 1, 0, 23),
(474, 27, 700, 0, 0, 1, 0, 23),
(475, 28, 560, 0, 0, 1, 1, 23),
(476, 29, 560, 0, 0, 1, 1, 23),
(477, 31, 700, 0, 0, 1, 1, 23),
(478, 32, 520, 0, 0, 1, 0, 23),
(479, 33, 520, 0, 0, 1, 0, 23),
(480, 34, 650, 0, 0, 1, 0, 23),
(481, 35, 410, 0, 0, 1, 1, 23),
(482, 36, 390, 0, 0, 1, 0, 23),
(483, 37, 650, 0, 0, 1, 1, 23),
(484, 38, 520, 0, 0, 1, 0, 23),
(485, 39, 520, 0, 0, 1, 1, 23),
(486, 40, 520, 0, 0, 1, 1, 23),
(487, 41, 0, 0, 0, 0, 0, 23),
(488, 42, 550, 0, 0, 1, 0, 23),
(489, 45, 560, 0, 0, 1, 1, 23),
(490, 605, 0, 0, 0, 0, 0, 23),
(491, 606, 0, 0, 0, 0, 0, 23),
(492, 609, 0, 0, 0, 0, 0, 23),
(493, 609, 0, 0, 0, 0, 0, 24),
(494, 1, 640, 3, 1, 1, 1, 25),
(495, 2, 800, 3, 2, 1, 1, 25),
(496, 3, 800, 3, 2, 1, 1, 25),
(497, 4, 640, 3, 1, 1, 1, 25),
(498, 5, 600, 3, 1, 1, 0, 25),
(499, 6, 320, 2, 0, 1, 0, 25),
(500, 7, 640, 3, 1, 1, 0, 25),
(501, 8, 0, 0, 0, 0, 0, 25),
(502, 9, 600, 3, 2, 1, 1, 25),
(503, 10, 750, 3, 2, 1, 0, 25),
(504, 11, 750, 3, 2, 1, 1, 25),
(505, 12, 750, 3, 2, 1, 1, 25),
(506, 13, 150, 1, 0, 2, 1, 25),
(507, 14, 960, 3, 3, 1, 1, 25),
(508, 15, 600, 3, 1, 1, 0, 25),
(509, 16, 600, 3, 1, 1, 1, 25),
(510, 17, 750, 3, 2, 1, 0, 25),
(511, 18, 750, 3, 2, 1, 1, 25),
(512, 19, 0, 0, 0, 0, 0, 25),
(513, 20, 0, 0, 0, 0, 0, 25),
(514, 21, 700, 3, 2, 1, 1, 25),
(515, 22, 560, 3, 1, 1, 0, 25),
(516, 23, 0, 0, 0, 0, 0, 25),
(517, 25, 560, 3, 1, 0, 0, 25),
(518, 26, 0, 0, 0, 0, 0, 25),
(519, 27, 700, 3, 2, 1, 1, 25),
(520, 28, 700, 3, 2, 2, 2, 25),
(521, 29, 700, 3, 2, 1, 0, 25),
(522, 31, 560, 3, 1, 1, 0, 25),
(523, 32, 520, 3, 1, 2, 1, 25),
(524, 33, 0, 0, 0, 0, 0, 25),
(525, 34, 520, 3, 1, 1, 1, 25),
(526, 35, 280, 1, 1, 1, 1, 25),
(527, 36, 520, 1, 0, 1, 0, 25),
(528, 37, 130, 1, 0, 0, 0, 25),
(529, 38, 0, 0, 0, 0, 0, 25),
(530, 39, 390, 3, 0, 1, 0, 25),
(531, 40, 650, 3, 2, 1, 1, 25),
(532, 41, 360, 2, 1, 2, 0, 25),
(533, 42, 720, 3, 3, 1, 0, 25),
(534, 45, 560, 3, 1, 1, 1, 25),
(535, 605, 700, 3, 3, 1, 0, 25),
(536, 606, 0, 0, 0, 0, 0, 25),
(537, 609, 420, 3, 0, 1, 1, 25),
(538, 1, 800, 3, 2, 1, 1, 26),
(539, 2, 640, 3, 1, 1, 1, 26),
(540, 3, 960, 3, 3, 1, 0, 26),
(541, 4, 800, 3, 2, 1, 1, 26),
(542, 5, 960, 3, 3, 1, 0, 26),
(543, 6, 160, 1, 0, 1, 1, 26),
(544, 7, 960, 3, 3, 1, 1, 26),
(545, 8, 0, 0, 0, 0, 0, 26),
(546, 9, 750, 3, 2, 1, 0, 26),
(547, 10, 0, 0, 0, 0, 0, 26),
(548, 11, 800, 3, 2, 1, 1, 26),
(549, 12, 600, 3, 1, 1, 1, 26),
(550, 13, 0, 0, 0, 0, 0, 26),
(551, 14, 640, 3, 1, 1, 1, 26),
(552, 15, 600, 3, 1, 1, 1, 26),
(553, 16, 450, 3, 0, 2, 1, 26),
(554, 17, 560, 3, 1, 2, 2, 26),
(555, 18, 450, 3, 0, 1, 0, 26),
(556, 19, 280, 2, 0, 1, 1, 26),
(557, 20, 560, 3, 1, 1, 0, 26),
(558, 21, 420, 3, 0, 1, 0, 26),
(559, 22, 750, 3, 2, 1, 0, 26),
(560, 23, 700, 3, 2, 1, 1, 26),
(561, 25, 560, 3, 1, 0, 0, 26),
(562, 26, 0, 0, 0, 0, 0, 26),
(563, 27, 840, 3, 3, 1, 1, 26),
(564, 28, 560, 3, 1, 1, 0, 26),
(565, 29, 600, 3, 1, 2, 0, 26),
(566, 31, 560, 3, 1, 2, 0, 26),
(567, 32, 780, 3, 3, 1, 1, 26),
(568, 33, 420, 3, 0, 1, 1, 26),
(569, 34, 520, 3, 1, 1, 0, 26),
(570, 35, 140, 1, 0, 1, 1, 26),
(571, 36, 520, 3, 1, 1, 0, 26),
(572, 37, 650, 3, 2, 1, 1, 26),
(573, 38, 390, 3, 0, 1, 1, 26),
(574, 39, 520, 3, 1, 1, 0, 26),
(575, 40, 520, 3, 1, 1, 0, 26),
(576, 41, 0, 0, 0, 0, 0, 26),
(577, 42, 600, 3, 2, 1, 1, 26),
(578, 45, 700, 3, 2, 1, 0, 26),
(579, 605, 700, 3, 2, 1, 1, 26),
(580, 609, 840, 3, 3, 1, 1, 26),
(581, 611, 0, 0, 0, 0, 0, 26),
(582, 1, 800, 3, 2, 1, 0, 27),
(583, 2, 640, 3, 1, 2, 1, 27),
(584, 3, 480, 3, 0, 1, 0, 27),
(585, 4, 640, 3, 1, 2, 2, 27),
(586, 5, 800, 3, 2, 1, 1, 27),
(587, 6, 160, 1, 0, 1, 1, 27),
(588, 7, 640, 3, 1, 1, 1, 27),
(589, 8, 0, 0, 0, 0, 0, 27),
(590, 9, 600, 3, 1, 1, 0, 27),
(591, 10, 800, 3, 2, 1, 0, 27),
(592, 11, 800, 3, 2, 1, 1, 27),
(593, 12, 640, 3, 1, 1, 0, 27),
(594, 13, 0, 0, 0, 0, 0, 27),
(595, 14, 450, 3, 0, 1, 0, 27),
(596, 15, 750, 3, 2, 1, 1, 27),
(597, 16, 0, 0, 0, 0, 0, 27),
(598, 17, 560, 3, 1, 1, 0, 27),
(599, 18, 600, 3, 1, 1, 0, 27),
(600, 19, 840, 3, 3, 1, 0, 27),
(601, 20, 840, 3, 3, 1, 0, 27),
(602, 21, 700, 3, 2, 1, 1, 27),
(603, 22, 600, 3, 1, 1, 1, 27),
(604, 23, 0, 0, 0, 0, 0, 27),
(605, 25, 700, 3, 2, 1, 0, 27),
(606, 26, 560, 3, 1, 1, 0, 27),
(607, 27, 450, 3, 0, 1, 1, 27),
(608, 28, 0, 0, 0, 0, 0, 27),
(609, 29, 560, 3, 1, 1, 0, 27),
(610, 31, 560, 3, 1, 1, 0, 27),
(611, 32, 650, 3, 2, 1, 0, 27),
(612, 33, 0, 0, 0, 0, 0, 27),
(613, 34, 650, 3, 2, 1, 1, 27),
(614, 35, 0, 0, 0, 0, 0, 27),
(615, 36, 390, 3, 0, 2, 0, 27),
(616, 37, 520, 3, 1, 1, 1, 27),
(617, 38, 0, 0, 0, 0, 0, 27),
(618, 39, 520, 3, 1, 1, 1, 27),
(619, 40, 560, 3, 1, 1, 0, 27),
(620, 41, 240, 1, 1, 1, 1, 27),
(621, 42, 480, 3, 1, 1, 0, 27),
(622, 45, 420, 3, 0, 1, 1, 27),
(623, 605, 840, 3, 3, 1, 1, 27),
(624, 609, 560, 3, 1, 1, 1, 27),
(625, 611, 700, 3, 2, 0, 0, 27),
(626, 612, 450, 2, 1, 0, 0, 27),
(627, 1, 800, 3, 2, 1, 1, 28),
(628, 2, 640, 3, 1, 1, 1, 28),
(629, 3, 800, 3, 0, 1, 1, 28),
(630, 4, 800, 3, 1, 1, 1, 28),
(631, 5, 640, 3, 2, 1, 0, 28),
(632, 6, 640, 3, 3, 2, 1, 28),
(633, 7, 960, 3, 3, 1, 1, 28),
(634, 8, 0, 0, 0, 0, 0, 28),
(635, 9, 750, 3, 2, 1, 0, 28),
(636, 10, 800, 3, 2, 1, 1, 28),
(637, 11, 640, 3, 1, 1, 1, 28),
(638, 12, 640, 3, 1, 1, 1, 28),
(639, 13, 0, 0, 0, 0, 0, 28),
(640, 14, 450, 3, 0, 1, 1, 28),
(641, 15, 640, 3, 1, 1, 1, 28),
(642, 16, 300, 1, 1, 2, 1, 28),
(643, 17, 560, 3, 1, 1, 0, 28),
(644, 18, 600, 3, 1, 1, 0, 28),
(645, 19, 560, 3, 1, 1, 0, 28),
(646, 20, 700, 3, 2, 1, 0, 28),
(647, 21, 700, 3, 2, 1, 1, 28),
(648, 22, 580, 3, 1, 1, 0, 28),
(649, 23, 0, 0, 0, 0, 0, 28),
(650, 25, 700, 3, 2, 1, 0, 28),
(651, 26, 0, 0, 0, 0, 0, 28),
(652, 27, 750, 3, 2, 1, 1, 28),
(653, 28, 560, 3, 1, 1, 1, 28),
(654, 29, 840, 3, 3, 1, 0, 28),
(655, 31, 560, 3, 1, 1, 0, 28),
(656, 32, 520, 3, 1, 1, 1, 28),
(657, 33, 0, 0, 0, 0, 0, 28),
(658, 34, 650, 3, 2, 1, 1, 28),
(659, 35, 0, 0, 0, 0, 0, 28),
(660, 36, 520, 3, 1, 1, 0, 28),
(661, 37, 390, 2, 1, 1, 1, 28),
(662, 38, 0, 0, 0, 0, 0, 28),
(663, 39, 650, 3, 2, 1, 1, 28),
(664, 40, 840, 3, 3, 1, 1, 28),
(665, 41, 720, 3, 3, 1, 0, 28),
(666, 42, 650, 3, 2, 1, 0, 28),
(667, 45, 700, 3, 3, 1, 1, 28),
(668, 605, 0, 0, 0, 0, 0, 28),
(669, 609, 600, 3, 1, 1, 0, 28),
(670, 973, 800, 3, 3, 1, 1, 28),
(671, 1, 800, 3, 2, 1, 0, 29),
(672, 2, 640, 3, 1, 1, 0, 29),
(673, 3, 640, 3, 1, 1, 1, 29),
(674, 4, 480, 3, 0, 1, 1, 29),
(675, 5, 0, 0, 0, 0, 0, 29),
(676, 6, 640, 1, 0, 2, 0, 29),
(677, 7, 320, 1, 1, 2, 1, 29),
(678, 8, 800, 3, 3, 2, 1, 29),
(679, 9, 450, 3, 0, 1, 0, 29),
(680, 10, 480, 3, 1, 2, 1, 29),
(681, 11, 750, 3, 3, 0, 0, 29),
(682, 12, 800, 3, 2, 1, 1, 29),
(683, 13, 0, 0, 0, 0, 0, 29),
(684, 14, 600, 3, 1, 1, 0, 29),
(685, 15, 800, 3, 2, 1, 0, 29),
(686, 16, 750, 3, 2, 1, 0, 29),
(687, 17, 420, 3, 0, 1, 0, 29),
(688, 18, 150, 1, 1, 2, 0, 29),
(689, 19, 140, 1, 0, 1, 1, 29),
(690, 20, 700, 3, 2, 1, 0, 29),
(691, 21, 560, 3, 1, 1, 0, 29),
(692, 22, 700, 3, 3, 1, 0, 29),
(693, 23, 0, 0, 0, 0, 0, 29),
(694, 25, 0, 0, 0, 0, 0, 29),
(695, 26, 0, 0, 0, 0, 0, 29),
(696, 27, 600, 3, 2, 2, 1, 29),
(697, 28, 700, 3, 2, 1, 0, 29),
(698, 29, 700, 3, 2, 1, 1, 29),
(699, 31, 420, 3, 0, 1, 0, 29),
(700, 32, 130, 1, 0, 0, 0, 29),
(701, 33, 0, 0, 0, 0, 0, 29),
(702, 34, 390, 2, 1, 1, 1, 29),
(703, 35, 0, 0, 0, 0, 0, 29),
(704, 36, 650, 3, 2, 1, 1, 29),
(705, 37, 650, 3, 2, 1, 0, 29),
(706, 38, 0, 0, 0, 0, 0, 29),
(707, 39, 650, 3, 2, 2, 1, 29),
(708, 40, 700, 3, 2, 1, 0, 29),
(709, 41, 120, 1, 0, 1, 0, 29),
(710, 42, 600, 3, 2, 1, 0, 29),
(711, 45, 0, 0, 0, 0, 0, 29),
(712, 605, 560, 3, 1, 1, 1, 29),
(713, 609, 960, 1, 1, 1, 1, 29),
(714, 973, 0, 0, 0, 0, 0, 29),
(715, 1, 640, 3, 1, 1, 1, 30),
(716, 2, 800, 3, 2, 1, 0, 30),
(717, 3, 800, 3, 2, 2, 1, 30),
(718, 4, 480, 3, 0, 1, 1, 30),
(719, 5, 640, 3, 1, 1, 1, 30),
(720, 6, 640, 3, 1, 1, 0, 30),
(721, 7, 640, 3, 1, 1, 0, 30),
(722, 8, 640, 3, 1, 1, 0, 30),
(723, 9, 800, 3, 2, 1, 0, 30),
(724, 10, 640, 3, 1, 1, 1, 30),
(725, 11, 800, 3, 2, 1, 1, 30),
(726, 12, 800, 3, 2, 1, 1, 30),
(727, 13, 0, 0, 0, 0, 0, 30),
(728, 14, 600, 3, 1, 1, 0, 30),
(729, 15, 800, 3, 2, 2, 2, 30),
(730, 16, 450, 3, 0, 1, 0, 30),
(731, 17, 560, 3, 1, 1, 0, 30),
(732, 18, 450, 1, 0, 1, 1, 30),
(733, 19, 450, 3, 0, 1, 0, 30),
(734, 20, 750, 3, 2, 1, 1, 30),
(735, 21, 700, 3, 2, 1, 1, 30),
(736, 22, 840, 3, 3, 1, 0, 30),
(737, 23, 0, 0, 0, 0, 0, 30),
(738, 25, 0, 0, 0, 0, 0, 30),
(739, 26, 420, 2, 1, 1, 1, 30),
(740, 27, 700, 3, 2, 1, 1, 30),
(741, 28, 700, 3, 2, 1, 1, 30),
(742, 29, 700, 3, 2, 1, 1, 30),
(743, 31, 560, 3, 1, 1, 0, 30),
(744, 32, 0, 0, 0, 0, 0, 30),
(745, 33, 280, 1, 1, 1, 0, 30),
(746, 34, 780, 3, 3, 1, 0, 30),
(747, 35, 0, 0, 0, 0, 0, 30),
(748, 36, 520, 3, 1, 1, 1, 30),
(749, 37, 780, 3, 3, 2, 1, 30),
(750, 38, 0, 0, 0, 0, 0, 30),
(751, 39, 520, 3, 1, 1, 0, 30),
(752, 40, 700, 3, 2, 1, 0, 30),
(753, 41, 360, 3, 0, 0, 0, 30),
(754, 42, 600, 3, 2, 1, 0, 30),
(755, 45, 700, 3, 2, 1, 0, 30),
(756, 605, 560, 3, 1, 1, 1, 30),
(757, 609, 640, 3, 1, 1, 0, 30),
(758, 973, 0, 0, 0, 0, 0, 30),
(759, 975, 0, 0, 0, 0, 0, 30),
(760, 976, 560, 3, 1, 1, 1, 30),
(761, 1, 800, 3, 2, 1, 0, 31),
(762, 2, 800, 3, 2, 1, 0, 31),
(763, 3, 960, 3, 3, 1, 1, 31),
(764, 4, 640, 3, 1, 1, 1, 31),
(765, 5, 320, 1, 1, 1, 1, 31),
(766, 6, 480, 2, 1, 1, 0, 31),
(767, 7, 800, 3, 2, 1, 1, 31),
(768, 8, 800, 3, 2, 1, 1, 31),
(769, 9, 800, 3, 2, 1, 1, 31),
(770, 10, 640, 3, 1, 1, 1, 31),
(771, 11, 800, 3, 2, 1, 1, 31),
(772, 12, 640, 3, 1, 1, 1, 31),
(773, 13, 0, 0, 0, 0, 0, 31),
(774, 14, 800, 3, 2, 1, 0, 31),
(775, 15, 640, 3, 1, 1, 1, 31),
(776, 16, 450, 3, 0, 0, 0, 31),
(777, 17, 750, 3, 2, 1, 0, 31),
(778, 18, 600, 3, 1, 1, 0, 31),
(779, 19, 840, 3, 3, 1, 1, 31),
(780, 20, 450, 3, 0, 1, 1, 31),
(781, 21, 700, 3, 2, 1, 0, 31),
(782, 22, 0, 0, 0, 0, 0, 31),
(783, 23, 0, 0, 0, 0, 0, 31),
(784, 25, 700, 3, 2, 1, 0, 31),
(785, 26, 0, 0, 0, 0, 0, 31),
(786, 27, 840, 3, 3, 1, 1, 31),
(787, 28, 560, 3, 1, 1, 1, 31),
(788, 29, 420, 3, 0, 1, 1, 31),
(789, 31, 700, 3, 2, 1, 0, 31),
(790, 32, 0, 0, 0, 0, 0, 31),
(791, 33, 0, 0, 0, 0, 0, 31),
(792, 34, 520, 3, 1, 1, 0, 31),
(793, 35, 0, 0, 0, 0, 0, 31),
(794, 36, 560, 3, 1, 1, 1, 31),
(795, 37, 700, 3, 2, 1, 0, 31),
(796, 38, 0, 0, 0, 0, 0, 31),
(797, 39, 520, 3, 1, 1, 0, 31),
(798, 40, 420, 3, 0, 1, 1, 31),
(799, 41, 0, 0, 0, 0, 0, 31),
(800, 42, 600, 3, 2, 1, 1, 31),
(801, 45, 750, 3, 2, 1, 0, 31),
(802, 605, 0, 0, 0, 0, 0, 31),
(803, 609, 900, 3, 3, 1, 0, 31),
(804, 973, 800, 3, 2, 1, 1, 31),
(805, 975, 0, 0, 0, 0, 0, 31),
(806, 976, 840, 3, 3, 1, 0, 31),
(807, 977, 840, 3, 3, 1, 0, 31),
(808, 1, 800, 3, 2, 1, 0, 32),
(809, 2, 640, 3, 1, 1, 0, 32),
(810, 3, 960, 3, 3, 1, 0, 32),
(811, 4, 800, 3, 2, 1, 0, 32),
(812, 5, 480, 3, 0, 1, 0, 32),
(813, 6, 800, 3, 2, 1, 0, 32),
(814, 7, 480, 3, 0, 1, 0, 32),
(815, 8, 640, 3, 1, 1, 0, 32),
(816, 9, 640, 3, 1, 1, 0, 32),
(817, 10, 640, 3, 1, 1, 0, 32),
(818, 11, 800, 3, 2, 1, 0, 32),
(819, 12, 0, 0, 0, 0, 0, 32),
(820, 13, 0, 0, 0, 0, 0, 32),
(821, 14, 640, 3, 1, 1, 0, 32),
(822, 15, 800, 3, 2, 1, 1, 32),
(823, 16, 0, 0, 0, 0, 0, 32),
(824, 17, 750, 3, 2, 1, 0, 32),
(825, 18, 750, 3, 2, 1, 0, 32),
(826, 19, 560, 3, 1, 2, 2, 32),
(827, 20, 750, 3, 2, 1, 1, 32),
(828, 21, 840, 3, 3, 1, 1, 32),
(829, 22, 700, 3, 2, 1, 0, 32),
(830, 25, 560, 3, 1, 1, 0, 32),
(831, 26, 560, 3, 1, 1, 0, 32),
(832, 27, 840, 3, 3, 1, 0, 32),
(833, 28, 700, 3, 2, 1, 1, 32),
(834, 29, 600, 3, 1, 1, 0, 32),
(835, 31, 700, 3, 2, 1, 1, 32),
(836, 32, 520, 3, 1, 1, 1, 32),
(837, 33, 0, 0, 0, 0, 0, 32),
(838, 34, 650, 3, 2, 1, 1, 32),
(839, 35, 0, 0, 0, 0, 0, 32),
(840, 36, 700, 3, 2, 0, 0, 32),
(841, 37, 0, 0, 0, 0, 0, 32),
(842, 38, 0, 0, 0, 0, 0, 32),
(843, 39, 260, 2, 0, 1, 0, 32),
(844, 40, 560, 3, 1, 1, 1, 32),
(845, 41, 0, 0, 0, 0, 0, 32),
(846, 42, 480, 3, 1, 1, 0, 32),
(847, 45, 0, 0, 0, 0, 0, 32),
(848, 605, 0, 0, 0, 0, 0, 32),
(849, 609, 800, 3, 2, 1, 1, 32),
(850, 973, 0, 0, 0, 0, 0, 32),
(851, 975, 0, 0, 0, 0, 0, 32),
(852, 976, 700, 3, 2, 1, 0, 32),
(853, 977, 560, 3, 1, 1, 1, 32),
(854, 978, 420, 3, 0, 1, 0, 32),
(855, 1, 640, 3, 1, 1, 1, 33),
(856, 2, 640, 3, 1, 1, 1, 33),
(857, 3, 480, 3, 0, 1, 0, 33),
(858, 4, 800, 3, 2, 1, 1, 33),
(859, 5, 960, 3, 3, 1, 0, 33),
(860, 6, 160, 1, 0, 1, 0, 33),
(861, 7, 960, 3, 3, 1, 0, 33),
(862, 8, 640, 3, 1, 1, 0, 33),
(863, 9, 480, 3, 0, 1, 0, 33),
(864, 10, 800, 3, 2, 1, 0, 33),
(865, 11, 640, 3, 1, 1, 0, 33),
(866, 12, 800, 3, 2, 1, 1, 33),
(867, 13, 0, 0, 0, 0, 0, 33),
(868, 14, 480, 3, 0, 1, 1, 33),
(869, 15, 800, 3, 2, 1, 0, 33),
(870, 16, 450, 3, 0, 1, 1, 33),
(871, 17, 600, 3, 1, 1, 1, 33),
(872, 18, 450, 3, 0, 1, 0, 33),
(873, 19, 900, 3, 3, 0, 0, 33),
(874, 20, 150, 1, 0, 1, 0, 33),
(875, 21, 700, 3, 2, 1, 1, 33),
(876, 22, 560, 3, 1, 1, 0, 33),
(877, 25, 560, 3, 1, 1, 0, 33),
(878, 26, 700, 3, 2, 1, 0, 33),
(879, 27, 450, 3, 0, 1, 1, 33),
(880, 28, 750, 3, 2, 1, 0, 33),
(881, 29, 750, 3, 2, 1, 1, 33),
(882, 31, 0, 0, 0, 0, 0, 33),
(883, 32, 840, 3, 3, 1, 0, 33),
(884, 33, 0, 0, 0, 0, 0, 33),
(885, 34, 650, 3, 2, 1, 0, 33),
(886, 35, 0, 0, 0, 0, 0, 33),
(887, 36, 0, 0, 0, 0, 0, 33),
(888, 37, 700, 3, 2, 1, 0, 33),
(889, 38, 0, 0, 0, 0, 0, 33),
(890, 39, 650, 3, 2, 1, 1, 33),
(891, 40, 700, 3, 2, 1, 1, 33),
(892, 41, 480, 3, 1, 0, 0, 33),
(893, 42, 520, 3, 1, 1, 0, 33),
(894, 45, 600, 3, 1, 1, 0, 33),
(895, 605, 750, 3, 2, 1, 0, 33),
(896, 609, 800, 3, 2, 1, 1, 33),
(897, 973, 480, 3, 0, 1, 0, 33),
(898, 976, 560, 3, 1, 1, 1, 33),
(899, 977, 420, 3, 0, 1, 1, 33),
(900, 978, 0, 0, 0, 0, 0, 33),
(901, 1, 800, 3, 2, 1, 1, 34),
(902, 2, 480, 3, 0, 1, 0, 34),
(903, 3, 800, 3, 2, 1, 1, 34),
(904, 4, 800, 3, 2, 1, 1, 34),
(905, 5, 800, 3, 2, 1, 0, 34),
(906, 6, 960, 3, 3, 1, 0, 34),
(907, 7, 480, 3, 0, 1, 0, 34),
(908, 8, 960, 3, 3, 1, 1, 34),
(909, 9, 800, 3, 2, 1, 1, 34),
(910, 10, 640, 3, 1, 0, 0, 34),
(911, 11, 640, 3, 1, 1, 0, 34),
(912, 12, 800, 3, 2, 1, 0, 34),
(913, 13, 0, 0, 0, 0, 0, 34),
(914, 14, 640, 3, 1, 1, 1, 34),
(915, 15, 800, 3, 2, 1, 0, 34),
(916, 16, 800, 3, 2, 1, 1, 34),
(917, 17, 450, 3, 0, 1, 0, 34),
(918, 18, 600, 3, 1, 1, 0, 34),
(919, 19, 480, 3, 0, 1, 0, 34),
(920, 20, 750, 3, 2, 0, 0, 34),
(921, 21, 600, 3, 1, 1, 0, 34),
(922, 22, 600, 3, 1, 1, 0, 34),
(923, 25, 0, 0, 0, 0, 0, 34),
(924, 26, 280, 1, 1, 1, 1, 34),
(925, 27, 750, 3, 2, 1, 1, 34),
(926, 28, 600, 3, 1, 1, 1, 34),
(927, 29, 750, 3, 2, 1, 0, 34),
(928, 31, 0, 0, 0, 0, 0, 34),
(929, 32, 560, 3, 1, 1, 1, 34),
(930, 33, 0, 0, 0, 0, 0, 34),
(931, 34, 650, 3, 2, 1, 0, 34),
(932, 35, 0, 0, 0, 0, 0, 34),
(933, 36, 0, 0, 0, 0, 0, 34),
(934, 37, 560, 3, 1, 1, 0, 34),
(935, 38, 0, 0, 0, 0, 0, 34),
(936, 39, 650, 3, 2, 1, 0, 34),
(937, 40, 700, 3, 2, 1, 0, 34),
(938, 41, 0, 0, 0, 0, 0, 34),
(939, 42, 650, 3, 2, 1, 1, 34),
(940, 45, 560, 3, 1, 1, 0, 34),
(941, 605, 750, 3, 2, 1, 1, 34),
(942, 609, 600, 3, 1, 1, 0, 34),
(943, 973, 640, 3, 1, 1, 0, 34),
(944, 976, 0, 0, 0, 0, 0, 34),
(945, 977, 520, 3, 1, 1, 0, 34),
(946, 978, 0, 0, 0, 0, 0, 34),
(947, 979, 700, 3, 2, 1, 0, 34),
(948, 980, 0, 0, 0, 0, 0, 34),
(949, 981, 0, 0, 0, 0, 0, 34),
(950, 982, 0, 0, 0, 0, 0, 34),
(951, 983, 0, 0, 0, 0, 0, 34),
(952, 1, 800, 3, 2, 1, 1, 35),
(953, 2, 160, 1, 0, 1, 0, 35),
(954, 3, 800, 3, 2, 1, 1, 35),
(955, 4, 800, 3, 2, 1, 0, 35),
(956, 5, 640, 3, 1, 1, 0, 35),
(957, 6, 480, 3, 0, 1, 0, 35),
(958, 7, 640, 3, 1, 1, 0, 35),
(959, 8, 800, 3, 2, 1, 1, 35),
(960, 9, 640, 3, 1, 1, 0, 35),
(961, 10, 640, 3, 1, 1, 1, 35),
(962, 11, 640, 3, 1, 1, 1, 35),
(963, 12, 640, 3, 1, 1, 1, 35),
(964, 13, 0, 0, 0, 0, 0, 35),
(965, 14, 480, 3, 0, 1, 0, 35),
(966, 15, 640, 3, 1, 1, 1, 35),
(967, 16, 450, 3, 0, 1, 0, 35),
(968, 17, 600, 3, 1, 1, 0, 35),
(969, 18, 150, 1, 0, 1, 0, 35),
(970, 19, 0, 0, 0, 0, 0, 35),
(971, 20, 750, 3, 2, 1, 1, 35),
(972, 21, 800, 3, 2, 2, 0, 35),
(973, 22, 450, 3, 0, 2, 1, 35),
(974, 26, 0, 0, 0, 0, 0, 35),
(975, 27, 750, 3, 2, 1, 0, 35),
(976, 28, 750, 3, 2, 1, 0, 35),
(977, 29, 750, 3, 2, 1, 0, 35),
(978, 31, 0, 0, 0, 0, 0, 35),
(979, 32, 560, 3, 1, 1, 1, 35),
(980, 33, 0, 0, 0, 0, 0, 35),
(981, 34, 520, 3, 1, 1, 1, 35),
(982, 35, 280, 1, 1, 0, 0, 35),
(983, 36, 0, 0, 0, 0, 0, 35),
(984, 37, 700, 3, 2, 1, 1, 35),
(985, 38, 0, 0, 0, 0, 0, 35),
(986, 39, 520, 3, 1, 1, 1, 35),
(987, 40, 700, 3, 2, 1, 1, 35),
(988, 42, 390, 3, 0, 1, 1, 35),
(989, 45, 0, 0, 0, 0, 0, 35),
(990, 605, 750, 3, 2, 0, 0, 35),
(991, 609, 0, 0, 0, 0, 0, 35),
(992, 973, 800, 3, 2, 1, 1, 35),
(993, 976, 280, 3, 0, 1, 0, 35),
(994, 977, 650, 3, 2, 1, 0, 35),
(995, 978, 0, 0, 0, 0, 0, 35),
(996, 979, 700, 3, 2, 1, 1, 35),
(997, 980, 560, 3, 1, 1, 1, 35),
(998, 981, 0, 0, 0, 0, 0, 35),
(999, 982, 0, 0, 0, 0, 0, 35),
(1000, 983, 700, 3, 2, 1, 0, 35),
(1001, 984, 840, 3, 3, 1, 1, 35),
(1002, 985, 0, 0, 0, 0, 0, 35),
(1253, 1, 800, 3, 2, 1, 1, 36),
(1254, 2, 800, 3, 2, 1, 0, 36),
(1255, 3, 800, 3, 2, 1, 1, 36),
(1256, 4, 480, 3, 0, 1, 1, 36),
(1257, 5, 800, 3, 2, 1, 0, 36),
(1258, 6, 160, 1, 0, 1, 0, 36),
(1259, 7, 960, 3, 3, 1, 0, 36),
(1260, 8, 800, 3, 2, 1, 0, 36),
(1261, 9, 640, 3, 1, 1, 1, 36),
(1262, 10, 960, 3, 3, 1, 0, 36),
(1263, 11, 800, 3, 2, 1, 1, 36),
(1264, 12, 640, 3, 1, 1, 1, 36),
(1265, 14, 800, 3, 2, 1, 1, 36),
(1266, 15, 480, 3, 0, 1, 1, 36),
(1267, 16, 900, 3, 3, 1, 1, 36),
(1268, 17, 750, 3, 2, 1, 0, 36),
(1269, 18, 900, 3, 3, 1, 1, 36),
(1270, 19, 450, 3, 0, 1, 1, 36),
(1271, 20, 750, 3, 2, 1, 0, 36),
(1272, 21, 960, 3, 3, 1, 1, 36),
(1273, 22, 750, 3, 2, 1, 0, 36),
(1274, 26, 0, 0, 0, 0, 0, 36),
(1275, 27, 750, 3, 2, 1, 0, 36),
(1276, 28, 600, 3, 1, 1, 1, 36),
(1277, 29, 560, 3, 1, 1, 0, 36),
(1278, 31, 0, 0, 0, 0, 0, 36),
(1279, 32, 560, 3, 1, 1, 0, 36),
(1280, 33, 0, 0, 0, 0, 0, 36),
(1281, 34, 260, 2, 0, 1, 1, 36),
(1282, 35, 0, 0, 0, 0, 0, 36),
(1283, 36, 0, 0, 0, 0, 0, 36),
(1284, 37, 560, 3, 1, 1, 0, 36),
(1285, 38, 0, 0, 0, 0, 0, 36),
(1286, 39, 520, 3, 1, 1, 1, 36),
(1287, 40, 560, 3, 1, 1, 1, 36),
(1288, 42, 390, 3, 0, 1, 0, 36),
(1289, 45, 0, 0, 0, 0, 0, 36),
(1290, 605, 750, 3, 2, 1, 1, 36),
(1291, 609, 0, 0, 0, 0, 0, 36),
(1292, 973, 800, 3, 2, 1, 0, 36),
(1293, 976, 360, 3, 1, 1, 0, 36),
(1294, 977, 560, 3, 1, 1, 0, 36),
(1295, 978, 560, 3, 1, 0, 0, 36),
(1296, 979, 700, 3, 2, 1, 0, 36),
(1297, 980, 280, 1, 1, 1, 1, 36),
(1298, 981, 0, 0, 0, 0, 0, 36),
(1299, 982, 0, 0, 0, 0, 0, 36),
(1300, 983, 560, 3, 1, 1, 0, 36),
(1301, 984, 900, 3, 3, 0, 0, 36),
(1302, 985, 0, 0, 0, 0, 0, 36),
(1303, 1, 640, 3, 1, 1, 0, 37),
(1304, 2, 480, 3, 0, 1, 0, 37),
(1305, 3, 640, 3, 1, 1, 1, 37),
(1306, 4, 800, 3, 2, 1, 1, 37),
(1307, 5, 0, 0, 0, 0, 0, 37),
(1308, 6, 800, 3, 2, 1, 0, 37),
(1309, 7, 640, 3, 1, 1, 1, 37),
(1310, 8, 640, 3, 1, 1, 1, 37),
(1311, 9, 800, 3, 2, 1, 0, 37),
(1312, 10, 800, 3, 2, 1, 1, 37),
(1313, 11, 600, 3, 1, 1, 0, 37),
(1314, 12, 800, 3, 2, 1, 0, 37),
(1315, 14, 800, 3, 2, 1, 1, 37),
(1316, 15, 800, 3, 2, 1, 0, 37),
(1317, 16, 150, 1, 0, 1, 0, 37),
(1318, 17, 750, 3, 2, 1, 0, 37),
(1319, 18, 600, 3, 1, 2, 0, 37),
(1320, 19, 420, 3, 0, 1, 1, 37),
(1321, 20, 150, 1, 0, 1, 0, 37),
(1322, 21, 640, 3, 1, 1, 0, 37),
(1323, 22, 750, 3, 2, 1, 0, 37),
(1324, 26, 600, 3, 1, 1, 1, 37),
(1325, 27, 600, 3, 1, 1, 1, 37),
(1326, 28, 600, 3, 1, 0, 0, 37),
(1327, 29, 600, 3, 1, 1, 0, 37),
(1328, 31, 0, 0, 0, 0, 0, 37),
(1329, 32, 840, 3, 3, 1, 0, 37),
(1330, 33, 0, 0, 0, 0, 0, 37),
(1331, 34, 260, 1, 1, 1, 0, 37),
(1332, 36, 0, 0, 0, 0, 0, 37),
(1333, 37, 700, 3, 2, 1, 0, 37),
(1334, 38, 0, 0, 0, 0, 0, 37),
(1335, 39, 520, 3, 1, 1, 0, 37),
(1336, 40, 560, 3, 1, 1, 0, 37),
(1337, 42, 780, 3, 3, 1, 0, 37),
(1338, 45, 0, 0, 0, 0, 0, 37),
(1339, 605, 600, 3, 1, 2, 1, 37),
(1340, 609, 900, 3, 3, 1, 0, 37),
(1341, 973, 800, 3, 2, 2, 0, 37),
(1342, 976, 100, 1, 0, 1, 0, 37),
(1343, 977, 840, 3, 3, 1, 1, 37),
(1344, 978, 700, 3, 2, 0, 0, 37),
(1345, 979, 390, 2, 1, 1, 1, 37),
(1346, 980, 560, 3, 1, 1, 1, 37),
(1347, 981, 540, 3, 3, 1, 0, 37),
(1348, 982, 0, 0, 0, 0, 0, 37),
(1349, 983, 700, 3, 2, 1, 0, 37),
(1350, 985, 0, 0, 0, 0, 0, 37),
(1351, 987, 0, 0, 0, 0, 0, 37),
(1352, 1, 800, 3, 2, 1, 1, 38),
(1353, 2, 960, 3, 3, 1, 0, 38),
(1354, 3, 800, 3, 2, 1, 1, 38),
(1355, 4, 640, 3, 1, 1, 1, 38),
(1356, 5, 800, 3, 2, 0, 0, 38),
(1357, 6, 480, 3, 0, 1, 0, 38),
(1358, 7, 800, 3, 2, 1, 0, 38),
(1359, 8, 640, 3, 1, 1, 0, 38),
(1360, 9, 640, 3, 1, 1, 1, 38),
(1361, 10, 480, 3, 0, 1, 1, 38),
(1362, 11, 0, 0, 0, 0, 0, 38),
(1363, 12, 960, 3, 3, 1, 1, 38),
(1364, 14, 480, 3, 0, 2, 1, 38),
(1365, 15, 960, 3, 3, 2, 2, 38),
(1366, 16, 480, 3, 0, 1, 0, 38),
(1367, 17, 640, 3, 1, 1, 1, 38),
(1368, 18, 300, 0, 0, 0, 0, 38),
(1369, 19, 750, 3, 2, 1, 0, 38),
(1370, 20, 0, 0, 0, 0, 0, 38),
(1371, 21, 640, 3, 1, 1, 0, 38),
(1372, 22, 600, 3, 1, 1, 0, 38),
(1373, 26, 0, 0, 0, 0, 0, 38),
(1374, 27, 750, 3, 2, 1, 1, 38),
(1375, 28, 0, 0, 0, 0, 0, 38),
(1376, 29, 450, 3, 0, 1, 1, 38),
(1377, 31, 0, 0, 0, 0, 0, 38),
(1378, 32, 840, 3, 3, 1, 1, 38),
(1379, 33, 0, 0, 0, 0, 0, 38),
(1380, 34, 260, 0, 0, 1, 1, 38),
(1381, 36, 0, 0, 0, 0, 0, 38),
(1382, 37, 700, 3, 1, 1, 0, 38),
(1383, 38, 0, 0, 0, 0, 0, 38),
(1384, 39, 780, 3, 2, 1, 0, 38),
(1385, 40, 420, 3, 0, 1, 1, 38),
(1386, 42, 780, 3, 2, 1, 1, 38),
(1387, 45, 0, 0, 0, 0, 0, 38),
(1388, 605, 420, 3, 0, 1, 1, 38),
(1389, 609, 0, 0, 0, 0, 0, 38),
(1390, 973, 960, 3, 3, 1, 1, 38),
(1391, 976, 300, 0, 0, 1, 0, 38),
(1392, 977, 700, 1, 0, 1, 1, 38),
(1393, 978, 0, 0, 0, 0, 0, 38),
(1394, 979, 0, 0, 0, 0, 0, 38),
(1395, 980, 840, 3, 3, 2, 1, 38),
(1396, 981, 0, 0, 0, 0, 0, 38),
(1397, 982, 0, 0, 0, 0, 0, 38),
(1398, 983, 420, 3, 0, 1, 0, 38),
(1399, 985, 0, 0, 0, 0, 0, 38),
(1400, 987, 700, 3, 1, 2, 0, 38),
(1401, 988, 560, 3, 1, 1, 1, 38),
(1402, 1, 0, 0, 0, 0, 0, 39),
(1403, 2, 480, 3, 0, 1, 1, 39),
(1404, 3, 640, 3, 1, 1, 1, 39),
(1405, 4, 480, 3, 0, 1, 1, 39),
(1406, 5, 0, 0, 0, 0, 0, 39),
(1407, 6, 800, 3, 2, 1, 0, 39),
(1408, 7, 800, 3, 2, 0, 0, 39),
(1409, 8, 0, 0, 0, 0, 0, 39),
(1410, 9, 960, 3, 3, 1, 1, 39),
(1411, 10, 960, 3, 3, 1, 1, 39),
(1412, 11, 0, 0, 0, 0, 0, 39),
(1413, 12, 640, 3, 1, 1, 1, 39),
(1414, 14, 800, 3, 2, 1, 0, 39),
(1415, 15, 640, 3, 1, 1, 1, 39),
(1416, 16, 640, 3, 1, 1, 1, 39),
(1417, 17, 750, 3, 2, 1, 1, 39),
(1418, 18, 0, 0, 0, 0, 0, 39),
(1419, 19, 900, 3, 3, 1, 0, 39),
(1420, 20, 600, 3, 1, 1, 1, 39),
(1421, 21, 800, 3, 2, 2, 2, 39),
(1422, 22, 750, 3, 2, 1, 0, 39),
(1423, 26, 0, 0, 0, 0, 0, 39),
(1424, 27, 600, 3, 1, 1, 1, 39),
(1425, 28, 0, 0, 0, 0, 0, 39),
(1426, 29, 450, 3, 0, 1, 0, 39),
(1427, 31, 0, 0, 0, 0, 0, 39),
(1428, 32, 840, 3, 3, 1, 0, 39),
(1429, 33, 0, 0, 0, 0, 0, 39),
(1430, 34, 650, 1, 0, 2, 0, 39),
(1431, 36, 0, 0, 0, 0, 0, 39),
(1432, 37, 560, 3, 1, 1, 0, 39),
(1433, 38, 0, 0, 0, 0, 0, 39),
(1434, 39, 0, 0, 0, 0, 0, 39),
(1435, 40, 420, 3, 0, 1, 0, 39),
(1436, 42, 390, 3, 0, 2, 2, 39),
(1437, 45, 900, 3, 3, 2, 1, 39),
(1438, 605, 0, 0, 0, 0, 0, 39),
(1439, 609, 0, 0, 0, 0, 0, 39),
(1440, 973, 800, 3, 2, 1, 0, 39),
(1441, 976, 440, 3, 1, 1, 1, 39),
(1442, 977, 560, 3, 1, 1, 0, 39),
(1443, 978, 0, 0, 0, 0, 0, 39),
(1444, 979, 520, 3, 1, 1, 0, 39),
(1445, 980, 560, 1, 1, 1, 0, 39),
(1446, 981, 360, 3, 1, 1, 0, 39),
(1447, 982, 0, 0, 0, 0, 0, 39),
(1448, 983, 700, 3, 2, 1, 0, 39),
(1449, 985, 0, 0, 0, 0, 0, 39),
(1450, 987, 560, 3, 1, 1, 1, 39),
(1451, 988, 420, 3, 0, 1, 0, 39),
(1452, 1, 640, 3, 2, 1, 0, 40),
(1453, 2, 640, 3, 2, 1, 1, 40),
(1454, 3, 800, 3, 2, 1, 1, 40),
(1455, 4, 800, 3, 2, 1, 1, 40),
(1456, 5, 0, 0, 0, 0, 0, 40),
(1457, 6, 640, 3, 2, 2, 0, 40),
(1458, 7, 640, 3, 2, 1, 0, 40),
(1459, 8, 800, 3, 2, 2, 1, 40),
(1460, 9, 800, 3, 2, 1, 1, 40),
(1461, 10, 600, 3, 2, 1, 1, 40),
(1462, 11, 0, 0, 0, 0, 0, 40),
(1463, 12, 640, 3, 2, 1, 1, 40),
(1464, 14, 960, 3, 3, 1, 0, 40),
(1465, 15, 450, 3, 1, 1, 1, 40),
(1466, 16, 800, 3, 2, 2, 2, 40),
(1467, 17, 900, 3, 3, 1, 1, 40),
(1468, 18, 0, 0, 0, 0, 0, 40),
(1469, 19, 920, 3, 3, 1, 1, 40),
(1470, 20, 600, 3, 2, 1, 1, 40),
(1471, 21, 480, 3, 1, 1, 0, 40),
(1472, 22, 600, 3, 2, 1, 0, 40),
(1473, 26, 0, 0, 0, 0, 0, 40),
(1474, 27, 800, 3, 2, 1, 0, 40),
(1475, 28, 900, 3, 3, 1, 1, 40),
(1476, 29, 710, 3, 1, 1, 0, 40),
(1477, 31, 280, 1, 1, 1, 1, 40),
(1478, 32, 0, 0, 0, 0, 0, 40),
(1479, 33, 0, 0, 0, 0, 0, 40),
(1480, 34, 390, 3, 1, 2, 0, 40),
(1481, 36, 560, 3, 0, 2, 0, 40),
(1482, 37, 700, 3, 2, 1, 0, 40),
(1483, 38, 0, 0, 0, 0, 0, 40),
(1484, 39, 390, 3, 1, 1, 0, 40),
(1485, 40, 700, 3, 1, 2, 2, 40),
(1486, 42, 650, 3, 2, 1, 0, 40),
(1487, 45, 640, 3, 2, 2, 1, 40),
(1488, 605, 700, 3, 1, 1, 1, 40),
(1489, 609, 0, 0, 0, 0, 0, 40),
(1490, 973, 160, 1, 0, 1, 0, 40),
(1491, 976, 0, 0, 0, 0, 0, 40),
(1492, 977, 700, 3, 1, 1, 1, 40),
(1493, 978, 0, 0, 0, 0, 0, 40),
(1494, 979, 0, 0, 0, 0, 0, 40),
(1495, 980, 700, 3, 1, 1, 0, 40),
(1496, 981, 500, 3, 2, 1, 1, 40),
(1497, 982, 0, 0, 0, 0, 0, 40),
(1498, 983, 700, 3, 1, 0, 0, 40),
(1499, 985, 0, 0, 0, 0, 0, 40),
(1500, 987, 700, 3, 1, 0, 0, 40),
(1501, 988, 420, 3, 1, 1, 1, 40),
(1502, 989, 0, 0, 0, 0, 0, 40),
(1503, 1, 800, 3, 2, 1, 1, 41),
(1504, 2, 800, 3, 2, 1, 1, 41),
(1505, 3, 800, 3, 2, 1, 0, 41),
(1506, 4, 800, 3, 2, 1, 1, 41),
(1507, 5, 0, 0, 0, 0, 0, 41),
(1508, 6, 800, 3, 2, 2, 2, 41),
(1509, 7, 800, 3, 2, 1, 0, 41),
(1510, 8, 960, 3, 3, 2, 1, 41),
(1511, 9, 640, 3, 1, 1, 0, 41),
(1512, 10, 600, 3, 1, 1, 0, 41),
(1513, 11, 0, 0, 0, 0, 0, 41),
(1514, 12, 800, 3, 2, 1, 0, 41),
(1515, 14, 640, 3, 1, 1, 0, 41),
(1516, 15, 640, 3, 1, 2, 2, 41),
(1517, 16, 480, 1, 0, 1, 1, 41),
(1518, 17, 900, 3, 3, 1, 0, 41),
(1519, 18, 0, 0, 0, 0, 0, 41),
(1520, 19, 600, 3, 1, 1, 1, 41),
(1521, 20, 600, 3, 1, 1, 0, 41),
(1522, 21, 800, 3, 2, 1, 1, 41),
(1523, 22, 750, 3, 2, 1, 0, 41),
(1524, 26, 0, 0, 0, 0, 0, 41),
(1525, 27, 800, 3, 2, 2, 0, 41),
(1526, 28, 150, 1, 0, 1, 1, 41),
(1527, 29, 600, 3, 1, 1, 1, 41),
(1528, 31, 700, 3, 2, 1, 0, 41),
(1529, 32, 450, 3, 0, 1, 1, 41),
(1530, 33, 0, 0, 0, 0, 0, 41),
(1531, 34, 650, 3, 2, 0, 0, 41),
(1532, 36, 700, 3, 2, 1, 0, 41),
(1533, 38, 0, 0, 0, 0, 0, 41),
(1534, 39, 650, 3, 2, 1, 1, 41),
(1535, 40, 560, 3, 1, 2, 2, 41),
(1536, 42, 520, 3, 1, 1, 1, 41),
(1537, 45, 600, 3, 1, 2, 0, 41),
(1538, 605, 750, 3, 2, 1, 0, 41),
(1539, 609, 0, 0, 0, 0, 0, 41),
(1540, 973, 0, 0, 0, 0, 0, 41),
(1541, 977, 600, 3, 1, 1, 1, 41),
(1542, 979, 560, 3, 1, 1, 0, 41),
(1543, 980, 700, 3, 2, 2, 1, 41),
(1544, 983, 0, 0, 0, 0, 0, 41),
(1545, 987, 560, 3, 1, 1, 0, 41),
(1546, 988, 140, 1, 0, 1, 0, 41),
(1547, 989, 0, 0, 0, 0, 0, 41),
(1548, 1, 640, 3, 1, 1, 0, 42),
(1549, 2, 480, 3, 0, 1, 1, 42),
(1550, 3, 800, 3, 2, 1, 1, 42),
(1551, 4, 960, 3, 3, 1, 1, 42),
(1552, 5, 0, 0, 0, 0, 0, 42),
(1553, 6, 640, 2, 0, 1, 0, 42),
(1554, 7, 640, 3, 1, 1, 0, 42),
(1555, 8, 640, 3, 1, 1, 0, 42),
(1556, 9, 640, 3, 1, 1, 0, 42),
(1557, 10, 800, 3, 2, 1, 1, 42),
(1558, 11, 0, 0, 0, 0, 0, 42),
(1559, 12, 640, 3, 1, 1, 0, 42),
(1560, 14, 800, 3, 2, 1, 1, 42),
(1561, 15, 640, 3, 1, 1, 1, 42),
(1562, 16, 480, 3, 0, 1, 0, 42),
(1563, 17, 600, 3, 1, 1, 0, 42),
(1564, 18, 0, 0, 0, 0, 0, 42),
(1565, 19, 800, 3, 2, 1, 0, 42),
(1566, 20, 700, 3, 2, 1, 0, 42),
(1567, 21, 640, 3, 1, 2, 0, 42),
(1568, 22, 750, 3, 2, 1, 0, 42),
(1569, 26, 0, 0, 0, 0, 0, 42),
(1570, 27, 800, 3, 2, 1, 1, 42),
(1571, 28, 750, 3, 2, 2, 2, 42),
(1572, 29, 600, 3, 1, 1, 0, 42),
(1573, 31, 840, 3, 3, 1, 1, 42),
(1574, 32, 750, 3, 2, 1, 1, 42),
(1575, 33, 0, 0, 0, 0, 0, 42),
(1576, 34, 0, 0, 0, 0, 0, 42),
(1577, 36, 700, 3, 2, 2, 0, 42),
(1578, 38, 0, 0, 0, 0, 0, 42),
(1579, 39, 650, 3, 2, 1, 0, 42),
(1580, 40, 560, 3, 1, 1, 0, 42),
(1581, 42, 700, 3, 2, 1, 0, 42),
(1582, 45, 0, 0, 0, 0, 0, 42),
(1583, 605, 600, 3, 1, 1, 0, 42),
(1584, 609, 0, 0, 0, 0, 0, 42),
(1585, 973, 640, 3, 1, 1, 1, 42),
(1586, 977, 600, 3, 1, 1, 1, 42),
(1587, 979, 560, 3, 1, 0, 0, 42),
(1588, 980, 560, 3, 1, 1, 0, 42),
(1589, 981, 480, 3, 1, 1, 1, 42),
(1590, 983, 420, 3, 0, 1, 0, 42),
(1591, 987, 700, 3, 2, 0, 0, 42),
(1592, 988, 560, 3, 1, 1, 1, 42),
(1593, 989, 800, 3, 2, 1, 0, 42),
(1594, 1, 800, 3, 2, 1, 1, 43),
(1595, 2, 960, 3, 3, 1, 1, 43),
(1596, 3, 800, 3, 2, 1, 1, 43),
(1597, 4, 800, 3, 2, 1, 1, 43),
(1598, 5, 800, 3, 2, 1, 1, 43),
(1599, 6, 0, 0, 0, 0, 0, 43),
(1600, 7, 800, 3, 2, 1, 0, 43),
(1601, 8, 0, 0, 0, 0, 0, 43),
(1602, 9, 800, 3, 2, 1, 1, 43),
(1603, 10, 640, 3, 1, 1, 1, 43),
(1604, 11, 0, 0, 0, 0, 0, 43),
(1605, 12, 960, 3, 3, 1, 1, 43),
(1606, 14, 800, 3, 2, 1, 1, 43),
(1607, 15, 640, 3, 1, 1, 1, 43),
(1608, 16, 960, 3, 3, 1, 1, 43),
(1609, 17, 600, 3, 1, 1, 1, 43),
(1610, 18, 0, 0, 0, 0, 0, 43),
(1611, 19, 480, 3, 0, 1, 1, 43),
(1612, 20, 560, 3, 1, 1, 1, 43),
(1613, 21, 0, 0, 0, 0, 0, 43),
(1614, 22, 750, 3, 2, 1, 0, 43),
(1615, 26, 600, 3, 1, 0, 0, 43),
(1616, 27, 800, 3, 2, 1, 0, 43),
(1617, 28, 750, 3, 2, 1, 0, 43),
(1618, 29, 800, 3, 2, 2, 2, 43),
(1619, 31, 560, 3, 1, 1, 1, 43),
(1620, 32, 560, 3, 1, 1, 0, 43),
(1621, 33, 0, 0, 0, 0, 0, 43),
(1622, 34, 520, 3, 1, 1, 0, 43),
(1623, 36, 560, 3, 1, 1, 1, 43),
(1624, 38, 0, 0, 0, 0, 0, 43),
(1625, 39, 560, 3, 1, 1, 1, 43),
(1626, 40, 700, 3, 2, 1, 0, 43),
(1627, 42, 560, 3, 1, 1, 0, 43),
(1628, 45, 600, 3, 1, 1, 1, 43),
(1629, 605, 900, 3, 3, 1, 1, 43),
(1630, 609, 0, 0, 0, 0, 0, 43),
(1631, 973, 800, 3, 2, 1, 1, 43),
(1632, 977, 700, 3, 2, 1, 1, 43),
(1633, 979, 0, 0, 0, 0, 0, 43),
(1634, 980, 420, 3, 0, 1, 1, 43),
(1635, 981, 480, 3, 1, 1, 0, 43),
(1636, 983, 700, 3, 2, 1, 1, 43),
(1637, 987, 0, 0, 0, 0, 0, 43),
(1638, 989, 750, 3, 2, 1, 1, 43),
(1639, 1, 640, 3, 1, 1, 1, 44),
(1640, 2, 640, 3, 1, 2, 1, 44),
(1641, 3, 800, 3, 2, 1, 1, 44),
(1642, 4, 800, 3, 2, 1, 1, 44),
(1643, 5, 0, 0, 0, 0, 0, 44),
(1644, 6, 320, 1, 1, 1, 0, 44),
(1645, 7, 640, 3, 1, 1, 0, 44),
(1646, 8, 640, 3, 1, 2, 1, 44),
(1647, 9, 800, 3, 2, 1, 0, 44),
(1648, 10, 800, 3, 2, 1, 1, 44),
(1649, 11, 0, 0, 0, 0, 0, 44),
(1650, 12, 640, 1, 1, 1, 1, 44),
(1651, 14, 640, 3, 1, 1, 1, 44),
(1652, 15, 800, 3, 2, 1, 1, 44),
(1653, 16, 750, 3, 2, 1, 0, 44),
(1654, 17, 960, 3, 3, 1, 1, 44),
(1655, 18, 450, 3, 0, 1, 1, 44),
(1656, 19, 960, 3, 3, 1, 1, 44),
(1657, 20, 700, 3, 2, 1, 0, 44),
(1658, 21, 960, 3, 3, 1, 1, 44),
(1659, 22, 750, 3, 3, 1, 0, 44),
(1660, 26, 0, 0, 0, 0, 0, 44),
(1661, 27, 800, 3, 2, 2, 2, 44),
(1662, 28, 480, 3, 0, 1, 0, 44),
(1663, 29, 640, 3, 1, 1, 0, 44),
(1664, 31, 420, 3, 0, 1, 1, 44),
(1665, 32, 420, 3, 0, 1, 1, 44),
(1666, 33, 0, 0, 0, 0, 0, 44),
(1667, 34, 390, 3, 0, 1, 0, 44),
(1668, 36, 560, 3, 1, 1, 0, 44),
(1669, 38, 0, 0, 0, 0, 0, 44),
(1670, 39, 700, 3, 2, 1, 1, 44),
(1671, 40, 560, 3, 1, 1, 1, 44),
(1672, 42, 560, 3, 1, 1, 1, 44),
(1673, 45, 750, 3, 2, 1, 1, 44),
(1674, 605, 0, 0, 0, 0, 0, 44),
(1675, 609, 0, 0, 0, 0, 0, 44),
(1676, 973, 800, 3, 2, 1, 1, 44),
(1677, 977, 900, 3, 3, 1, 1, 44),
(1678, 980, 0, 0, 0, 0, 0, 44),
(1679, 981, 550, 3, 1, 1, 1, 44),
(1680, 983, 560, 3, 1, 1, 0, 44),
(1681, 989, 750, 3, 2, 0, 0, 44),
(1682, 990, 800, 3, 2, 0, 0, 44),
(1683, 991, 640, 3, 2, 1, 1, 44),
(1684, 992, 960, 3, 3, 1, 1, 44),
(1685, 993, 650, 3, 2, 1, 0, 44),
(1686, 994, 0, 0, 0, 0, 0, 44),
(1687, 1, 1120, 3, 1, 1, 1, 45),
(1688, 2, 1120, 3, 1, 1, 0, 45),
(1689, 3, 1400, 3, 2, 1, 0, 45),
(1690, 4, 1400, 3, 2, 1, 1, 45),
(1691, 5, 0, 0, 0, 0, 0, 45),
(1692, 6, 1120, 3, 1, 1, 1, 45),
(1693, 7, 0, 0, 0, 0, 0, 45),
(1694, 8, 1400, 3, 2, 1, 0, 45),
(1695, 9, 1120, 3, 1, 1, 1, 45),
(1696, 10, 1400, 3, 2, 1, 1, 45),
(1697, 11, 0, 0, 0, 0, 0, 45),
(1698, 12, 1120, 3, 1, 1, 1, 45),
(1699, 14, 1400, 3, 2, 2, 0, 45),
(1700, 15, 1680, 3, 3, 1, 1, 45),
(1701, 16, 0, 0, 0, 0, 0, 45),
(1702, 17, 1400, 3, 2, 1, 1, 45),
(1703, 18, 786, 3, 0, 1, 1, 45),
(1704, 19, 1120, 3, 1, 1, 1, 45),
(1705, 20, 980, 3, 1, 1, 1, 45),
(1706, 21, 0, 0, 0, 0, 0, 45),
(1707, 22, 1312, 3, 2, 1, 0, 45),
(1708, 26, 0, 0, 0, 0, 0, 45),
(1709, 27, 1400, 3, 2, 1, 1, 45),
(1710, 28, 1120, 3, 1, 1, 0, 45),
(1711, 29, 840, 3, 0, 1, 1, 45),
(1712, 31, 980, 3, 1, 1, 0, 45),
(1713, 32, 735, 3, 0, 1, 1, 45),
(1714, 33, 0, 0, 0, 0, 0, 45),
(1715, 34, 0, 0, 0, 0, 0, 45),
(1716, 36, 0, 0, 0, 0, 0, 45),
(1717, 38, 0, 0, 0, 0, 0, 45),
(1718, 39, 735, 3, 0, 1, 0, 45),
(1719, 40, 735, 3, 0, 1, 1, 45),
(1720, 42, 1225, 3, 2, 1, 1, 45),
(1721, 45, 1312, 3, 2, 1, 0, 45),
(1722, 605, 1575, 3, 3, 1, 1, 45),
(1723, 609, 1312, 3, 2, 1, 0, 45),
(1724, 973, 1400, 3, 2, 1, 1, 45),
(1725, 977, 1225, 3, 2, 2, 1, 45),
(1726, 980, 0, 0, 0, 0, 0, 45),
(1727, 981, 1050, 3, 2, 1, 0, 45),
(1728, 983, 0, 0, 0, 0, 0, 45),
(1729, 989, 0, 0, 0, 0, 0, 45),
(1730, 990, 0, 0, 0, 0, 0, 45),
(1731, 991, 0, 0, 0, 0, 0, 45),
(1732, 992, 0, 0, 0, 0, 0, 45),
(1733, 993, 1137, 3, 2, 1, 0, 45),
(1734, 994, 0, 0, 0, 0, 0, 45),
(1735, 1, 1120, 3, 1, 1, 1, 46),
(1736, 2, 1400, 3, 2, 1, 0, 46),
(1737, 3, 1120, 3, 1, 1, 1, 46),
(1738, 4, 1487, 3, 2, 1, 0, 46),
(1739, 5, 0, 0, 0, 0, 0, 46),
(1740, 6, 1120, 3, 1, 1, 0, 46),
(1741, 7, 1400, 3, 2, 1, 0, 46),
(1742, 8, 1400, 3, 2, 1, 0, 46),
(1743, 9, 1120, 3, 1, 1, 1, 46),
(1744, 10, 840, 3, 0, 1, 0, 46),
(1745, 11, 0, 0, 0, 0, 0, 46),
(1746, 12, 1400, 3, 2, 1, 1, 46),
(1747, 14, 1120, 3, 1, 1, 1, 46),
(1748, 15, 1400, 3, 2, 1, 1, 46),
(1749, 16, 1400, 3, 2, 1, 0, 46),
(1750, 17, 1680, 3, 3, 1, 0, 46),
(1751, 18, 1225, 3, 2, 1, 0, 46),
(1752, 19, 1400, 3, 2, 1, 1, 46),
(1753, 20, 786, 3, 0, 1, 1, 46),
(1754, 21, 840, 3, 0, 1, 0, 46),
(1755, 22, 1049, 3, 1, 1, 0, 46),
(1756, 26, 0, 0, 0, 0, 0, 46),
(1757, 27, 1120, 3, 1, 1, 1, 46),
(1758, 28, 1120, 3, 1, 1, 1, 46),
(1759, 29, 840, 3, 0, 1, 1, 46),
(1760, 31, 980, 3, 1, 1, 0, 46),
(1761, 32, 1575, 3, 3, 1, 1, 46),
(1762, 33, 0, 0, 0, 0, 0, 46),
(1763, 34, 682, 2, 1, 1, 1, 46),
(1764, 36, 1225, 3, 2, 1, 0, 46),
(1765, 38, 0, 0, 0, 0, 0, 46),
(1766, 39, 1225, 3, 2, 1, 0, 46),
(1767, 40, 735, 3, 0, 1, 0, 46),
(1768, 42, 980, 3, 1, 1, 0, 46),
(1769, 45, 0, 0, 0, 0, 0, 46),
(1770, 605, 0, 0, 0, 0, 0, 46),
(1771, 609, 1645, 3, 3, 1, 0, 46),
(1772, 973, 1400, 2, 1, 1, 0, 46),
(1773, 977, 1575, 3, 3, 1, 0, 46),
(1774, 980, 0, 0, 0, 0, 0, 46),
(1775, 981, 1050, 3, 2, 1, 0, 46),
(1776, 983, 0, 0, 0, 0, 0, 46),
(1777, 989, 786, 3, 0, 1, 1, 46),
(1778, 990, 1400, 3, 2, 0, 0, 46),
(1779, 991, 0, 0, 0, 0, 0, 46),
(1780, 992, 1400, 3, 2, 1, 0, 46),
(1781, 993, 1365, 3, 3, 1, 0, 46),
(1782, 994, 0, 0, 0, 0, 0, 46),
(1783, 995, 1049, 3, 1, 1, 0, 46),
(1784, 1, 840, 3, 0, 2, 1, 47),
(1785, 2, 1120, 3, 1, 1, 1, 47),
(1786, 3, 1400, 3, 2, 1, 0, 47),
(1787, 4, 891, 3, 0, 1, 1, 47),
(1788, 5, 0, 0, 0, 0, 0, 47),
(1789, 6, 840, 3, 0, 1, 1, 47),
(1790, 7, 1680, 3, 3, 1, 1, 47),
(1791, 8, 0, 0, 0, 0, 0, 47),
(1792, 9, 1120, 3, 1, 1, 0, 47),
(1793, 10, 1400, 3, 2, 1, 0, 47),
(1794, 11, 0, 0, 0, 0, 0, 47),
(1795, 12, 840, 3, 0, 1, 1, 47),
(1796, 14, 1120, 3, 1, 1, 1, 47),
(1797, 15, 1120, 3, 1, 1, 1, 47),
(1798, 16, 1400, 3, 2, 1, 0, 47),
(1799, 17, 1400, 3, 2, 1, 1, 47),
(1800, 18, 980, 3, 1, 1, 0, 47),
(1801, 19, 1400, 3, 2, 1, 1, 47),
(1802, 20, 787, 2, 1, 1, 0, 47),
(1803, 21, 840, 3, 0, 1, 0, 47),
(1804, 22, 1312, 3, 2, 1, 0, 47),
(1805, 26, 0, 0, 0, 0, 0, 47),
(1806, 27, 1400, 3, 2, 1, 0, 47),
(1807, 28, 1400, 3, 2, 1, 0, 47),
(1808, 29, 840, 3, 0, 1, 1, 47),
(1809, 31, 1470, 3, 3, 1, 0, 47),
(1810, 32, 1312, 3, 2, 1, 0, 47),
(1811, 33, 0, 0, 0, 0, 0, 47),
(1812, 34, 455, 1, 1, 1, 1, 47),
(1813, 36, 1225, 3, 2, 1, 0, 47),
(1814, 38, 0, 0, 0, 0, 0, 47),
(1815, 39, 1470, 3, 3, 1, 1, 47),
(1816, 40, 735, 3, 0, 1, 0, 47),
(1817, 42, 1470, 3, 3, 1, 0, 47),
(1818, 45, 980, 3, 1, 1, 1, 47),
(1819, 605, 1400, 3, 2, 1, 0, 47),
(1820, 609, 0, 0, 0, 0, 0, 47),
(1821, 973, 1400, 3, 2, 1, 1, 47),
(1822, 977, 1575, 3, 3, 1, 1, 47),
(1823, 980, 0, 0, 0, 0, 0, 47),
(1824, 981, 840, 3, 1, 1, 0, 47),
(1825, 983, 0, 0, 0, 0, 0, 47),
(1826, 989, 1049, 3, 1, 1, 0, 47),
(1827, 990, 0, 0, 0, 0, 0, 47),
(1828, 991, 0, 0, 0, 0, 0, 47),
(1829, 992, 1400, 3, 2, 1, 1, 47),
(1830, 993, 909, 3, 1, 2, 0, 47),
(1831, 994, 0, 0, 0, 0, 0, 47),
(1832, 995, 1049, 3, 1, 1, 1, 47),
(1833, 1, 1400, 3, 2, 1, 1, 48),
(1834, 2, 1680, 3, 3, 1, 0, 48),
(1835, 3, 1400, 3, 2, 1, 1, 48),
(1836, 4, 1189, 3, 1, 1, 1, 48),
(1837, 5, 0, 0, 0, 0, 0, 48),
(1838, 6, 1680, 3, 3, 1, 1, 48),
(1839, 7, 1400, 3, 2, 1, 0, 48),
(1840, 8, 1120, 3, 1, 1, 1, 48),
(1841, 9, 1120, 3, 1, 1, 1, 48),
(1842, 10, 1120, 3, 1, 1, 0, 48),
(1843, 11, 0, 0, 0, 0, 0, 48),
(1844, 12, 840, 3, 0, 1, 1, 48),
(1845, 14, 1120, 3, 1, 1, 1, 48),
(1846, 15, 840, 3, 0, 1, 0, 48),
(1847, 16, 1680, 3, 3, 0, 0, 48),
(1848, 17, 840, 3, 0, 1, 0, 48),
(1849, 18, 980, 3, 1, 1, 1, 48),
(1850, 19, 1120, 3, 1, 1, 1, 48),
(1851, 20, 0, 0, 0, 0, 0, 48),
(1852, 21, 0, 0, 0, 0, 0, 48),
(1853, 22, 1575, 3, 3, 1, 0, 48),
(1854, 26, 0, 0, 0, 0, 0, 48),
(1855, 27, 1400, 3, 2, 1, 1, 48),
(1856, 28, 1120, 3, 1, 1, 0, 48),
(1857, 29, 840, 3, 0, 1, 1, 48),
(1858, 31, 1312, 3, 2, 1, 0, 48),
(1859, 32, 1312, 3, 2, 1, 0, 48),
(1860, 33, 0, 0, 0, 0, 0, 48),
(1861, 34, 0, 0, 0, 0, 0, 48),
(1862, 36, 1225, 3, 2, 1, 0, 48),
(1863, 38, 0, 0, 0, 0, 0, 48),
(1864, 39, 1225, 3, 2, 1, 1, 48),
(1865, 40, 0, 0, 0, 0, 0, 48),
(1866, 42, 1470, 3, 3, 1, 0, 48),
(1867, 45, 1225, 3, 2, 1, 1, 48),
(1868, 605, 0, 0, 0, 0, 0, 48),
(1869, 609, 1120, 3, 1, 1, 0, 48),
(1870, 973, 1120, 2, 2, 1, 0, 48),
(1871, 977, 980, 3, 1, 1, 1, 48),
(1872, 980, 0, 0, 0, 0, 0, 48),
(1873, 981, 1050, 3, 2, 1, 0, 48),
(1874, 983, 0, 0, 0, 0, 0, 48),
(1875, 989, 0, 0, 0, 0, 0, 48),
(1876, 991, 0, 0, 0, 0, 0, 48),
(1877, 992, 1400, 3, 2, 1, 0, 48),
(1878, 993, 1137, 3, 2, 1, 0, 48),
(1879, 994, 0, 0, 0, 0, 0, 48),
(1880, 995, 0, 0, 0, 0, 0, 48),
(1881, 1, 1120, 3, 1, 1, 0, 49),
(1882, 2, 1680, 3, 3, 1, 1, 49),
(1883, 3, 1400, 3, 2, 1, 0, 49),
(1884, 4, 1189, 3, 1, 1, 1, 49),
(1885, 5, 0, 0, 0, 0, 0, 49),
(1886, 6, 1400, 3, 2, 1, 0, 49),
(1887, 7, 840, 3, 0, 1, 0, 49),
(1888, 8, 1400, 3, 2, 1, 0, 49),
(1889, 9, 1120, 3, 1, 1, 1, 49),
(1890, 10, 1120, 3, 1, 1, 1, 49),
(1891, 11, 0, 0, 0, 0, 0, 49),
(1892, 12, 840, 3, 0, 1, 1, 49),
(1893, 14, 1400, 3, 2, 1, 0, 49),
(1894, 15, 1680, 3, 3, 1, 0, 49),
(1895, 16, 0, 0, 0, 0, 0, 49),
(1896, 17, 1400, 3, 2, 1, 0, 49),
(1897, 18, 980, 3, 1, 1, 0, 49),
(1898, 19, 1400, 3, 2, 1, 0, 49),
(1899, 20, 0, 0, 0, 0, 0, 49),
(1900, 21, 0, 0, 0, 0, 0, 49),
(1901, 22, 1049, 3, 1, 1, 0, 49),
(1902, 26, 0, 0, 0, 0, 0, 49),
(1903, 27, 1400, 3, 2, 1, 0, 49),
(1904, 28, 1120, 3, 1, 1, 1, 49),
(1905, 29, 1400, 3, 2, 1, 1, 49),
(1906, 31, 1049, 3, 1, 1, 0, 49),
(1907, 32, 1610, 3, 3, 1, 1, 49),
(1908, 33, 0, 0, 0, 0, 0, 49),
(1909, 36, 980, 3, 1, 1, 0, 49),
(1910, 38, 0, 0, 0, 0, 0, 49),
(1911, 39, 980, 3, 1, 1, 1, 49),
(1912, 40, 0, 0, 0, 0, 0, 49),
(1913, 42, 1225, 3, 2, 1, 0, 49),
(1914, 45, 980, 3, 1, 1, 0, 49),
(1915, 605, 1120, 3, 1, 1, 1, 49),
(1916, 609, 1400, 3, 2, 0, 0, 49),
(1917, 973, 840, 3, 0, 1, 1, 49),
(1918, 977, 1225, 3, 2, 1, 0, 49),
(1919, 980, 0, 0, 0, 0, 0, 49),
(1920, 981, 1050, 3, 2, 1, 0, 49),
(1921, 983, 0, 0, 0, 0, 0, 49),
(1922, 989, 1120, 3, 1, 1, 0, 49),
(1923, 991, 0, 0, 0, 0, 0, 49),
(1924, 992, 1400, 3, 2, 1, 1, 49),
(1925, 993, 1365, 3, 3, 1, 1, 49),
(1926, 994, 0, 0, 0, 0, 0, 49),
(1927, 995, 0, 0, 0, 0, 0, 49),
(1928, 996, 1400, 3, 2, 2, 2, 49),
(1929, 997, 0, 0, 0, 0, 0, 49),
(1930, 998, 980, 3, 1, 1, 0, 49),
(1931, 1, 1120, 3, 1, 2, 2, 50),
(1932, 2, 1400, 3, 2, 2, 1, 50),
(1933, 3, 1680, 3, 3, 1, 1, 50),
(1934, 4, 1487, 3, 2, 1, 1, 50),
(1935, 5, 0, 0, 0, 0, 0, 50),
(1936, 6, 1120, 3, 1, 1, 1, 50),
(1937, 7, 1400, 3, 2, 1, 0, 50),
(1938, 8, 1120, 3, 1, 2, 1, 50),
(1939, 9, 1400, 3, 2, 1, 1, 50),
(1940, 10, 1120, 3, 1, 1, 1, 50),
(1941, 11, 0, 0, 0, 0, 0, 50),
(1942, 12, 1400, 3, 2, 1, 1, 50),
(1943, 14, 1120, 3, 1, 1, 0, 50),
(1944, 15, 1400, 3, 2, 1, 1, 50),
(1945, 17, 840, 3, 0, 1, 0, 50),
(1946, 18, 980, 3, 1, 1, 1, 50),
(1947, 19, 1400, 3, 2, 1, 0, 50),
(1948, 20, 1049, 3, 1, 1, 0, 50),
(1949, 21, 1400, 3, 2, 1, 0, 50),
(1950, 22, 262, 1, 0, 1, 0, 50),
(1951, 26, 0, 0, 0, 0, 0, 50),
(1952, 27, 1680, 3, 3, 1, 1, 50),
(1953, 28, 0, 0, 0, 0, 0, 50),
(1954, 29, 840, 3, 0, 1, 1, 50),
(1955, 31, 1575, 3, 3, 1, 1, 50),
(1956, 32, 1400, 3, 2, 1, 0, 50),
(1957, 33, 0, 0, 0, 0, 0, 50),
(1958, 36, 735, 3, 0, 1, 1, 50),
(1959, 38, 0, 0, 0, 0, 0, 50),
(1960, 39, 1049, 3, 1, 1, 0, 50),
(1961, 42, 980, 3, 1, 1, 0, 50),
(1962, 45, 1120, 3, 1, 1, 0, 50),
(1963, 605, 0, 0, 0, 0, 0, 50),
(1964, 609, 0, 0, 0, 0, 0, 50),
(1965, 973, 840, 3, 0, 1, 1, 50),
(1966, 977, 1312, 3, 2, 1, 0, 50),
(1967, 980, 0, 0, 0, 0, 0, 50),
(1968, 981, 1050, 3, 2, 1, 1, 50),
(1969, 983, 0, 0, 0, 0, 0, 50),
(1970, 989, 787, 2, 1, 1, 0, 50),
(1971, 992, 1400, 3, 2, 1, 0, 50),
(1972, 993, 0, 0, 0, 0, 0, 50),
(1973, 995, 787, 0, 0, 1, 1, 50),
(1974, 997, 1120, 3, 1, 1, 0, 50),
(1975, 998, 980, 3, 1, 1, 0, 50),
(1976, 999, 1400, 3, 2, 1, 1, 50),
(1977, 1001, 909, 3, 1, 0, 0, 50),
(1978, 1, 1680, 3, 3, 1, 0, 51),
(1979, 2, 1120, 3, 2, 1, 1, 51),
(1980, 3, 840, 3, 2, 1, 1, 51),
(1981, 4, 1189, 3, 1, 1, 1, 51),
(1982, 5, 0, 0, 0, 0, 0, 51),
(1983, 6, 1120, 3, 1, 1, 1, 51),
(1984, 7, 1400, 3, 2, 1, 0, 51),
(1985, 8, 1120, 3, 1, 1, 1, 51),
(1986, 9, 1120, 3, 1, 1, 1, 51),
(1987, 10, 1400, 3, 2, 1, 1, 51),
(1988, 11, 0, 0, 0, 0, 0, 51),
(1989, 12, 840, 3, 1, 1, 1, 51),
(1990, 14, 840, 3, 2, 1, 1, 51),
(1991, 15, 1120, 3, 1, 1, 1, 51),
(1992, 17, 1400, 3, 2, 1, 1, 51),
(1993, 18, 1312, 3, 2, 1, 1, 51),
(1994, 19, 1400, 3, 2, 1, 1, 51),
(1995, 20, 787, 2, 1, 1, 0, 51),
(1996, 21, 0, 0, 0, 0, 0, 51),
(1997, 22, 1312, 3, 2, 1, 0, 51),
(1998, 26, 0, 0, 0, 0, 0, 51),
(1999, 27, 840, 3, 0, 1, 1, 51),
(2000, 28, 1400, 3, 2, 1, 1, 51),
(2001, 29, 1400, 3, 2, 1, 1, 51),
(2002, 31, 980, 3, 1, 1, 1, 51),
(2003, 32, 1400, 3, 2, 1, 0, 51),
(2004, 33, 0, 0, 0, 0, 0, 51),
(2005, 36, 980, 3, 1, 1, 0, 51),
(2006, 38, 0, 0, 0, 0, 0, 51),
(2007, 39, 1312, 3, 2, 1, 0, 51),
(2008, 42, 1225, 3, 1, 1, 0, 51),
(2009, 45, 1400, 3, 2, 1, 0, 51),
(2010, 605, 1120, 3, 1, 1, 0, 51),
(2011, 609, 0, 0, 0, 0, 0, 51),
(2012, 973, 0, 0, 0, 0, 0, 51),
(2013, 977, 1049, 3, 2, 1, 1, 51),
(2014, 980, 0, 0, 0, 0, 0, 51),
(2015, 981, 1050, 3, 2, 1, 0, 51),
(2016, 983, 0, 0, 0, 0, 0, 51),
(2017, 989, 1680, 3, 3, 1, 1, 51),
(2018, 992, 1680, 3, 3, 1, 1, 51),
(2019, 993, 909, 3, 1, 1, 0, 51),
(2020, 995, 525, 1, 1, 2, 0, 51),
(2021, 997, 1680, 3, 3, 1, 1, 51),
(2022, 998, 1225, 3, 1, 1, 0, 51),
(2023, 999, 0, 0, 0, 0, 0, 51),
(2024, 1002, 1120, 3, 1, 1, 0, 51),
(2025, 1, 1120, 3, 1, 1, 1, 52),
(2026, 2, 1400, 3, 2, 1, 1, 52),
(2027, 3, 1120, 3, 1, 1, 1, 52),
(2028, 4, 1785, 3, 3, 1, 1, 52),
(2029, 5, 1680, 3, 3, 1, 0, 52),
(2030, 6, 840, 3, 0, 1, 0, 52),
(2031, 7, 840, 3, 0, 1, 1, 52),
(2032, 8, 1400, 3, 2, 1, 1, 52),
(2033, 9, 1120, 3, 1, 1, 1, 52),
(2034, 10, 1400, 3, 2, 1, 1, 52),
(2035, 11, 0, 0, 0, 0, 0, 52),
(2036, 12, 1400, 3, 2, 1, 1, 52),
(2037, 14, 1120, 3, 1, 1, 1, 52),
(2038, 15, 1120, 3, 1, 2, 1, 52),
(2039, 17, 1400, 3, 2, 1, 0, 52),
(2040, 18, 1120, 3, 1, 1, 0, 52),
(2041, 19, 1120, 3, 1, 1, 0, 52),
(2042, 20, 1312, 3, 2, 1, 0, 52),
(2043, 21, 0, 0, 0, 0, 0, 52),
(2044, 22, 786, 3, 0, 1, 0, 52),
(2045, 26, 0, 0, 0, 0, 0, 52),
(2046, 27, 1120, 3, 1, 1, 1, 52),
(2047, 28, 1120, 3, 1, 1, 1, 52),
(2048, 29, 840, 3, 0, 1, 1, 52),
(2049, 31, 786, 3, 0, 1, 0, 52),
(2050, 32, 1120, 3, 1, 1, 1, 52),
(2051, 33, 0, 0, 0, 0, 0, 52),
(2052, 36, 980, 3, 1, 1, 1, 52),
(2053, 38, 0, 0, 0, 0, 0, 52),
(2054, 39, 735, 3, 0, 1, 1, 52),
(2055, 42, 1575, 3, 3, 1, 0, 52),
(2056, 45, 1312, 3, 2, 1, 0, 52),
(2057, 605, 1120, 3, 1, 1, 1, 52),
(2058, 609, 0, 0, 0, 0, 0, 52),
(2059, 973, 1120, 3, 1, 2, 2, 52),
(2060, 977, 1312, 3, 2, 1, 0, 52),
(2061, 980, 0, 0, 0, 0, 0, 52),
(2062, 981, 1365, 3, 3, 1, 0, 52),
(2063, 983, 0, 0, 0, 0, 0, 52),
(2064, 989, 1120, 3, 1, 1, 0, 52),
(2065, 992, 1120, 3, 1, 1, 1, 52),
(2066, 993, 909, 3, 1, 1, 0, 52),
(2067, 995, 1312, 3, 2, 1, 0, 52),
(2068, 997, 0, 0, 0, 0, 0, 52),
(2069, 998, 1470, 3, 3, 1, 1, 52),
(2070, 999, 0, 0, 0, 0, 0, 52),
(2071, 1002, 1680, 3, 3, 1, 1, 52),
(2072, 1003, 1120, 3, 1, 1, 1, 52),
(2073, 1004, 1120, 3, 1, 1, 0, 52),
(2074, 1, 1120, 3, 1, 1, 0, 53),
(2075, 2, 1400, 3, 2, 1, 1, 53),
(2076, 3, 1400, 3, 2, 1, 1, 53),
(2077, 4, 1400, 3, 2, 1, 0, 53),
(2078, 5, 0, 0, 0, 0, 0, 53),
(2079, 7, 1120, 3, 1, 1, 0, 53),
(2080, 8, 0, 0, 0, 0, 0, 53),
(2081, 9, 1400, 3, 2, 1, 1, 53),
(2082, 10, 1680, 3, 3, 1, 1, 53),
(2083, 11, 0, 0, 0, 0, 0, 53),
(2084, 12, 1400, 3, 2, 1, 1, 53),
(2085, 14, 1400, 3, 2, 1, 0, 53),
(2086, 15, 1400, 3, 2, 1, 0, 53),
(2087, 17, 1400, 3, 2, 1, 1, 53),
(2088, 18, 0, 0, 0, 0, 0, 53),
(2089, 19, 1120, 3, 1, 1, 0, 53),
(2090, 20, 1312, 3, 2, 1, 1, 53),
(2091, 21, 0, 0, 0, 0, 0, 53),
(2092, 22, 1049, 3, 1, 1, 1, 53),
(2093, 26, 0, 0, 0, 0, 0, 53),
(2094, 27, 1400, 3, 2, 1, 1, 53),
(2095, 28, 840, 3, 0, 1, 0, 53),
(2096, 29, 1400, 3, 2, 1, 0, 53),
(2097, 31, 1049, 3, 1, 1, 0, 53),
(2098, 32, 1400, 3, 2, 1, 1, 53),
(2099, 33, 0, 0, 0, 0, 0, 53),
(2100, 36, 1225, 3, 2, 1, 0, 53),
(2101, 38, 0, 0, 0, 0, 0, 53),
(2102, 39, 980, 3, 1, 1, 0, 53),
(2103, 42, 1312, 3, 2, 1, 0, 53),
(2104, 45, 0, 0, 0, 0, 0, 53),
(2105, 605, 560, 1, 1, 0, 0, 53),
(2106, 609, 1120, 3, 1, 1, 0, 53),
(2107, 973, 0, 0, 0, 0, 0, 53),
(2108, 977, 1049, 3, 1, 1, 1, 53),
(2109, 980, 0, 0, 0, 0, 0, 53),
(2110, 981, 909, 3, 1, 1, 0, 53),
(2111, 983, 0, 0, 0, 0, 0, 53),
(2112, 989, 1120, 3, 1, 1, 0, 53),
(2113, 992, 1120, 3, 1, 1, 1, 53),
(2114, 993, 1137, 3, 2, 1, 0, 53),
(2115, 995, 786, 3, 0, 0, 0, 53),
(2116, 997, 1400, 3, 2, 1, 0, 53),
(2117, 998, 1400, 3, 2, 1, 1, 53),
(2118, 999, 1120, 3, 1, 1, 0, 53),
(2119, 1002, 1680, 3, 3, 1, 1, 53),
(2120, 1003, 1680, 3, 3, 1, 1, 53),
(2121, 1004, 1680, 3, 3, 1, 1, 53),
(2123, 1, 1400, 3, 2, 0, 0, 54),
(2124, 2, 840, 3, 0, 1, 1, 54),
(2125, 3, 840, 3, 0, 1, 1, 54),
(2126, 4, 1680, 3, 3, 2, 1, 54),
(2127, 7, 1400, 3, 2, 1, 1, 54),
(2128, 8, 840, 3, 0, 1, 1, 54),
(2129, 9, 1680, 3, 3, 1, 0, 54),
(2130, 10, 1120, 3, 2, 1, 1, 54),
(2131, 12, 1120, 3, 2, 1, 1, 54),
(2132, 14, 1120, 3, 2, 0, 0, 54),
(2149, 15, 1120, 3, 2, 0, 0, 54),
(2150, 17, 1400, 3, 2, 1, 0, 54),
(2151, 18, 1120, 3, 2, 1, 0, 54),
(2152, 19, 1400, 3, 2, 1, 0, 54),
(2153, 20, 786, 3, 0, 0, 0, 54),
(2154, 21, 0, 0, 0, 0, 0, 54),
(2155, 5, 0, 0, 0, 0, 0, 54),
(2156, 22, 1049, 3, 1, 0, 0, 54),
(2157, 27, 840, 3, 0, 1, 0, 54),
(2158, 28, 1400, 3, 2, 1, 0, 54),
(2159, 29, 1120, 3, 2, 1, 1, 54),
(2160, 31, 1312, 3, 2, 0, 0, 54),
(2161, 32, 1400, 3, 2, 1, 0, 54),
(2162, 36, 980, 3, 1, 1, 0, 54),
(2163, 39, 1225, 3, 2, 0, 0, 54),
(2164, 42, 1312, 3, 2, 1, 0, 54),
(2165, 45, 1049, 3, 1, 0, 0, 54),
(2166, 605, 1120, 3, 2, 1, 1, 54),
(2167, 609, 1120, 3, 1, 0, 0, 54),
(2168, 973, 840, 3, 0, 1, 0, 54),
(2169, 977, 1312, 3, 2, 1, 0, 54),
(2170, 980, 0, 0, 0, 0, 0, 54),
(2171, 981, 1137, 3, 2, 1, 0, 54),
(2172, 983, 0, 0, 0, 0, 0, 54),
(2173, 989, 560, 2, 0, 1, 1, 54),
(2174, 992, 1400, 3, 2, 1, 0, 54),
(2175, 993, 1225, 3, 2, 0, 0, 54),
(2176, 997, 1120, 3, 2, 1, 0, 54),
(2177, 998, 1400, 3, 2, 1, 1, 54),
(2178, 999, 0, 0, 0, 0, 0, 54),
(2179, 1002, 1400, 3, 2, 0, 0, 54),
(2180, 1003, 1400, 3, 2, 0, 0, 54),
(2181, 1004, 1400, 3, 2, 0, 0, 54),
(2182, 1005, 1400, 3, 2, 0, 0, 54),
(2183, 1005, 0, 0, 0, 0, 0, 53),
(2184, 1005, 0, 0, 0, 0, 0, 52),
(2185, 1005, 0, 0, 0, 0, 0, 51),
(2186, 1003, 0, 0, 0, 0, 0, 51),
(2187, 1004, 0, 0, 0, 0, 0, 51),
(2188, 1002, 0, 0, 0, 0, 0, 50),
(2189, 1005, 0, 0, 0, 0, 0, 50),
(2190, 1003, 0, 0, 0, 0, 0, 50),
(2191, 1004, 0, 0, 0, 0, 0, 50),
(2192, 1002, 0, 0, 0, 0, 0, 49),
(2193, 1005, 0, 0, 0, 0, 0, 49),
(2194, 1003, 0, 0, 0, 0, 0, 49),
(2195, 1004, 0, 0, 0, 0, 0, 49),
(2196, 999, 0, 0, 0, 0, 0, 49),
(2197, 1002, 0, 0, 0, 0, 0, 48),
(2198, 997, 0, 0, 0, 0, 0, 48),
(2199, 998, 0, 0, 0, 0, 0, 48),
(2200, 1005, 0, 0, 0, 0, 0, 48),
(2201, 1003, 0, 0, 0, 0, 0, 48),
(2202, 1004, 0, 0, 0, 0, 0, 48),
(2203, 999, 0, 0, 0, 0, 0, 48),
(2204, 1002, 0, 0, 0, 0, 0, 47),
(2205, 997, 0, 0, 0, 0, 0, 47),
(2206, 998, 0, 0, 0, 0, 0, 47),
(2207, 1005, 0, 0, 0, 0, 0, 47),
(2208, 1003, 0, 0, 0, 0, 0, 47),
(2209, 1004, 0, 0, 0, 0, 0, 47),
(2210, 999, 0, 0, 0, 0, 0, 47),
(2211, 1002, 0, 0, 0, 0, 0, 46),
(2212, 997, 0, 0, 0, 0, 0, 46),
(2213, 998, 0, 0, 0, 0, 0, 46),
(2214, 1005, 0, 0, 0, 0, 0, 46),
(2215, 1003, 0, 0, 0, 0, 0, 46),
(2216, 1004, 0, 0, 0, 0, 0, 46),
(2217, 999, 0, 0, 0, 0, 0, 46),
(2218, 1002, 0, 0, 0, 0, 0, 45),
(2219, 997, 0, 0, 0, 0, 0, 45),
(2220, 998, 0, 0, 0, 0, 0, 45),
(2221, 1005, 0, 0, 0, 0, 0, 45),
(2222, 1003, 0, 0, 0, 0, 0, 45),
(2223, 1004, 0, 0, 0, 0, 0, 45),
(2224, 999, 0, 0, 0, 0, 0, 45),
(2225, 1002, 0, 0, 0, 0, 0, 44),
(2226, 997, 0, 0, 0, 0, 0, 44),
(2227, 998, 0, 0, 0, 0, 0, 44),
(2228, 1005, 0, 0, 0, 0, 0, 44),
(2229, 1003, 0, 0, 0, 0, 0, 44),
(2230, 1004, 0, 0, 0, 0, 0, 44),
(2231, 999, 0, 0, 0, 0, 0, 44);

-- --------------------------------------------------------

--
-- Table structure for table `role`
--

CREATE TABLE `role` (
  `id` int(1) NOT NULL,
  `name` varchar(50) CHARACTER SET utf8 NOT NULL,
  `machine_name` varchar(20) CHARACTER SET utf8 DEFAULT NULL
) ENGINE=InnoDB DEFAULT CHARSET=utf8 COLLATE=utf8_unicode_ci;

--
-- Dumping data for table `role`
--

INSERT INTO `role` (`id`, `name`, `machine_name`) VALUES
(1, 'Chef', 'leader'),
(2, 'Chef Adjoint', 'coLeader'),
(3, 'Ainé', 'elder'),
(4, 'Membre', 'member');

-- --------------------------------------------------------

--
-- Table structure for table `standings`
--

CREATE TABLE `standings` (
  `id` int(5) NOT NULL,
  `tag` varchar(10) NOT NULL,
  `name` varchar(35) NOT NULL,
  `participants` int(2) NOT NULL,
  `battles_played` int(2) NOT NULL,
  `battles_won` int(2) NOT NULL,
  `crowns` int(4) NOT NULL,
  `war_trophies` int(5) NOT NULL,
  `war_id` int(5) NOT NULL
) ENGINE=InnoDB DEFAULT CHARSET=latin1;

--
-- Dumping data for table `standings`
--

INSERT INTO `standings` (`id`, `tag`, `name`, `participants`, `battles_played`, `battles_won`, `crowns`, `war_trophies`, `war_id`) VALUES
(1, 'LGCP', 'Aussie Avengers', 36, 35, 18, 37, 1300, 13),
(2, '9RGPL8PC', 'Iron', 37, 28, 18, 37, 894, 13),
(3, '8UQ0ULU', 'Night Wolves', 36, 32, 18, 25, 1399, 13),
(4, 'R8Q8GL', 'CROATIA', 35, 33, 11, 31, 1210, 13),
(5, '8VPG2YQ8', 'Nom Arabe ou chinois', 34, 33, 8, 23, 934, 13),
(6, '9RGPL8PC', 'Iron', 36, 33, 11, 29, 987, 22),
(7, 'P80C2C9', 'royale lol', 33, 33, 22, 44, 1095, 22),
(8, '2LLLUPVJ', 'os lend?rios', 32, 29, 16, 25, 1184, 22),
(9, '8Y80Y0RL', 'Macei? Elit', 32, 34, 16, 31, 1263, 22),
(10, '2JUPGVVR', '?Kings Activos!', 33, 27, 13, 20, 1387, 22),
(11, '2GCCQ2GC', 'Nom Arabe ou chinois', 35, 36, 21, 41, 1158, 23),
(12, '2P98J0CJ', 'Imperio Peruano', 36, 33, 21, 38, 1038, 23),
(13, '2GP8LJ0C', 'Deathly Hallows', 35, 38, 18, 30, 1022, 23),
(14, '9RGPL8PC', 'Iron', 38, 37, 16, 32, 938, 23),
(15, '9YYR088', 'Abbey\'s Army', 34, 28, 5, 14, 1240, 23),
(16, '9RGPL8PC', 'Iron', 42, 42, 22, 43, 925, 24),
(17, 'PLU99U0', 'BRASIL ELITE', 36, 36, 23, 44, 1187, 24),
(18, '908P2J8U', 'TEAM CLASH MT', 38, 39, 17, 40, 1156, 24),
(19, '2L2CGY0Q', '???????????', 37, 40, 22, 37, 1385, 24),
(20, 'YCGCY0Q', 'Sesto Fut Team', 39, 40, 23, 41, 1475, 24),
(21, '8PC89RLG', 'Nom Arabe ou chinois', 40, 37, 25, 46, 1360, 25),
(22, 'P0C2CUQ2', 'nova eSport2.0', 36, 30, 21, 38, 975, 25),
(23, '9RGPL8PC', 'Iron', 36, 38, 21, 41, 932, 25),
(24, '2VUYUJLR', 'Nom Arabe ou chinois', 36, 37, 18, 29, 1493, 25),
(25, 'YPLL200', 'Nom Arabe ou chinois', 40, 37, 21, 34, 1098, 25),
(26, '28J2PUP', 'KSA', 42, 37, 19, 37, 1439, 26),
(27, '9RGPL8PC', 'Iron', 38, 41, 23, 46, 1003, 26),
(28, '9J8YY28', 'The Colt Myth', 36, 38, 22, 38, 1263, 26),
(29, 'QL02RJ9', 'herdez vicio MX', 39, 38, 15, 29, 1409, 26),
(30, '9Y0G2VPC', 'the red master', 35, 35, 9, 21, 1208, 26),
(31, '229R9LQ2', 'TOP BR', 36, 37, 15, 33, 1337, 27),
(32, '9RGPL8PC', 'Iron', 37, 38, 18, 38, 1076, 27),
(33, 'YYQ98Q', '?? ??', 41, 35, 14, 30, 1328, 27),
(34, '2L9U0J8L', 'Nom Arabe ou chinois', 37, 39, 14, 31, 1266, 27),
(35, '2RR0G8YY', 'Legends Royale', 39, 38, 9, 27, 1208, 27),
(36, '9RGPL8PC', 'Iron', 36, 38, 22, 37, 1194, 28),
(37, '9PR0R90P', 'Genei Ryodan', 37, 37, 18, 46, 1453, 28),
(38, '2G92VQ', 'Tesla Supremacy', 38, 35, 20, 35, 1296, 28),
(39, 'PP2GCLQ', 'Nom Arabe ou chinois', 36, 35, 22, 34, 1041, 28),
(40, '8VC0UYV', 'Korea', 35, 31, 12, 28, 1331, 28),
(41, 'GQL2RL', 'Type1', 41, 37, 19, 36, 1019, 29),
(42, '92U98JCR', 'ROOT GAMING', 41, 35, 17, 30, 1359, 29),
(43, '8CRULYCY', 'bachelor', 33, 38, 23, 40, 1211, 29),
(44, '9299CL8J', 'Nom Arabe ou chinois', 31, 35, 14, 31, 1257, 29),
(45, '9RGPL8PC', 'Iron', 34, 39, 14, 29, 1316, 29),
(46, 'C22PCY', 'Nom Arabe ou chinois', 40, 38, 24, 45, 1185, 30),
(47, '9RGPL8PC', 'Iron', 38, 40, 20, 34, 1250, 30),
(48, 'GQL2RL', 'Type1', 41, 39, 11, 29, 1089, 30),
(49, '9LG8LJ0P', 'NOVA I ELITE', 38, 37, 11, 24, 1255, 30),
(50, '8CG9R9LP', 'Power clash', 39, 31, 12, 27, 963, 30),
(51, '8YGPUCCY', 'Royale Team', 35, 33, 18, 30, 1354, 31),
(52, '99RGPVVQ', 'INVENC?VEIS', 35, 35, 18, 36, 1471, 31),
(53, 'RRUY8J', 'Red Raiders', 36, 32, 21, 41, 1287, 31),
(54, '8CG9R9LP', 'Power clash', 35, 26, 13, 27, 960, 31),
(55, '9RGPL8PC', 'Iron', 36, 35, 19, 41, 1320, 31),
(56, '9UY0QP9L', 'UNIVERSO 7', 32, 33, 22, 46, 1460, 32),
(57, '99GU80JY', 'Exiliados clan', 33, 33, 12, 19, 968, 32),
(58, '9RGPL8PC', 'Iron', 35, 35, 12, 22, 1389, 32),
(59, '9RGUC9QL', 'MEXICAN EMPIRE', 36, 32, 20, 36, 1391, 32),
(60, 'U00YUV', 'America', 36, 31, 17, 30, 1220, 32),
(61, '2CLQQYPP', 'Fam?lia BR', 35, 36, 21, 39, 1000, 33),
(62, '9YRVR2LG', '??', 37, 35, 17, 38, 951, 33),
(63, '2998CG0J', 'ARGENTOS', 38, 37, 19, 40, 1344, 33),
(64, '8VGUV9QV', 'the ultimate', 38, 37, 19, 31, 1314, 33),
(65, '9RGPL8PC', 'Iron', 39, 37, 15, 34, 1361, 33),
(66, '8P8VJVLL', 'MTwins', 34, 34, 14, 37, 1202, 34),
(67, '8VGUV9QV', 'the ultimate', 36, 34, 13, 22, 1313, 34),
(68, '9RGPL8PC', 'Iron', 37, 35, 13, 30, 1296, 34),
(69, '2JPLPRR9', 'ItasPro', 35, 30, 14, 24, 1201, 34),
(70, '9C80VPVR', 'Per? legends', 37, 33, 14, 26, 1249, 34),
(71, '8P8VJVLL', 'MTwins', 37, 38, 17, 30, 1316, 35),
(72, '9YJYCYV', 'NIBIRU', 36, 35, 16, 29, 1025, 35),
(73, 'YY8GQPL', 'Brasil', 36, 36, 19, 38, 1017, 35),
(74, '9RGPL8PC', 'Iron', 38, 38, 19, 34, 1269, 35),
(75, 'P0LCYQY2', 'UNIVERSO 7 GT', 40, 36, 12, 25, 1372, 35),
(76, '8J22088V', '50Muggles', 31, 36, 27, 48, 1486, 36),
(77, '8880VC09', '#WarriOrs Of RD', 33, 35, 13, 31, 1180, 36),
(78, '9RGPL8PC', 'Iron', 39, 37, 18, 38, 1338, 36),
(79, '8R8QYLLV', 'TRIPOLI HEREOS', 31, 38, 25, 51, 1183, 36),
(80, '2VUJRGVL', 'DUNKSBERRO', 35, 37, 25, 50, 1322, 36),
(81, '2CRU9Y8V', 'Chile', 41, 40, 22, 46, 1319, 37),
(82, '8G9JC8LV', 'Shadow People', 42, 42, 19, 30, 1467, 37),
(83, 'P88JCCY', 'united nation', 43, 39, 15, 29, 1253, 37),
(84, '2YQ0Y0J9', '#Legendarys', 39, 40, 22, 49, 1081, 37),
(85, '9RGPL8PC', 'Iron', 40, 41, 13, 25, 1316, 37),
(86, '9RGPL8PC', 'Iron', 35, 37, 21, 38, 1249, 38),
(87, '2RR2V00Y', 'mar del plata97', 38, 36, 17, 28, 1381, 38),
(88, 'VQV289', 'BrozHood', 34, 34, 17, 40, 987, 38),
(89, '2CRU9Y8V', 'Chile', 40, 38, 16, 32, 1442, 38),
(90, 'YUG8UY', 'Autodidactas', 36, 33, 18, 36, 1482, 38),
(91, '9UQ0C8', 'The Division', 37, 36, 18, 40, 1391, 39),
(92, '99C098GG', 'Adults Only', 34, 35, 18, 33, 953, 39),
(93, '9YJ2PPJ2', 'Alto Valle', 31, 32, 17, 36, 621, 39),
(94, '9RGPL8PC', 'Iron', 33, 36, 18, 33, 1370, 39),
(95, '8VUQUVLQ', 'Brothers Royale', 33, 33, 22, 34, 886, 39),
(96, '92LV08UP', 'I SAUTAFOSSI', 37, 41, 20, 33, 1164, 40),
(97, '9QQLGGQJ', 'NEO EVOLUTION', 44, 41, 31, 57, 1273, 40),
(98, '80LJRL92', '< ? TW8 ? >', 41, 41, 22, 47, 1471, 40),
(99, '9RGPL8PC', 'Iron', 37, 42, 22, 45, 1358, 40),
(100, '9VJCP8C0', 'Monterrey', 41, 39, 17, 41, 1253, 40),
(101, '990VGLUP', 'NoMercy', 42, 39, 27, 52, 1371, 41),
(102, '9CVU9RUQ', 'Los Yayos', 38, 39, 24, 37, 950, 41),
(103, '9YG0JJJV', 'clash brother\'s', 36, 33, 17, 27, 1396, 41),
(104, '9RGPL8PC', 'Iron', 35, 41, 20, 42, 1360, 41),
(105, 'ULQ8U0', '100bra Yuca', 35, 37, 19, 32, 1430, 41),
(106, '8Y0R0GPG', 'Happy Valley', 35, 36, 23, 47, 1432, 42),
(107, '9RGPL8PC', 'Iron', 37, 38, 15, 32, 1360, 42),
(108, '28VYJLJQ', 'Gram bo lubie', 35, 34, 14, 33, 1305, 42),
(109, '8VJP99R0', 'PRO ROYALE', 39, 35, 23, 37, 1440, 42),
(110, 'P0UG89GL', 'Nom Arabe ou chinois', 40, 37, 26, 50, 1104, 42),
(111, '9RGPL8PC', 'Iron', 35, 35, 26, 48, 1335, 43),
(112, '2UG8JU0', 'The Tufty Club', 35, 31, 13, 28, 1497, 43),
(113, '8G289Y9C', 'iran war', 35, 35, 13, 32, 1231, 43),
(114, 'P0UG89GL', 'Nom Arabe ou chinois', 35, 34, 19, 40, 1230, 43),
(115, '2PV99QRQ', 'Apocalyptic', 36, 31, 15, 27, 1276, 43),
(116, '9RGPL8PC', 'Iron', 39, 40, 26, 47, 1461, 44),
(117, '8R9LCCJ8', 'OS MATADORES ??', 37, 38, 24, 51, 1461, 44),
(118, '8QQLP00L', 'Argentina', 42, 41, 21, 37, 1468, 44),
(119, '89U28Q28', 'ESPA?A ROYAL', 42, 37, 18, 32, 1416, 44),
(120, '9YVUJ00P', 'Xx Turkey xX', 35, 35, 15, 34, 1254, 44),
(121, '9RGPL8PC', 'Iron', 31, 33, 19, 32, 1587, 45),
(122, 'JG090GV', 'Good Mourning', 33, 30, 20, 34, 2964, 45),
(123, '2J0PQY0Q', 'PolishWarriors', 31, 29, 16, 34, 1539, 45),
(124, 'VJL0V0', 'Boise Pride', 32, 31, 14, 35, 2010, 45),
(125, 'U888UCJ', '# PORTUGAL #', 32, 30, 13, 22, 2009, 45),
(126, '9RGPL8PC', 'Iron', 38, 37, 14, 33, 1656, 46),
(127, '992YVRRJ', 'Team Guate', 34, 32, 15, 33, 1530, 46),
(128, '20UYRRQ', 'Academy Elite', 35, 38, 21, 38, 2553, 46),
(129, '28RQQGJ8', 'Pak Army', 37, 31, 16, 26, 1665, 46),
(130, '8QC99Y8', 'LifeSchool', 38, 37, 12, 22, 2772, 46),
(131, '9RGPL8PC', 'Iron', 37, 39, 18, 37, 1620, 47),
(132, '2G2QL2Y', 'Nom Arabe ou chinois', 36, 38, 20, 40, 2074, 47),
(133, '2CY0JPP', 'TRAP LORDS', 39, 36, 23, 43, 1875, 47),
(134, '8VV9G8P', 'greek team', 36, 35, 27, 41, 1928, 47),
(135, 'YLGQQVL', 'Public Axes', 37, 35, 19, 37, 1715, 47),
(136, '2R9VRGQG', 'Nom Arabe ou chinois', 31, 28, 11, 26, 1544, 48),
(137, '2L9G9YL', 'Christians', 30, 31, 14, 28, 2148, 48),
(138, '9RGPL8PC', 'Iron', 32, 31, 15, 28, 1538, 48),
(139, '208PGPV9', 'Arab Champions?', 31, 31, 9, 22, 2158, 48),
(140, '8P90JJRU', 'Doigts cass?s 2', 30, 31, 13, 29, 1528, 48),
(141, '9PG2PPJL', 'Electro Stars', 35, 33, 18, 26, 2149, 49),
(142, 'LULRU0C', 'DELTA', 33, 34, 12, 20, 2583, 49),
(143, 'G0GRGY', 'australia 18+', 36, 33, 18, 38, 1552, 49),
(144, '9RGPL8PC', 'Iron', 35, 35, 15, 34, 1653, 49),
(145, '890U2R0U', '#TUR', 35, 33, 13, 31, 2181, 49),
(146, 'UV2V2L', '3Millones', 39, 38, 21, 38, 1992, 50),
(147, 'G8LL28', 'ITA BRO ADULTS', 34, 37, 21, 39, 1925, 50),
(148, '9RGPL8PC', 'Iron', 36, 37, 20, 35, 1643, 50),
(149, '2V8V2CUJ', 'TeamGuate', 38, 38, 25, 39, 2460, 50),
(150, '2928VVCL', 'Born to clash', 34, 37, 21, 37, 1639, 50),
(151, '9Y82CQP0', 'Ice tehran', 35, 33, 18, 38, 1553, 51),
(152, '9RGPL8PC', 'Iron', 36, 37, 21, 39, 1563, 51),
(153, 'P8QUU8CR', 'Fist Blister', 37, 36, 15, 38, 1558, 51),
(154, 'UPJ2VLV', 'Elite eSports ?', 37, 35, 18, 26, 2764, 51),
(155, 'L2GUUR0', 'Leroy\'s Clan', 36, 34, 21, 35, 1853, 51),
(156, '9RGPL8PC', 'Iron', 39, 41, 24, 42, 1684, 52),
(157, '8J0JCCUP', 'BAJO ARAGON', 37, 39, 26, 51, 1938, 52),
(158, '9PCJ0JV8', 'Mercier beach', 41, 40, 24, 62, 1900, 52),
(159, '2GJRPYCV', 'Mexican\'s Power', 39, 40, 27, 37, 2697, 52),
(160, '92Q092QQ', 'TheErnieC3Clan?', 36, 39, 18, 26, 2523, 52),
(161, '9RGPL8PC', 'Iron', 36, 23, 9, 19, 1658, 53),
(162, '22R00Q9', 'CWB Sabarah', 36, 24, 12, 23, 1589, 53),
(163, '8Q0PC8U', 'Chile', 36, 25, 13, 28, 1571, 53),
(164, '2UVRQL0L', 'Insurrecci?n?', 36, 22, 10, 17, 2551, 53),
(165, 'RQC9JY', 'L omin briaco', 35, 25, 13, 19, 2365, 53),
(167, '89LCL00L', 'Mexico Super', 41, 27, 13, 21, 1663, 54),
(169, '8GPRUUG', 'Arabe/Chinois', 38, 35, 21, 39, 2492, 54),
(171, '9YYPJVJG', 'Q8Team EG 2', 43, 32, 22, 33, 2613, 54),
(173, '9RGPL8PC', 'Iron', 39, 26, 11, 28, 1624, 54),
(175, '8RJYVQ8U', 'BRAZUCAS TEAM', 40, 28, 16, 27, 1831, 54);

-- --------------------------------------------------------

--
-- Table structure for table `tokens`
--

CREATE TABLE `tokens` (
  `id` int(11) NOT NULL,
  `rarity` varchar(35) NOT NULL,
  `quantity` int(5) NOT NULL
) ENGINE=InnoDB DEFAULT CHARSET=latin1;

--
-- Dumping data for table `tokens`
--

INSERT INTO `tokens` (`id`, `rarity`, `quantity`) VALUES
(1, 'Common', 250),
(2, 'Rare', 50),
(3, 'Epic', 10),
(4, 'Legendary', 1);

-- --------------------------------------------------------

--
-- Table structure for table `war`
--

CREATE TABLE `war` (
  `id` int(4) NOT NULL,
  `created` int(15) NOT NULL,
  `past_war` tinyint(1) NOT NULL COMMENT 'boolean, vrai si c''est une ancienne guerre',
  `season` int(5) NOT NULL COMMENT 'numéro de saison'
) ENGINE=InnoDB DEFAULT CHARSET=latin1;

--
-- Dumping data for table `war`
--

INSERT INTO `war` (`id`, `created`, `past_war`, `season`) VALUES
(12, 1530223645, 1, 0),
(13, 1530396482, 1, 0),
(22, 1530569765, 1, 0),
(23, 1530743005, 1, 0),
(24, 1530916877, 1, 0),
(25, 1531090228, 1, 6),
(26, 1531263126, 1, 6),
(27, 1531435947, 1, 7),
(28, 1531609438, 1, 7),
(29, 1531782263, 1, 7),
(30, 1531955107, 1, 7),
(31, 1532127930, 1, 7),
(32, 1532300751, 1, 7),
(33, 1532473646, 1, 7),
(34, 1532646488, 1, 8),
(35, 1532819376, 1, 8),
(36, 1532992504, 1, 8),
(37, 1533165515, 1, 8),
(38, 1533338354, 1, 8),
(39, 1533511254, 1, 8),
(40, 1533765593, 1, 9),
(41, 1533938507, 1, 9),
(42, 1534111425, 1, 9),
(43, 1534284473, 1, 9),
(44, 1534539899, 1, 9),
(45, 1534712732, 1, 9),
(46, 1534885614, 1, 9),
(47, 1535058434, 1, 10),
(48, 1535231358, 1, 10),
(49, 1535404222, 1, 10),
(50, 1535662790, 1, 10),
(51, 1535836010, 1, 10),
(52, 1536008939, 1, 10),
(53, 1536181764, 1, 11),
(54, 0, 0, 0);

-- --------------------------------------------------------

--
-- Table structure for table `war_decks`
--

CREATE TABLE `war_decks` (
  `id` int(11) NOT NULL,
  `deck_id` int(11) NOT NULL,
  `war_id` int(11) NOT NULL
) ENGINE=InnoDB DEFAULT CHARSET=latin1 COMMENT='Table de jointure - quel deck est dans quelle guerre';

--
-- Dumping data for table `war_decks`
--

INSERT INTO `war_decks` (`id`, `deck_id`, `war_id`) VALUES
(1, 1, 54),
(2, 3, 54),
(3, 4, 54),
(4, 5, 54),
(5, 6, 54),
(6, 7, 54),
(7, 8, 54),
(8, 9, 54),
(9, 10, 54),
(10, 11, 54),
(11, 12, 54),
(12, 13, 54),
(13, 14, 54),
(14, 15, 54),
(15, 16, 54),
(16, 17, 54),
(17, 18, 54),
(18, 19, 54),
(19, 20, 54),
(20, 21, 54),
(21, 22, 54),
(22, 23, 54),
(23, 24, 54),
(24, 25, 54),
(25, 26, 54);

--
-- Indexes for dumped tables
--

--
-- Indexes for table `account`
--
ALTER TABLE `account`
  ADD PRIMARY KEY (`id`),
  ADD KEY `player_id` (`player_id`);

--
-- Indexes for table `arena`
--
ALTER TABLE `arena`
  ADD PRIMARY KEY (`id`),
  ADD KEY `arena_id` (`arena_id`);

--
-- Indexes for table `cards`
--
ALTER TABLE `cards`
  ADD PRIMARY KEY (`id`),
  ADD KEY `arena` (`arena`),
  ADD KEY `cr_id` (`cr_id`),
  ADD KEY `card_key` (`card_key`);

--
-- Indexes for table `card_deck`
--
ALTER TABLE `card_deck`
  ADD PRIMARY KEY (`id`),
  ADD KEY `card_id` (`card_id`),
  ADD KEY `deck_id` (`deck_id`);

--
-- Indexes for table `card_level`
--
ALTER TABLE `card_level`
  ADD PRIMARY KEY (`id`);

--
-- Indexes for table `decks`
--
ALTER TABLE `decks`
  ADD PRIMARY KEY (`id`);

--
-- Indexes for table `deck_results`
--
ALTER TABLE `deck_results`
  ADD PRIMARY KEY (`id`),
  ADD KEY `deck_id` (`deck_id`);

--
-- Indexes for table `last_updated`
--
ALTER TABLE `last_updated`
  ADD PRIMARY KEY (`id`);

--
-- Indexes for table `players`
--
ALTER TABLE `players`
  ADD PRIMARY KEY (`id`),
  ADD UNIQUE KEY `tag` (`tag`),
  ADD KEY `fk_role_id` (`role_id`);

--
-- Indexes for table `player_deck`
--
ALTER TABLE `player_deck`
  ADD PRIMARY KEY (`id`),
  ADD KEY `deck_id` (`deck_id`),
  ADD KEY `player_id` (`player_id`);

--
-- Indexes for table `player_pause`
--
ALTER TABLE `player_pause`
  ADD PRIMARY KEY (`id`),
  ADD KEY `account_id` (`account_id`);

--
-- Indexes for table `player_trophies`
--
ALTER TABLE `player_trophies`
  ADD PRIMARY KEY (`id`),
  ADD KEY `player_id` (`player_id`);

--
-- Indexes for table `player_war`
--
ALTER TABLE `player_war`
  ADD PRIMARY KEY (`id`),
  ADD KEY `player_id` (`player_id`),
  ADD KEY `war_id` (`war_id`),
  ADD KEY `battle_played` (`battle_played`),
  ADD KEY `collection_played` (`collection_played`);

--
-- Indexes for table `role`
--
ALTER TABLE `role`
  ADD PRIMARY KEY (`id`);

--
-- Indexes for table `standings`
--
ALTER TABLE `standings`
  ADD PRIMARY KEY (`id`),
  ADD KEY `war_id` (`war_id`);

--
-- Indexes for table `tokens`
--
ALTER TABLE `tokens`
  ADD PRIMARY KEY (`id`);

--
-- Indexes for table `war`
--
ALTER TABLE `war`
  ADD PRIMARY KEY (`id`);

--
-- Indexes for table `war_decks`
--
ALTER TABLE `war_decks`
  ADD PRIMARY KEY (`id`),
  ADD KEY `deck_id` (`deck_id`),
  ADD KEY `war_id` (`war_id`);

--
-- AUTO_INCREMENT for dumped tables
--

--
-- AUTO_INCREMENT for table `account`
--
ALTER TABLE `account`
  MODIFY `id` int(11) NOT NULL AUTO_INCREMENT, AUTO_INCREMENT=17;
--
-- AUTO_INCREMENT for table `arena`
--
ALTER TABLE `arena`
  MODIFY `id` int(2) NOT NULL AUTO_INCREMENT, AUTO_INCREMENT=23;
--
-- AUTO_INCREMENT for table `cards`
--
ALTER TABLE `cards`
  MODIFY `id` int(6) NOT NULL AUTO_INCREMENT, AUTO_INCREMENT=89;
--
-- AUTO_INCREMENT for table `card_deck`
--
ALTER TABLE `card_deck`
  MODIFY `id` int(11) NOT NULL AUTO_INCREMENT, AUTO_INCREMENT=545;
--
-- AUTO_INCREMENT for table `card_level`
--
ALTER TABLE `card_level`
  MODIFY `id` int(11) NOT NULL AUTO_INCREMENT, AUTO_INCREMENT=5860;
--
-- AUTO_INCREMENT for table `decks`
--
ALTER TABLE `decks`
  MODIFY `id` int(6) NOT NULL AUTO_INCREMENT, AUTO_INCREMENT=69;
--
-- AUTO_INCREMENT for table `deck_results`
--
ALTER TABLE `deck_results`
  MODIFY `id` int(8) NOT NULL AUTO_INCREMENT, AUTO_INCREMENT=30;
--
-- AUTO_INCREMENT for table `last_updated`
--
ALTER TABLE `last_updated`
  MODIFY `id` int(3) NOT NULL AUTO_INCREMENT, AUTO_INCREMENT=78;
--
-- AUTO_INCREMENT for table `players`
--
ALTER TABLE `players`
  MODIFY `id` int(4) NOT NULL AUTO_INCREMENT, AUTO_INCREMENT=1006;
--
-- AUTO_INCREMENT for table `player_deck`
--
ALTER TABLE `player_deck`
  MODIFY `id` int(11) NOT NULL AUTO_INCREMENT, AUTO_INCREMENT=45;
--
-- AUTO_INCREMENT for table `player_pause`
--
ALTER TABLE `player_pause`
  MODIFY `id` int(11) NOT NULL AUTO_INCREMENT, AUTO_INCREMENT=45;
--
-- AUTO_INCREMENT for table `player_trophies`
--
ALTER TABLE `player_trophies`
  MODIFY `id` int(11) NOT NULL AUTO_INCREMENT;
--
-- AUTO_INCREMENT for table `player_war`
--
ALTER TABLE `player_war`
  MODIFY `id` int(10) NOT NULL AUTO_INCREMENT, AUTO_INCREMENT=2232;
--
-- AUTO_INCREMENT for table `role`
--
ALTER TABLE `role`
  MODIFY `id` int(1) NOT NULL AUTO_INCREMENT, AUTO_INCREMENT=5;
--
-- AUTO_INCREMENT for table `standings`
--
ALTER TABLE `standings`
  MODIFY `id` int(5) NOT NULL AUTO_INCREMENT, AUTO_INCREMENT=176;
--
-- AUTO_INCREMENT for table `tokens`
--
ALTER TABLE `tokens`
  MODIFY `id` int(11) NOT NULL AUTO_INCREMENT, AUTO_INCREMENT=5;
--
-- AUTO_INCREMENT for table `war`
--
ALTER TABLE `war`
  MODIFY `id` int(4) NOT NULL AUTO_INCREMENT, AUTO_INCREMENT=56;
--
-- AUTO_INCREMENT for table `war_decks`
--
ALTER TABLE `war_decks`
  MODIFY `id` int(11) NOT NULL AUTO_INCREMENT, AUTO_INCREMENT=26;
--
-- Constraints for dumped tables
--

--
-- Constraints for table `account`
--
ALTER TABLE `account`
  ADD CONSTRAINT `account_ibfk_1` FOREIGN KEY (`player_id`) REFERENCES `players` (`id`);

--
-- Constraints for table `cards`
--
ALTER TABLE `cards`
  ADD CONSTRAINT `cards_ibfk_1` FOREIGN KEY (`arena`) REFERENCES `arena` (`arena_id`);

--
-- Constraints for table `card_deck`
--
ALTER TABLE `card_deck`
  ADD CONSTRAINT `card_deck_ibfk_1` FOREIGN KEY (`card_id`) REFERENCES `cards` (`id`),
  ADD CONSTRAINT `card_deck_ibfk_2` FOREIGN KEY (`deck_id`) REFERENCES `decks` (`id`);

--
-- Constraints for table `deck_results`
--
ALTER TABLE `deck_results`
  ADD CONSTRAINT `deck_results_ibfk_1` FOREIGN KEY (`deck_id`) REFERENCES `decks` (`id`);

--
-- Constraints for table `players`
--
ALTER TABLE `players`
  ADD CONSTRAINT `fk_role_id` FOREIGN KEY (`role_id`) REFERENCES `role` (`id`);

--
-- Constraints for table `player_deck`
--
ALTER TABLE `player_deck`
  ADD CONSTRAINT `player_deck_ibfk_1` FOREIGN KEY (`deck_id`) REFERENCES `decks` (`id`),
  ADD CONSTRAINT `player_deck_ibfk_2` FOREIGN KEY (`player_id`) REFERENCES `players` (`id`);

--
-- Constraints for table `player_pause`
--
ALTER TABLE `player_pause`
  ADD CONSTRAINT `player_pause_ibfk_1` FOREIGN KEY (`account_id`) REFERENCES `account` (`id`);

--
-- Constraints for table `player_trophies`
--
ALTER TABLE `player_trophies`
  ADD CONSTRAINT `player_trophies_ibfk_1` FOREIGN KEY (`player_id`) REFERENCES `players` (`id`);

--
-- Constraints for table `player_war`
--
ALTER TABLE `player_war`
  ADD CONSTRAINT `player_war_ibfk_1` FOREIGN KEY (`player_id`) REFERENCES `players` (`id`),
  ADD CONSTRAINT `player_war_ibfk_2` FOREIGN KEY (`war_id`) REFERENCES `war` (`id`);

--
-- Constraints for table `standings`
--
ALTER TABLE `standings`
  ADD CONSTRAINT `standings_ibfk_1` FOREIGN KEY (`war_id`) REFERENCES `war` (`id`);

--
-- Constraints for table `war_decks`
--
ALTER TABLE `war_decks`
  ADD CONSTRAINT `war_decks_ibfk_1` FOREIGN KEY (`deck_id`) REFERENCES `decks` (`id`),
  ADD CONSTRAINT `war_decks_ibfk_2` FOREIGN KEY (`war_id`) REFERENCES `war` (`id`);
COMMIT;

/*!40101 SET CHARACTER_SET_CLIENT=@OLD_CHARACTER_SET_CLIENT */;
/*!40101 SET CHARACTER_SET_RESULTS=@OLD_CHARACTER_SET_RESULTS */;
/*!40101 SET COLLATION_CONNECTION=@OLD_COLLATION_CONNECTION */;
